DATAFLOW,LAST UPDATE,freq,na_item,unit,geo,TIME_PERIOD,OBS_VALUE,OBS_FLAG
ESTAT:TEC00001(1.0),5/3/2024 11:00,A,B1GQ,CP_EUR_HAB,AL,2012,3300,
ESTAT:TEC00001(1.0),5/3/2024 11:00,A,B1GQ,CP_EUR_HAB,AL,2013,3320,
ESTAT:TEC00001(1.0),5/3/2024 11:00,A,B1GQ,CP_EUR_HAB,AL,2014,3450,
ESTAT:TEC00001(1.0),5/3/2024 11:00,A,B1GQ,CP_EUR_HAB,AL,2015,3560,
ESTAT:TEC00001(1.0),5/3/2024 11:00,A,B1GQ,CP_EUR_HAB,AL,2016,3730,
ESTAT:TEC00001(1.0),5/3/2024 11:00,A,B1GQ,CP_EUR_HAB,AL,2017,4020,
ESTAT:TEC00001(1.0),5/3/2024 11:00,A,B1GQ,CP_EUR_HAB,AL,2018,4480,
ESTAT:TEC00001(1.0),5/3/2024 11:00,A,B1GQ,CP_EUR_HAB,AL,2019,4820,
ESTAT:TEC00001(1.0),5/3/2024 11:00,A,B1GQ,CP_EUR_HAB,AL,2020,4690,
ESTAT:TEC00001(1.0),5/3/2024 11:00,A,B1GQ,CP_EUR_HAB,AL,2021,5390,p
ESTAT:TEC00001(1.0),5/3/2024 11:00,A,B1GQ,CP_EUR_HAB,AT,2012,37820,
ESTAT:TEC00001(1.0),5/3/2024 11:00,A,B1GQ,CP_EUR_HAB,AT,2013,38210,
ESTAT:TEC00001(1.0),5/3/2024 11:00,A,B1GQ,CP_EUR_HAB,AT,2014,38990,
ESTAT:TEC00001(1.0),5/3/2024 11:00,A,B1GQ,CP_EUR_HAB,AT,2015,39890,
ESTAT:TEC00001(1.0),5/3/2024 11:00,A,B1GQ,CP_EUR_HAB,AT,2016,40920,
ESTAT:TEC00001(1.0),5/3/2024 11:00,A,B1GQ,CP_EUR_HAB,AT,2017,42000,
ESTAT:TEC00001(1.0),5/3/2024 11:00,A,B1GQ,CP_EUR_HAB,AT,2018,43590,
ESTAT:TEC00001(1.0),5/3/2024 11:00,A,B1GQ,CP_EUR_HAB,AT,2019,44740,
ESTAT:TEC00001(1.0),5/3/2024 11:00,A,B1GQ,CP_EUR_HAB,AT,2020,42720,
ESTAT:TEC00001(1.0),5/3/2024 11:00,A,B1GQ,CP_EUR_HAB,AT,2021,45270,
ESTAT:TEC00001(1.0),5/3/2024 11:00,A,B1GQ,CP_EUR_HAB,AT,2022,49400,
ESTAT:TEC00001(1.0),5/3/2024 11:00,A,B1GQ,CP_EUR_HAB,AT,2023,52250,
ESTAT:TEC00001(1.0),5/3/2024 11:00,A,B1GQ,CP_EUR_HAB,BE,2012,34770,
ESTAT:TEC00001(1.0),5/3/2024 11:00,A,B1GQ,CP_EUR_HAB,BE,2013,35210,
ESTAT:TEC00001(1.0),5/3/2024 11:00,A,B1GQ,CP_EUR_HAB,BE,2014,35950,
ESTAT:TEC00001(1.0),5/3/2024 11:00,A,B1GQ,CP_EUR_HAB,BE,2015,36960,
ESTAT:TEC00001(1.0),5/3/2024 11:00,A,B1GQ,CP_EUR_HAB,BE,2016,37960,
ESTAT:TEC00001(1.0),5/3/2024 11:00,A,B1GQ,CP_EUR_HAB,BE,2017,39130,
ESTAT:TEC00001(1.0),5/3/2024 11:00,A,B1GQ,CP_EUR_HAB,BE,2018,40260,
ESTAT:TEC00001(1.0),5/3/2024 11:00,A,B1GQ,CP_EUR_HAB,BE,2019,41660,
ESTAT:TEC00001(1.0),5/3/2024 11:00,A,B1GQ,CP_EUR_HAB,BE,2020,39930,
ESTAT:TEC00001(1.0),5/3/2024 11:00,A,B1GQ,CP_EUR_HAB,BE,2021,43840,
ESTAT:TEC00001(1.0),5/3/2024 11:00,A,B1GQ,CP_EUR_HAB,BE,2022,47440,p
ESTAT:TEC00001(1.0),5/3/2024 11:00,A,B1GQ,CP_EUR_HAB,BE,2023,49540,p
ESTAT:TEC00001(1.0),5/3/2024 11:00,A,B1GQ,CP_EUR_HAB,BG,2012,5780,
ESTAT:TEC00001(1.0),5/3/2024 11:00,A,B1GQ,CP_EUR_HAB,BG,2013,5790,
ESTAT:TEC00001(1.0),5/3/2024 11:00,A,B1GQ,CP_EUR_HAB,BG,2014,5960,
ESTAT:TEC00001(1.0),5/3/2024 11:00,A,B1GQ,CP_EUR_HAB,BG,2015,6380,
ESTAT:TEC00001(1.0),5/3/2024 11:00,A,B1GQ,CP_EUR_HAB,BG,2016,6840,
ESTAT:TEC00001(1.0),5/3/2024 11:00,A,B1GQ,CP_EUR_HAB,BG,2017,7420,
ESTAT:TEC00001(1.0),5/3/2024 11:00,A,B1GQ,CP_EUR_HAB,BG,2018,8000,
ESTAT:TEC00001(1.0),5/3/2024 11:00,A,B1GQ,CP_EUR_HAB,BG,2019,8820,
ESTAT:TEC00001(1.0),5/3/2024 11:00,A,B1GQ,CP_EUR_HAB,BG,2020,8880,
ESTAT:TEC00001(1.0),5/3/2024 11:00,A,B1GQ,CP_EUR_HAB,BG,2021,10330,
ESTAT:TEC00001(1.0),5/3/2024 11:00,A,B1GQ,CP_EUR_HAB,BG,2022,13270,b
ESTAT:TEC00001(1.0),5/3/2024 11:00,A,B1GQ,CP_EUR_HAB,CH,2012,66780,
ESTAT:TEC00001(1.0),5/3/2024 11:00,A,B1GQ,CP_EUR_HAB,CH,2013,65730,
ESTAT:TEC00001(1.0),5/3/2024 11:00,A,B1GQ,CP_EUR_HAB,CH,2014,66920,
ESTAT:TEC00001(1.0),5/3/2024 11:00,A,B1GQ,CP_EUR_HAB,CH,2015,75530,
ESTAT:TEC00001(1.0),5/3/2024 11:00,A,B1GQ,CP_EUR_HAB,CH,2016,74260,
ESTAT:TEC00001(1.0),5/3/2024 11:00,A,B1GQ,CP_EUR_HAB,CH,2017,72860,
ESTAT:TEC00001(1.0),5/3/2024 11:00,A,B1GQ,CP_EUR_HAB,CH,2018,72150,
ESTAT:TEC00001(1.0),5/3/2024 11:00,A,B1GQ,CP_EUR_HAB,CH,2019,75150,
ESTAT:TEC00001(1.0),5/3/2024 11:00,A,B1GQ,CP_EUR_HAB,CH,2020,75330,
ESTAT:TEC00001(1.0),5/3/2024 11:00,A,B1GQ,CP_EUR_HAB,CH,2021,78990,
ESTAT:TEC00001(1.0),5/3/2024 11:00,A,B1GQ,CP_EUR_HAB,CH,2022,88620,
ESTAT:TEC00001(1.0),5/3/2024 11:00,A,B1GQ,CP_EUR_HAB,CH,2023,91780,
ESTAT:TEC00001(1.0),5/3/2024 11:00,A,B1GQ,CP_EUR_HAB,CY,2012,22570,
ESTAT:TEC00001(1.0),5/3/2024 11:00,A,B1GQ,CP_EUR_HAB,CY,2013,20930,
ESTAT:TEC00001(1.0),5/3/2024 11:00,A,B1GQ,CP_EUR_HAB,CY,2014,20510,
ESTAT:TEC00001(1.0),5/3/2024 11:00,A,B1GQ,CP_EUR_HAB,CY,2015,21170,
ESTAT:TEC00001(1.0),5/3/2024 11:00,A,B1GQ,CP_EUR_HAB,CY,2016,22330,
ESTAT:TEC00001(1.0),5/3/2024 11:00,A,B1GQ,CP_EUR_HAB,CY,2017,23630,
ESTAT:TEC00001(1.0),5/3/2024 11:00,A,B1GQ,CP_EUR_HAB,CY,2018,24910,
ESTAT:TEC00001(1.0),5/3/2024 11:00,A,B1GQ,CP_EUR_HAB,CY,2019,26280,
ESTAT:TEC00001(1.0),5/3/2024 11:00,A,B1GQ,CP_EUR_HAB,CY,2020,24760,
ESTAT:TEC00001(1.0),5/3/2024 11:00,A,B1GQ,CP_EUR_HAB,CY,2021,27690,
ESTAT:TEC00001(1.0),5/3/2024 11:00,A,B1GQ,CP_EUR_HAB,CY,2022,30430,p
ESTAT:TEC00001(1.0),5/3/2024 11:00,A,B1GQ,CP_EUR_HAB,CY,2023,32100,p
ESTAT:TEC00001(1.0),5/3/2024 11:00,A,B1GQ,CP_EUR_HAB,CZ,2012,15470,
ESTAT:TEC00001(1.0),5/3/2024 11:00,A,B1GQ,CP_EUR_HAB,CZ,2013,15170,
ESTAT:TEC00001(1.0),5/3/2024 11:00,A,B1GQ,CP_EUR_HAB,CZ,2014,15000,
ESTAT:TEC00001(1.0),5/3/2024 11:00,A,B1GQ,CP_EUR_HAB,CZ,2015,16080,
ESTAT:TEC00001(1.0),5/3/2024 11:00,A,B1GQ,CP_EUR_HAB,CZ,2016,16790,
ESTAT:TEC00001(1.0),5/3/2024 11:00,A,B1GQ,CP_EUR_HAB,CZ,2017,18330,
ESTAT:TEC00001(1.0),5/3/2024 11:00,A,B1GQ,CP_EUR_HAB,CZ,2018,19850,
ESTAT:TEC00001(1.0),5/3/2024 11:00,A,B1GQ,CP_EUR_HAB,CZ,2019,21150,
ESTAT:TEC00001(1.0),5/3/2024 11:00,A,B1GQ,CP_EUR_HAB,CZ,2020,20170,
ESTAT:TEC00001(1.0),5/3/2024 11:00,A,B1GQ,CP_EUR_HAB,CZ,2021,22270,
ESTAT:TEC00001(1.0),5/3/2024 11:00,A,B1GQ,CP_EUR_HAB,CZ,2022,25850,
ESTAT:TEC00001(1.0),5/3/2024 11:00,A,B1GQ,CP_EUR_HAB,CZ,2023,28540,
ESTAT:TEC00001(1.0),5/3/2024 11:00,A,B1GQ,CP_EUR_HAB,DE,2012,34130,
ESTAT:TEC00001(1.0),5/3/2024 11:00,A,B1GQ,CP_EUR_HAB,DE,2013,34860,
ESTAT:TEC00001(1.0),5/3/2024 11:00,A,B1GQ,CP_EUR_HAB,DE,2014,36150,
ESTAT:TEC00001(1.0),5/3/2024 11:00,A,B1GQ,CP_EUR_HAB,DE,2015,37050,
ESTAT:TEC00001(1.0),5/3/2024 11:00,A,B1GQ,CP_EUR_HAB,DE,2016,38070,
ESTAT:TEC00001(1.0),5/3/2024 11:00,A,B1GQ,CP_EUR_HAB,DE,2017,39530,
ESTAT:TEC00001(1.0),5/3/2024 11:00,A,B1GQ,CP_EUR_HAB,DE,2018,40590,
ESTAT:TEC00001(1.0),5/3/2024 11:00,A,B1GQ,CP_EUR_HAB,DE,2019,41810,p
ESTAT:TEC00001(1.0),5/3/2024 11:00,A,B1GQ,CP_EUR_HAB,DE,2020,40930,p
ESTAT:TEC00001(1.0),5/3/2024 11:00,A,B1GQ,CP_EUR_HAB,DE,2021,43480,p
ESTAT:TEC00001(1.0),5/3/2024 11:00,A,B1GQ,CP_EUR_HAB,DE,2022,46260,p
ESTAT:TEC00001(1.0),5/3/2024 11:00,A,B1GQ,CP_EUR_HAB,DE,2023,48750,p
ESTAT:TEC00001(1.0),5/3/2024 11:00,A,B1GQ,CP_EUR_HAB,DK,2012,45530,
ESTAT:TEC00001(1.0),5/3/2024 11:00,A,B1GQ,CP_EUR_HAB,DK,2013,46100,
ESTAT:TEC00001(1.0),5/3/2024 11:00,A,B1GQ,CP_EUR_HAB,DK,2014,47090,
ESTAT:TEC00001(1.0),5/3/2024 11:00,A,B1GQ,CP_EUR_HAB,DK,2015,48050,
ESTAT:TEC00001(1.0),5/3/2024 11:00,A,B1GQ,CP_EUR_HAB,DK,2016,49420,
ESTAT:TEC00001(1.0),5/3/2024 11:00,A,B1GQ,CP_EUR_HAB,DK,2017,51140,
ESTAT:TEC00001(1.0),5/3/2024 11:00,A,B1GQ,CP_EUR_HAB,DK,2018,52180,
ESTAT:TEC00001(1.0),5/3/2024 11:00,A,B1GQ,CP_EUR_HAB,DK,2019,53210,
ESTAT:TEC00001(1.0),5/3/2024 11:00,A,B1GQ,CP_EUR_HAB,DK,2020,53410,
ESTAT:TEC00001(1.0),5/3/2024 11:00,A,B1GQ,CP_EUR_HAB,DK,2021,58590,
ESTAT:TEC00001(1.0),5/3/2024 11:00,A,B1GQ,CP_EUR_HAB,DK,2022,64450,
ESTAT:TEC00001(1.0),5/3/2024 11:00,A,B1GQ,CP_EUR_HAB,DK,2023,62990,
ESTAT:TEC00001(1.0),5/3/2024 11:00,A,B1GQ,CP_EUR_HAB,EA19,2012,29230,
ESTAT:TEC00001(1.0),5/3/2024 11:00,A,B1GQ,CP_EUR_HAB,EA19,2013,29480,
ESTAT:TEC00001(1.0),5/3/2024 11:00,A,B1GQ,CP_EUR_HAB,EA19,2014,30120,
ESTAT:TEC00001(1.0),5/3/2024 11:00,A,B1GQ,CP_EUR_HAB,EA19,2015,31080,
ESTAT:TEC00001(1.0),5/3/2024 11:00,A,B1GQ,CP_EUR_HAB,EA19,2016,31840,
ESTAT:TEC00001(1.0),5/3/2024 11:00,A,B1GQ,CP_EUR_HAB,EA19,2017,32970,
ESTAT:TEC00001(1.0),5/3/2024 11:00,A,B1GQ,CP_EUR_HAB,EA19,2018,33980,
ESTAT:TEC00001(1.0),5/3/2024 11:00,A,B1GQ,CP_EUR_HAB,EA19,2019,35010,
ESTAT:TEC00001(1.0),5/3/2024 11:00,A,B1GQ,CP_EUR_HAB,EA19,2020,33430,
ESTAT:TEC00001(1.0),5/3/2024 11:00,A,B1GQ,CP_EUR_HAB,EA19,2021,36190,
ESTAT:TEC00001(1.0),5/3/2024 11:00,A,B1GQ,CP_EUR_HAB,EA19,2022,38950,
ESTAT:TEC00001(1.0),5/3/2024 11:00,A,B1GQ,CP_EUR_HAB,EA20,2012,29000,
ESTAT:TEC00001(1.0),5/3/2024 11:00,A,B1GQ,CP_EUR_HAB,EA20,2013,29240,
ESTAT:TEC00001(1.0),5/3/2024 11:00,A,B1GQ,CP_EUR_HAB,EA20,2014,29870,
ESTAT:TEC00001(1.0),5/3/2024 11:00,A,B1GQ,CP_EUR_HAB,EA20,2015,30830,
ESTAT:TEC00001(1.0),5/3/2024 11:00,A,B1GQ,CP_EUR_HAB,EA20,2016,31590,
ESTAT:TEC00001(1.0),5/3/2024 11:00,A,B1GQ,CP_EUR_HAB,EA20,2017,32720,
ESTAT:TEC00001(1.0),5/3/2024 11:00,A,B1GQ,CP_EUR_HAB,EA20,2018,33730,
ESTAT:TEC00001(1.0),5/3/2024 11:00,A,B1GQ,CP_EUR_HAB,EA20,2019,34760,
ESTAT:TEC00001(1.0),5/3/2024 11:00,A,B1GQ,CP_EUR_HAB,EA20,2020,33190,
ESTAT:TEC00001(1.0),5/3/2024 11:00,A,B1GQ,CP_EUR_HAB,EA20,2021,35950,
ESTAT:TEC00001(1.0),5/3/2024 11:00,A,B1GQ,CP_EUR_HAB,EA20,2022,38710,
ESTAT:TEC00001(1.0),5/3/2024 11:00,A,B1GQ,CP_EUR_HAB,EE,2012,13520,
ESTAT:TEC00001(1.0),5/3/2024 11:00,A,B1GQ,CP_EUR_HAB,EE,2013,14320,
ESTAT:TEC00001(1.0),5/3/2024 11:00,A,B1GQ,CP_EUR_HAB,EE,2014,15240,
ESTAT:TEC00001(1.0),5/3/2024 11:00,A,B1GQ,CP_EUR_HAB,EE,2015,15710,
ESTAT:TEC00001(1.0),5/3/2024 11:00,A,B1GQ,CP_EUR_HAB,EE,2016,16530,
ESTAT:TEC00001(1.0),5/3/2024 11:00,A,B1GQ,CP_EUR_HAB,EE,2017,18120,
ESTAT:TEC00001(1.0),5/3/2024 11:00,A,B1GQ,CP_EUR_HAB,EE,2018,19660,
ESTAT:TEC00001(1.0),5/3/2024 11:00,A,B1GQ,CP_EUR_HAB,EE,2019,21100,
ESTAT:TEC00001(1.0),5/3/2024 11:00,A,B1GQ,CP_EUR_HAB,EE,2020,20640,
ESTAT:TEC00001(1.0),5/3/2024 11:00,A,B1GQ,CP_EUR_HAB,EE,2021,23430,
ESTAT:TEC00001(1.0),5/3/2024 11:00,A,B1GQ,CP_EUR_HAB,EE,2022,27040,
ESTAT:TEC00001(1.0),5/3/2024 11:00,A,B1GQ,CP_EUR_HAB,EL,2012,17060,
ESTAT:TEC00001(1.0),5/3/2024 11:00,A,B1GQ,CP_EUR_HAB,EL,2013,16410,
ESTAT:TEC00001(1.0),5/3/2024 11:00,A,B1GQ,CP_EUR_HAB,EL,2014,16270,
ESTAT:TEC00001(1.0),5/3/2024 11:00,A,B1GQ,CP_EUR_HAB,EL,2015,16300,
ESTAT:TEC00001(1.0),5/3/2024 11:00,A,B1GQ,CP_EUR_HAB,EL,2016,16190,
ESTAT:TEC00001(1.0),5/3/2024 11:00,A,B1GQ,CP_EUR_HAB,EL,2017,16450,
ESTAT:TEC00001(1.0),5/3/2024 11:00,A,B1GQ,CP_EUR_HAB,EL,2018,16730,
ESTAT:TEC00001(1.0),5/3/2024 11:00,A,B1GQ,CP_EUR_HAB,EL,2019,17100,
ESTAT:TEC00001(1.0),5/3/2024 11:00,A,B1GQ,CP_EUR_HAB,EL,2020,15420,
ESTAT:TEC00001(1.0),5/3/2024 11:00,A,B1GQ,CP_EUR_HAB,EL,2021,17060,p
ESTAT:TEC00001(1.0),5/3/2024 11:00,A,B1GQ,CP_EUR_HAB,EL,2022,19550,p
ESTAT:TEC00001(1.0),5/3/2024 11:00,A,B1GQ,CP_EUR_HAB,ES,2012,22050,
ESTAT:TEC00001(1.0),5/3/2024 11:00,A,B1GQ,CP_EUR_HAB,ES,2013,21910,
ESTAT:TEC00001(1.0),5/3/2024 11:00,A,B1GQ,CP_EUR_HAB,ES,2014,22230,
ESTAT:TEC00001(1.0),5/3/2024 11:00,A,B1GQ,CP_EUR_HAB,ES,2015,23230,
ESTAT:TEC00001(1.0),5/3/2024 11:00,A,B1GQ,CP_EUR_HAB,ES,2016,23990,
ESTAT:TEC00001(1.0),5/3/2024 11:00,A,B1GQ,CP_EUR_HAB,ES,2017,24980,
ESTAT:TEC00001(1.0),5/3/2024 11:00,A,B1GQ,CP_EUR_HAB,ES,2018,25760,
ESTAT:TEC00001(1.0),5/3/2024 11:00,A,B1GQ,CP_EUR_HAB,ES,2019,26440,
ESTAT:TEC00001(1.0),5/3/2024 11:00,A,B1GQ,CP_EUR_HAB,ES,2020,23630,
ESTAT:TEC00001(1.0),5/3/2024 11:00,A,B1GQ,CP_EUR_HAB,ES,2021,25820,p
ESTAT:TEC00001(1.0),5/3/2024 11:00,A,B1GQ,CP_EUR_HAB,ES,2022,28280,p
ESTAT:TEC00001(1.0),5/3/2024 11:00,A,B1GQ,CP_EUR_HAB,ES,2023,30320,p
ESTAT:TEC00001(1.0),5/3/2024 11:00,A,B1GQ,CP_EUR_HAB,EU27_2020,2012,25770,
ESTAT:TEC00001(1.0),5/3/2024 11:00,A,B1GQ,CP_EUR_HAB,EU27_2020,2013,26010,
ESTAT:TEC00001(1.0),5/3/2024 11:00,A,B1GQ,CP_EUR_HAB,EU27_2020,2014,26580,
ESTAT:TEC00001(1.0),5/3/2024 11:00,A,B1GQ,CP_EUR_HAB,EU27_2020,2015,27500,
ESTAT:TEC00001(1.0),5/3/2024 11:00,A,B1GQ,CP_EUR_HAB,EU27_2020,2016,28190,
ESTAT:TEC00001(1.0),5/3/2024 11:00,A,B1GQ,CP_EUR_HAB,EU27_2020,2017,29320,
ESTAT:TEC00001(1.0),5/3/2024 11:00,A,B1GQ,CP_EUR_HAB,EU27_2020,2018,30290,
ESTAT:TEC00001(1.0),5/3/2024 11:00,A,B1GQ,CP_EUR_HAB,EU27_2020,2019,31310,
ESTAT:TEC00001(1.0),5/3/2024 11:00,A,B1GQ,CP_EUR_HAB,EU27_2020,2020,30050,
ESTAT:TEC00001(1.0),5/3/2024 11:00,A,B1GQ,CP_EUR_HAB,EU27_2020,2021,32690,
ESTAT:TEC00001(1.0),5/3/2024 11:00,A,B1GQ,CP_EUR_HAB,EU27_2020,2022,35430,
ESTAT:TEC00001(1.0),5/3/2024 11:00,A,B1GQ,CP_EUR_HAB,FI,2012,37130,
ESTAT:TEC00001(1.0),5/3/2024 11:00,A,B1GQ,CP_EUR_HAB,FI,2013,37570,
ESTAT:TEC00001(1.0),5/3/2024 11:00,A,B1GQ,CP_EUR_HAB,FI,2014,37880,
ESTAT:TEC00001(1.0),5/3/2024 11:00,A,B1GQ,CP_EUR_HAB,FI,2015,38570,
ESTAT:TEC00001(1.0),5/3/2024 11:00,A,B1GQ,CP_EUR_HAB,FI,2016,39580,
ESTAT:TEC00001(1.0),5/3/2024 11:00,A,B1GQ,CP_EUR_HAB,FI,2017,41080,
ESTAT:TEC00001(1.0),5/3/2024 11:00,A,B1GQ,CP_EUR_HAB,FI,2018,42320,
ESTAT:TEC00001(1.0),5/3/2024 11:00,A,B1GQ,CP_EUR_HAB,FI,2019,43440,
ESTAT:TEC00001(1.0),5/3/2024 11:00,A,B1GQ,CP_EUR_HAB,FI,2020,43040,
ESTAT:TEC00001(1.0),5/3/2024 11:00,A,B1GQ,CP_EUR_HAB,FI,2021,45230,
ESTAT:TEC00001(1.0),5/3/2024 11:00,A,B1GQ,CP_EUR_HAB,FI,2022,48170,
ESTAT:TEC00001(1.0),5/3/2024 11:00,A,B1GQ,CP_EUR_HAB,FI,2023,49740,
ESTAT:TEC00001(1.0),5/3/2024 11:00,A,B1GQ,CP_EUR_HAB,FR,2012,31820,
ESTAT:TEC00001(1.0),5/3/2024 11:00,A,B1GQ,CP_EUR_HAB,FR,2013,32080,
ESTAT:TEC00001(1.0),5/3/2024 11:00,A,B1GQ,CP_EUR_HAB,FR,2014,32420,
ESTAT:TEC00001(1.0),5/3/2024 11:00,A,B1GQ,CP_EUR_HAB,FR,2015,33020,
ESTAT:TEC00001(1.0),5/3/2024 11:00,A,B1GQ,CP_EUR_HAB,FR,2016,33430,
ESTAT:TEC00001(1.0),5/3/2024 11:00,A,B1GQ,CP_EUR_HAB,FR,2017,34230,
ESTAT:TEC00001(1.0),5/3/2024 11:00,A,B1GQ,CP_EUR_HAB,FR,2018,35040,
ESTAT:TEC00001(1.0),5/3/2024 11:00,A,B1GQ,CP_EUR_HAB,FR,2019,35980,
ESTAT:TEC00001(1.0),5/3/2024 11:00,A,B1GQ,CP_EUR_HAB,FR,2020,34080,
ESTAT:TEC00001(1.0),5/3/2024 11:00,A,B1GQ,CP_EUR_HAB,FR,2021,36670,p
ESTAT:TEC00001(1.0),5/3/2024 11:00,A,B1GQ,CP_EUR_HAB,FR,2022,38550,p
ESTAT:TEC00001(1.0),5/3/2024 11:00,A,B1GQ,CP_EUR_HAB,FR,2023,40800,p
ESTAT:TEC00001(1.0),5/3/2024 11:00,A,B1GQ,CP_EUR_HAB,HR,2012,10470,
ESTAT:TEC00001(1.0),5/3/2024 11:00,A,B1GQ,CP_EUR_HAB,HR,2013,10470,
ESTAT:TEC00001(1.0),5/3/2024 11:00,A,B1GQ,CP_EUR_HAB,HR,2014,10410,
ESTAT:TEC00001(1.0),5/3/2024 11:00,A,B1GQ,CP_EUR_HAB,HR,2015,10780,
ESTAT:TEC00001(1.0),5/3/2024 11:00,A,B1GQ,CP_EUR_HAB,HR,2016,11370,
ESTAT:TEC00001(1.0),5/3/2024 11:00,A,B1GQ,CP_EUR_HAB,HR,2017,12130,
ESTAT:TEC00001(1.0),5/3/2024 11:00,A,B1GQ,CP_EUR_HAB,HR,2018,12930,
ESTAT:TEC00001(1.0),5/3/2024 11:00,A,B1GQ,CP_EUR_HAB,HR,2019,13710,
ESTAT:TEC00001(1.0),5/3/2024 11:00,A,B1GQ,CP_EUR_HAB,HR,2020,12490,
ESTAT:TEC00001(1.0),5/3/2024 11:00,A,B1GQ,CP_EUR_HAB,HR,2021,14770,
ESTAT:TEC00001(1.0),5/3/2024 11:00,A,B1GQ,CP_EUR_HAB,HR,2022,17400,e
ESTAT:TEC00001(1.0),5/3/2024 11:00,A,B1GQ,CP_EUR_HAB,HU,2012,10110,
ESTAT:TEC00001(1.0),5/3/2024 11:00,A,B1GQ,CP_EUR_HAB,HU,2013,10330,
ESTAT:TEC00001(1.0),5/3/2024 11:00,A,B1GQ,CP_EUR_HAB,HU,2014,10770,
ESTAT:TEC00001(1.0),5/3/2024 11:00,A,B1GQ,CP_EUR_HAB,HU,2015,11460,
ESTAT:TEC00001(1.0),5/3/2024 11:00,A,B1GQ,CP_EUR_HAB,HU,2016,11850,
ESTAT:TEC00001(1.0),5/3/2024 11:00,A,B1GQ,CP_EUR_HAB,HU,2017,12980,
ESTAT:TEC00001(1.0),5/3/2024 11:00,A,B1GQ,CP_EUR_HAB,HU,2018,13920,
ESTAT:TEC00001(1.0),5/3/2024 11:00,A,B1GQ,CP_EUR_HAB,HU,2019,15000,
ESTAT:TEC00001(1.0),5/3/2024 11:00,A,B1GQ,CP_EUR_HAB,HU,2020,14140,
ESTAT:TEC00001(1.0),5/3/2024 11:00,A,B1GQ,CP_EUR_HAB,HU,2021,15860,
ESTAT:TEC00001(1.0),5/3/2024 11:00,A,B1GQ,CP_EUR_HAB,HU,2022,17440,p
ESTAT:TEC00001(1.0),5/3/2024 11:00,A,B1GQ,CP_EUR_HAB,IE,2012,38110,
ESTAT:TEC00001(1.0),5/3/2024 11:00,A,B1GQ,CP_EUR_HAB,IE,2013,38810,
ESTAT:TEC00001(1.0),5/3/2024 11:00,A,B1GQ,CP_EUR_HAB,IE,2014,42010,
ESTAT:TEC00001(1.0),5/3/2024 11:00,A,B1GQ,CP_EUR_HAB,IE,2015,56120,
ESTAT:TEC00001(1.0),5/3/2024 11:00,A,B1GQ,CP_EUR_HAB,IE,2016,56800,
ESTAT:TEC00001(1.0),5/3/2024 11:00,A,B1GQ,CP_EUR_HAB,IE,2017,62160,
ESTAT:TEC00001(1.0),5/3/2024 11:00,A,B1GQ,CP_EUR_HAB,IE,2018,67370,
ESTAT:TEC00001(1.0),5/3/2024 11:00,A,B1GQ,CP_EUR_HAB,IE,2019,72320,
ESTAT:TEC00001(1.0),5/3/2024 11:00,A,B1GQ,CP_EUR_HAB,IE,2020,75350,
ESTAT:TEC00001(1.0),5/3/2024 11:00,A,B1GQ,CP_EUR_HAB,IE,2021,86490,
ESTAT:TEC00001(1.0),5/3/2024 11:00,A,B1GQ,CP_EUR_HAB,IE,2022,98990,
ESTAT:TEC00001(1.0),5/3/2024 11:00,A,B1GQ,CP_EUR_HAB,IE,2023,95290,
ESTAT:TEC00001(1.0),5/3/2024 11:00,A,B1GQ,CP_EUR_HAB,IS,2012,35800,
ESTAT:TEC00001(1.0),5/3/2024 11:00,A,B1GQ,CP_EUR_HAB,IS,2013,37470,
ESTAT:TEC00001(1.0),5/3/2024 11:00,A,B1GQ,CP_EUR_HAB,IS,2014,41150,
ESTAT:TEC00001(1.0),5/3/2024 11:00,A,B1GQ,CP_EUR_HAB,IS,2015,47750,
ESTAT:TEC00001(1.0),5/3/2024 11:00,A,B1GQ,CP_EUR_HAB,IS,2016,56070,
ESTAT:TEC00001(1.0),5/3/2024 11:00,A,B1GQ,CP_EUR_HAB,IS,2017,63830,
ESTAT:TEC00001(1.0),5/3/2024 11:00,A,B1GQ,CP_EUR_HAB,IS,2018,63050,
ESTAT:TEC00001(1.0),5/3/2024 11:00,A,B1GQ,CP_EUR_HAB,IS,2019,61130,
ESTAT:TEC00001(1.0),5/3/2024 11:00,A,B1GQ,CP_EUR_HAB,IS,2020,51550,
ESTAT:TEC00001(1.0),5/3/2024 11:00,A,B1GQ,CP_EUR_HAB,IS,2021,58110,
ESTAT:TEC00001(1.0),5/3/2024 11:00,A,B1GQ,CP_EUR_HAB,IS,2022,69870,
ESTAT:TEC00001(1.0),5/3/2024 11:00,A,B1GQ,CP_EUR_HAB,IT,2012,26990,
ESTAT:TEC00001(1.0),5/3/2024 11:00,A,B1GQ,CP_EUR_HAB,IT,2013,26740,
ESTAT:TEC00001(1.0),5/3/2024 11:00,A,B1GQ,CP_EUR_HAB,IT,2014,26980,
ESTAT:TEC00001(1.0),5/3/2024 11:00,A,B1GQ,CP_EUR_HAB,IT,2015,27480,
ESTAT:TEC00001(1.0),5/3/2024 11:00,A,B1GQ,CP_EUR_HAB,IT,2016,28210,
ESTAT:TEC00001(1.0),5/3/2024 11:00,A,B1GQ,CP_EUR_HAB,IT,2017,28940,
ESTAT:TEC00001(1.0),5/3/2024 11:00,A,B1GQ,CP_EUR_HAB,IT,2018,29580,
ESTAT:TEC00001(1.0),5/3/2024 11:00,A,B1GQ,CP_EUR_HAB,IT,2019,30080,
ESTAT:TEC00001(1.0),5/3/2024 11:00,A,B1GQ,CP_EUR_HAB,IT,2020,27950,
ESTAT:TEC00001(1.0),5/3/2024 11:00,A,B1GQ,CP_EUR_HAB,IT,2021,30810,
ESTAT:TEC00001(1.0),5/3/2024 11:00,A,B1GQ,CP_EUR_HAB,IT,2022,33260,
ESTAT:TEC00001(1.0),5/3/2024 11:00,A,B1GQ,CP_EUR_HAB,LI,2013,128380,
ESTAT:TEC00001(1.0),5/3/2024 11:00,A,B1GQ,CP_EUR_HAB,LI,2014,133180,
ESTAT:TEC00001(1.0),5/3/2024 11:00,A,B1GQ,CP_EUR_HAB,LI,2015,148440,
ESTAT:TEC00001(1.0),5/3/2024 11:00,A,B1GQ,CP_EUR_HAB,LI,2016,147270,
ESTAT:TEC00001(1.0),5/3/2024 11:00,A,B1GQ,CP_EUR_HAB,LI,2017,148690,
ESTAT:TEC00001(1.0),5/3/2024 11:00,A,B1GQ,CP_EUR_HAB,LI,2018,146100,
ESTAT:TEC00001(1.0),5/3/2024 11:00,A,B1GQ,CP_EUR_HAB,LI,2019,146830,
ESTAT:TEC00001(1.0),5/3/2024 11:00,A,B1GQ,CP_EUR_HAB,LI,2020,142470,
ESTAT:TEC00001(1.0),5/3/2024 11:00,A,B1GQ,CP_EUR_HAB,LI,2021,164150,p
ESTAT:TEC00001(1.0),5/3/2024 11:00,A,B1GQ,CP_EUR_HAB,LT,2012,11180,
ESTAT:TEC00001(1.0),5/3/2024 11:00,A,B1GQ,CP_EUR_HAB,LT,2013,11850,
ESTAT:TEC00001(1.0),5/3/2024 11:00,A,B1GQ,CP_EUR_HAB,LT,2014,12480,
ESTAT:TEC00001(1.0),5/3/2024 11:00,A,B1GQ,CP_EUR_HAB,LT,2015,12860,
ESTAT:TEC00001(1.0),5/3/2024 11:00,A,B1GQ,CP_EUR_HAB,LT,2016,13560,
ESTAT:TEC00001(1.0),5/3/2024 11:00,A,B1GQ,CP_EUR_HAB,LT,2017,14950,
ESTAT:TEC00001(1.0),5/3/2024 11:00,A,B1GQ,CP_EUR_HAB,LT,2018,16250,
ESTAT:TEC00001(1.0),5/3/2024 11:00,A,B1GQ,CP_EUR_HAB,LT,2019,17520,
ESTAT:TEC00001(1.0),5/3/2024 11:00,A,B1GQ,CP_EUR_HAB,LT,2020,17840,
ESTAT:TEC00001(1.0),5/3/2024 11:00,A,B1GQ,CP_EUR_HAB,LT,2021,20110,
ESTAT:TEC00001(1.0),5/3/2024 11:00,A,B1GQ,CP_EUR_HAB,LT,2022,23800,
ESTAT:TEC00001(1.0),5/3/2024 11:00,A,B1GQ,CP_EUR_HAB,LT,2023,25090,
ESTAT:TEC00001(1.0),5/3/2024 11:00,A,B1GQ,CP_EUR_HAB,LU,2012,87630,
ESTAT:TEC00001(1.0),5/3/2024 11:00,A,B1GQ,CP_EUR_HAB,LU,2013,90360,
ESTAT:TEC00001(1.0),5/3/2024 11:00,A,B1GQ,CP_EUR_HAB,LU,2014,93090,
ESTAT:TEC00001(1.0),5/3/2024 11:00,A,B1GQ,CP_EUR_HAB,LU,2015,95070,
ESTAT:TEC00001(1.0),5/3/2024 11:00,A,B1GQ,CP_EUR_HAB,LU,2016,96330,
ESTAT:TEC00001(1.0),5/3/2024 11:00,A,B1GQ,CP_EUR_HAB,LU,2017,97520,
ESTAT:TEC00001(1.0),5/3/2024 11:00,A,B1GQ,CP_EUR_HAB,LU,2018,98890,
ESTAT:TEC00001(1.0),5/3/2024 11:00,A,B1GQ,CP_EUR_HAB,LU,2019,100700,
ESTAT:TEC00001(1.0),5/3/2024 11:00,A,B1GQ,CP_EUR_HAB,LU,2020,102350,
ESTAT:TEC00001(1.0),5/3/2024 11:00,A,B1GQ,CP_EUR_HAB,LU,2021,113050,
ESTAT:TEC00001(1.0),5/3/2024 11:00,A,B1GQ,CP_EUR_HAB,LU,2022,118710,
ESTAT:TEC00001(1.0),5/3/2024 11:00,A,B1GQ,CP_EUR_HAB,LV,2012,10870,
ESTAT:TEC00001(1.0),5/3/2024 11:00,A,B1GQ,CP_EUR_HAB,LV,2013,11320,
ESTAT:TEC00001(1.0),5/3/2024 11:00,A,B1GQ,CP_EUR_HAB,LV,2014,11850,
ESTAT:TEC00001(1.0),5/3/2024 11:00,A,B1GQ,CP_EUR_HAB,LV,2015,12430,
ESTAT:TEC00001(1.0),5/3/2024 11:00,A,B1GQ,CP_EUR_HAB,LV,2016,12950,
ESTAT:TEC00001(1.0),5/3/2024 11:00,A,B1GQ,CP_EUR_HAB,LV,2017,13900,
ESTAT:TEC00001(1.0),5/3/2024 11:00,A,B1GQ,CP_EUR_HAB,LV,2018,15130,
ESTAT:TEC00001(1.0),5/3/2024 11:00,A,B1GQ,CP_EUR_HAB,LV,2019,15980,
ESTAT:TEC00001(1.0),5/3/2024 11:00,A,B1GQ,CP_EUR_HAB,LV,2020,15840,
ESTAT:TEC00001(1.0),5/3/2024 11:00,A,B1GQ,CP_EUR_HAB,LV,2021,17710,
ESTAT:TEC00001(1.0),5/3/2024 11:00,A,B1GQ,CP_EUR_HAB,LV,2022,20350,
ESTAT:TEC00001(1.0),5/3/2024 11:00,A,B1GQ,CP_EUR_HAB,LV,2023,21420,
ESTAT:TEC00001(1.0),5/3/2024 11:00,A,B1GQ,CP_EUR_HAB,ME,2012,5130,
ESTAT:TEC00001(1.0),5/3/2024 11:00,A,B1GQ,CP_EUR_HAB,ME,2013,5410,
ESTAT:TEC00001(1.0),5/3/2024 11:00,A,B1GQ,CP_EUR_HAB,ME,2014,5560,
ESTAT:TEC00001(1.0),5/3/2024 11:00,A,B1GQ,CP_EUR_HAB,ME,2015,5870,
ESTAT:TEC00001(1.0),5/3/2024 11:00,A,B1GQ,CP_EUR_HAB,ME,2016,6350,
ESTAT:TEC00001(1.0),5/3/2024 11:00,A,B1GQ,CP_EUR_HAB,ME,2017,6910,
ESTAT:TEC00001(1.0),5/3/2024 11:00,A,B1GQ,CP_EUR_HAB,ME,2018,7490,
ESTAT:TEC00001(1.0),5/3/2024 11:00,A,B1GQ,CP_EUR_HAB,ME,2019,7960,
ESTAT:TEC00001(1.0),5/3/2024 11:00,A,B1GQ,CP_EUR_HAB,ME,2020,6740,
ESTAT:TEC00001(1.0),5/3/2024 11:00,A,B1GQ,CP_EUR_HAB,ME,2021,8000,
ESTAT:TEC00001(1.0),5/3/2024 11:00,A,B1GQ,CP_EUR_HAB,ME,2022,9600,
ESTAT:TEC00001(1.0),5/3/2024 11:00,A,B1GQ,CP_EUR_HAB,MK,2012,3930,e
ESTAT:TEC00001(1.0),5/3/2024 11:00,A,B1GQ,CP_EUR_HAB,MK,2013,4240,e
ESTAT:TEC00001(1.0),5/3/2024 11:00,A,B1GQ,CP_EUR_HAB,MK,2014,4470,e
ESTAT:TEC00001(1.0),5/3/2024 11:00,A,B1GQ,CP_EUR_HAB,MK,2015,4740,e
ESTAT:TEC00001(1.0),5/3/2024 11:00,A,B1GQ,CP_EUR_HAB,MK,2016,5070,e
ESTAT:TEC00001(1.0),5/3/2024 11:00,A,B1GQ,CP_EUR_HAB,MK,2017,5290,e
ESTAT:TEC00001(1.0),5/3/2024 11:00,A,B1GQ,CP_EUR_HAB,MK,2018,5690,e
ESTAT:TEC00001(1.0),5/3/2024 11:00,A,B1GQ,CP_EUR_HAB,MK,2019,6000,e
ESTAT:TEC00001(1.0),5/3/2024 11:00,A,B1GQ,CP_EUR_HAB,MK,2020,5850,e
ESTAT:TEC00001(1.0),5/3/2024 11:00,A,B1GQ,CP_EUR_HAB,MK,2021,6440,e
ESTAT:TEC00001(1.0),5/3/2024 11:00,A,B1GQ,CP_EUR_HAB,MT,2012,17530,
ESTAT:TEC00001(1.0),5/3/2024 11:00,A,B1GQ,CP_EUR_HAB,MT,2013,18650,
ESTAT:TEC00001(1.0),5/3/2024 11:00,A,B1GQ,CP_EUR_HAB,MT,2014,20120,
ESTAT:TEC00001(1.0),5/3/2024 11:00,A,B1GQ,CP_EUR_HAB,MT,2015,22450,
ESTAT:TEC00001(1.0),5/3/2024 11:00,A,B1GQ,CP_EUR_HAB,MT,2016,23130,
ESTAT:TEC00001(1.0),5/3/2024 11:00,A,B1GQ,CP_EUR_HAB,MT,2017,25480,
ESTAT:TEC00001(1.0),5/3/2024 11:00,A,B1GQ,CP_EUR_HAB,MT,2018,26880,
ESTAT:TEC00001(1.0),5/3/2024 11:00,A,B1GQ,CP_EUR_HAB,MT,2019,28320,
ESTAT:TEC00001(1.0),5/3/2024 11:00,A,B1GQ,CP_EUR_HAB,MT,2020,25880,
ESTAT:TEC00001(1.0),5/3/2024 11:00,A,B1GQ,CP_EUR_HAB,MT,2021,29550,
ESTAT:TEC00001(1.0),5/3/2024 11:00,A,B1GQ,CP_EUR_HAB,MT,2022,32880,
ESTAT:TEC00001(1.0),5/3/2024 11:00,A,B1GQ,CP_EUR_HAB,NL,2012,38970,
ESTAT:TEC00001(1.0),5/3/2024 11:00,A,B1GQ,CP_EUR_HAB,NL,2013,39300,
ESTAT:TEC00001(1.0),5/3/2024 11:00,A,B1GQ,CP_EUR_HAB,NL,2014,39820,
ESTAT:TEC00001(1.0),5/3/2024 11:00,A,B1GQ,CP_EUR_HAB,NL,2015,40730,
ESTAT:TEC00001(1.0),5/3/2024 11:00,A,B1GQ,CP_EUR_HAB,NL,2016,41590,
ESTAT:TEC00001(1.0),5/3/2024 11:00,A,B1GQ,CP_EUR_HAB,NL,2017,43090,
ESTAT:TEC00001(1.0),5/3/2024 11:00,A,B1GQ,CP_EUR_HAB,NL,2018,44920,
ESTAT:TEC00001(1.0),5/3/2024 11:00,A,B1GQ,CP_EUR_HAB,NL,2019,46880,
ESTAT:TEC00001(1.0),5/3/2024 11:00,A,B1GQ,CP_EUR_HAB,NL,2020,45670,
ESTAT:TEC00001(1.0),5/3/2024 11:00,A,B1GQ,CP_EUR_HAB,NL,2021,49650,p
ESTAT:TEC00001(1.0),5/3/2024 11:00,A,B1GQ,CP_EUR_HAB,NL,2022,54150,p
ESTAT:TEC00001(1.0),5/3/2024 11:00,A,B1GQ,CP_EUR_HAB,NL,2023,57770,p
ESTAT:TEC00001(1.0),5/3/2024 11:00,A,B1GQ,CP_EUR_HAB,NO,2012,79510,
ESTAT:TEC00001(1.0),5/3/2024 11:00,A,B1GQ,CP_EUR_HAB,NO,2013,77920,
ESTAT:TEC00001(1.0),5/3/2024 11:00,A,B1GQ,CP_EUR_HAB,NO,2014,73670,
ESTAT:TEC00001(1.0),5/3/2024 11:00,A,B1GQ,CP_EUR_HAB,NO,2015,67390,
ESTAT:TEC00001(1.0),5/3/2024 11:00,A,B1GQ,CP_EUR_HAB,NO,2016,64060,
ESTAT:TEC00001(1.0),5/3/2024 11:00,A,B1GQ,CP_EUR_HAB,NO,2017,67520,
ESTAT:TEC00001(1.0),5/3/2024 11:00,A,B1GQ,CP_EUR_HAB,NO,2018,70150,
ESTAT:TEC00001(1.0),5/3/2024 11:00,A,B1GQ,CP_EUR_HAB,NO,2019,68270,
ESTAT:TEC00001(1.0),5/3/2024 11:00,A,B1GQ,CP_EUR_HAB,NO,2020,60020,
ESTAT:TEC00001(1.0),5/3/2024 11:00,A,B1GQ,CP_EUR_HAB,NO,2021,78670,
ESTAT:TEC00001(1.0),5/3/2024 11:00,A,B1GQ,CP_EUR_HAB,NO,2022,103470,
ESTAT:TEC00001(1.0),5/3/2024 11:00,A,B1GQ,CP_EUR_HAB,PL,2012,10000,
ESTAT:TEC00001(1.0),5/3/2024 11:00,A,B1GQ,CP_EUR_HAB,PL,2013,10090,
ESTAT:TEC00001(1.0),5/3/2024 11:00,A,B1GQ,CP_EUR_HAB,PL,2014,10560,
ESTAT:TEC00001(1.0),5/3/2024 11:00,A,B1GQ,CP_EUR_HAB,PL,2015,11180,
ESTAT:TEC00001(1.0),5/3/2024 11:00,A,B1GQ,CP_EUR_HAB,PL,2016,11050,
ESTAT:TEC00001(1.0),5/3/2024 11:00,A,B1GQ,CP_EUR_HAB,PL,2017,12120,
ESTAT:TEC00001(1.0),5/3/2024 11:00,A,B1GQ,CP_EUR_HAB,PL,2018,12990,
ESTAT:TEC00001(1.0),5/3/2024 11:00,A,B1GQ,CP_EUR_HAB,PL,2019,13870,
ESTAT:TEC00001(1.0),5/3/2024 11:00,A,B1GQ,CP_EUR_HAB,PL,2020,13720,
ESTAT:TEC00001(1.0),5/3/2024 11:00,A,B1GQ,CP_EUR_HAB,PL,2021,15100,
ESTAT:TEC00001(1.0),5/3/2024 11:00,A,B1GQ,CP_EUR_HAB,PL,2022,17300,b
ESTAT:TEC00001(1.0),5/3/2024 11:00,A,B1GQ,CP_EUR_HAB,PT,2012,16010,
ESTAT:TEC00001(1.0),5/3/2024 11:00,A,B1GQ,CP_EUR_HAB,PT,2013,16300,
ESTAT:TEC00001(1.0),5/3/2024 11:00,A,B1GQ,CP_EUR_HAB,PT,2014,16640,
ESTAT:TEC00001(1.0),5/3/2024 11:00,A,B1GQ,CP_EUR_HAB,PT,2015,17350,
ESTAT:TEC00001(1.0),5/3/2024 11:00,A,B1GQ,CP_EUR_HAB,PT,2016,18060,
ESTAT:TEC00001(1.0),5/3/2024 11:00,A,B1GQ,CP_EUR_HAB,PT,2017,19020,
ESTAT:TEC00001(1.0),5/3/2024 11:00,A,B1GQ,CP_EUR_HAB,PT,2018,19950,
ESTAT:TEC00001(1.0),5/3/2024 11:00,A,B1GQ,CP_EUR_HAB,PT,2019,20840,
ESTAT:TEC00001(1.0),5/3/2024 11:00,A,B1GQ,CP_EUR_HAB,PT,2020,19470,
ESTAT:TEC00001(1.0),5/3/2024 11:00,A,B1GQ,CP_EUR_HAB,PT,2021,20990,
ESTAT:TEC00001(1.0),5/3/2024 11:00,A,B1GQ,CP_EUR_HAB,PT,2022,23530,p
ESTAT:TEC00001(1.0),5/3/2024 11:00,A,B1GQ,CP_EUR_HAB,PT,2023,25760,p
ESTAT:TEC00001(1.0),5/3/2024 11:00,A,B1GQ,CP_EUR_HAB,RO,2012,6950,
ESTAT:TEC00001(1.0),5/3/2024 11:00,A,B1GQ,CP_EUR_HAB,RO,2013,7150,
ESTAT:TEC00001(1.0),5/3/2024 11:00,A,B1GQ,CP_EUR_HAB,RO,2014,7560,
ESTAT:TEC00001(1.0),5/3/2024 11:00,A,B1GQ,CP_EUR_HAB,RO,2015,8090,
ESTAT:TEC00001(1.0),5/3/2024 11:00,A,B1GQ,CP_EUR_HAB,RO,2016,8500,
ESTAT:TEC00001(1.0),5/3/2024 11:00,A,B1GQ,CP_EUR_HAB,RO,2017,9510,
ESTAT:TEC00001(1.0),5/3/2024 11:00,A,B1GQ,CP_EUR_HAB,RO,2018,10580,
ESTAT:TEC00001(1.0),5/3/2024 11:00,A,B1GQ,CP_EUR_HAB,RO,2019,11560,
ESTAT:TEC00001(1.0),5/3/2024 11:00,A,B1GQ,CP_EUR_HAB,RO,2020,11430,
ESTAT:TEC00001(1.0),5/3/2024 11:00,A,B1GQ,CP_EUR_HAB,RO,2021,12630,
ESTAT:TEC00001(1.0),5/3/2024 11:00,A,B1GQ,CP_EUR_HAB,RO,2022,14920,p
ESTAT:TEC00001(1.0),5/3/2024 11:00,A,B1GQ,CP_EUR_HAB,RS,2012,4680,
ESTAT:TEC00001(1.0),5/3/2024 11:00,A,B1GQ,CP_EUR_HAB,RS,2013,5080,
ESTAT:TEC00001(1.0),5/3/2024 11:00,A,B1GQ,CP_EUR_HAB,RS,2014,4970,
ESTAT:TEC00001(1.0),5/3/2024 11:00,A,B1GQ,CP_EUR_HAB,RS,2015,5040,
ESTAT:TEC00001(1.0),5/3/2024 11:00,A,B1GQ,CP_EUR_HAB,RS,2016,5210,
ESTAT:TEC00001(1.0),5/3/2024 11:00,A,B1GQ,CP_EUR_HAB,RS,2017,5590,
ESTAT:TEC00001(1.0),5/3/2024 11:00,A,B1GQ,CP_EUR_HAB,RS,2018,6140,
ESTAT:TEC00001(1.0),5/3/2024 11:00,A,B1GQ,CP_EUR_HAB,RS,2019,6620,
ESTAT:TEC00001(1.0),5/3/2024 11:00,A,B1GQ,CP_EUR_HAB,RS,2020,6790,
ESTAT:TEC00001(1.0),5/3/2024 11:00,A,B1GQ,CP_EUR_HAB,RS,2021,7810,
ESTAT:TEC00001(1.0),5/3/2024 11:00,A,B1GQ,CP_EUR_HAB,RS,2022,9070,p
ESTAT:TEC00001(1.0),5/3/2024 11:00,A,B1GQ,CP_EUR_HAB,RS,2023,10500,p
ESTAT:TEC00001(1.0),5/3/2024 11:00,A,B1GQ,CP_EUR_HAB,SE,2012,45170,
ESTAT:TEC00001(1.0),5/3/2024 11:00,A,B1GQ,CP_EUR_HAB,SE,2013,46020,
ESTAT:TEC00001(1.0),5/3/2024 11:00,A,B1GQ,CP_EUR_HAB,SE,2014,45260,
ESTAT:TEC00001(1.0),5/3/2024 11:00,A,B1GQ,CP_EUR_HAB,SE,2015,46480,
ESTAT:TEC00001(1.0),5/3/2024 11:00,A,B1GQ,CP_EUR_HAB,SE,2016,46990,
ESTAT:TEC00001(1.0),5/3/2024 11:00,A,B1GQ,CP_EUR_HAB,SE,2017,47730,
ESTAT:TEC00001(1.0),5/3/2024 11:00,A,B1GQ,CP_EUR_HAB,SE,2018,46260,
ESTAT:TEC00001(1.0),5/3/2024 11:00,A,B1GQ,CP_EUR_HAB,SE,2019,46390,
ESTAT:TEC00001(1.0),5/3/2024 11:00,A,B1GQ,CP_EUR_HAB,SE,2020,46420,
ESTAT:TEC00001(1.0),5/3/2024 11:00,A,B1GQ,CP_EUR_HAB,SE,2021,51910,
ESTAT:TEC00001(1.0),5/3/2024 11:00,A,B1GQ,CP_EUR_HAB,SE,2022,53690,
ESTAT:TEC00001(1.0),5/3/2024 11:00,A,B1GQ,CP_EUR_HAB,SI,2012,17630,
ESTAT:TEC00001(1.0),5/3/2024 11:00,A,B1GQ,CP_EUR_HAB,SI,2013,17700,
ESTAT:TEC00001(1.0),5/3/2024 11:00,A,B1GQ,CP_EUR_HAB,SI,2014,18250,
ESTAT:TEC00001(1.0),5/3/2024 11:00,A,B1GQ,CP_EUR_HAB,SI,2015,18830,
ESTAT:TEC00001(1.0),5/3/2024 11:00,A,B1GQ,CP_EUR_HAB,SI,2016,19590,
ESTAT:TEC00001(1.0),5/3/2024 11:00,A,B1GQ,CP_EUR_HAB,SI,2017,20820,
ESTAT:TEC00001(1.0),5/3/2024 11:00,A,B1GQ,CP_EUR_HAB,SI,2018,22140,
ESTAT:TEC00001(1.0),5/3/2024 11:00,A,B1GQ,CP_EUR_HAB,SI,2019,23260,
ESTAT:TEC00001(1.0),5/3/2024 11:00,A,B1GQ,CP_EUR_HAB,SI,2020,22370,
ESTAT:TEC00001(1.0),5/3/2024 11:00,A,B1GQ,CP_EUR_HAB,SI,2021,24800,
ESTAT:TEC00001(1.0),5/3/2024 11:00,A,B1GQ,CP_EUR_HAB,SI,2022,27050,
ESTAT:TEC00001(1.0),5/3/2024 11:00,A,B1GQ,CP_EUR_HAB,SI,2023,29750,
ESTAT:TEC00001(1.0),5/3/2024 11:00,A,B1GQ,CP_EUR_HAB,SK,2012,13620,
ESTAT:TEC00001(1.0),5/3/2024 11:00,A,B1GQ,CP_EUR_HAB,SK,2013,13760,
ESTAT:TEC00001(1.0),5/3/2024 11:00,A,B1GQ,CP_EUR_HAB,SK,2014,14090,
ESTAT:TEC00001(1.0),5/3/2024 11:00,A,B1GQ,CP_EUR_HAB,SK,2015,14780,
ESTAT:TEC00001(1.0),5/3/2024 11:00,A,B1GQ,CP_EUR_HAB,SK,2016,14960,
ESTAT:TEC00001(1.0),5/3/2024 11:00,A,B1GQ,CP_EUR_HAB,SK,2017,15570,
ESTAT:TEC00001(1.0),5/3/2024 11:00,A,B1GQ,CP_EUR_HAB,SK,2018,16500,
ESTAT:TEC00001(1.0),5/3/2024 11:00,A,B1GQ,CP_EUR_HAB,SK,2019,17320,
ESTAT:TEC00001(1.0),5/3/2024 11:00,A,B1GQ,CP_EUR_HAB,SK,2020,17110,
ESTAT:TEC00001(1.0),5/3/2024 11:00,A,B1GQ,CP_EUR_HAB,SK,2021,18430,
ESTAT:TEC00001(1.0),5/3/2024 11:00,A,B1GQ,CP_EUR_HAB,SK,2022,19980,
ESTAT:TEC00001(1.0),5/3/2024 11:00,A,B1GQ,CP_EUR_HAB,TR,2012,9090,
ESTAT:TEC00001(1.0),5/3/2024 11:00,A,B1GQ,CP_EUR_HAB,TR,2013,9450,
ESTAT:TEC00001(1.0),5/3/2024 11:00,A,B1GQ,CP_EUR_HAB,TR,2014,9160,
ESTAT:TEC00001(1.0),5/3/2024 11:00,A,B1GQ,CP_EUR_HAB,TR,2015,9930,
ESTAT:TEC00001(1.0),5/3/2024 11:00,A,B1GQ,CP_EUR_HAB,TR,2016,9910,
ESTAT:TEC00001(1.0),5/3/2024 11:00,A,B1GQ,CP_EUR_HAB,TR,2017,9470,
ESTAT:TEC00001(1.0),5/3/2024 11:00,A,B1GQ,CP_EUR_HAB,TR,2018,8090,
ESTAT:TEC00001(1.0),5/3/2024 11:00,A,B1GQ,CP_EUR_HAB,TR,2019,8220,
ESTAT:TEC00001(1.0),5/3/2024 11:00,A,B1GQ,CP_EUR_HAB,TR,2020,7520,
ESTAT:TEC00001(1.0),5/3/2024 11:00,A,B1GQ,CP_EUR_HAB,TR,2021,8200,
ESTAT:TEC00001(1.0),5/3/2024 11:00,A,B1GQ,CP_EUR_HAB,TR,2022,10150,
ESTAT:TEC00001(1.0),5/3/2024 11:00,A,B1GQ,CP_EUR_HAB,UK,2012,33140,
ESTAT:TEC00001(1.0),5/3/2024 11:00,A,B1GQ,CP_EUR_HAB,UK,2013,32700,
ESTAT:TEC00001(1.0),5/3/2024 11:00,A,B1GQ,CP_EUR_HAB,UK,2014,35780,
ESTAT:TEC00001(1.0),5/3/2024 11:00,A,B1GQ,CP_EUR_HAB,UK,2015,40620,
ESTAT:TEC00001(1.0),5/3/2024 11:00,A,B1GQ,CP_EUR_HAB,UK,2016,37080,
ESTAT:TEC00001(1.0),5/3/2024 11:00,A,B1GQ,CP_EUR_HAB,UK,2017,35730,
ESTAT:TEC00001(1.0),5/3/2024 11:00,A,B1GQ,CP_EUR_HAB,UK,2018,36440,
ESTAT:TEC00001(1.0),5/3/2024 11:00,A,B1GQ,CP_EUR_HAB,UK,2019,37830,
ESTAT:TEC00001(1.0),5/3/2024 11:00,A,B1GQ,CP_MEUR,AL,2012,9585.8,
ESTAT:TEC00001(1.0),5/3/2024 11:00,A,B1GQ,CP_MEUR,AL,2013,9625.4,
ESTAT:TEC00001(1.0),5/3/2024 11:00,A,B1GQ,CP_MEUR,AL,2014,9968.6,
ESTAT:TEC00001(1.0),5/3/2024 11:00,A,B1GQ,CP_MEUR,AL,2015,10264.1,
ESTAT:TEC00001(1.0),5/3/2024 11:00,A,B1GQ,CP_MEUR,AL,2016,10719.9,
ESTAT:TEC00001(1.0),5/3/2024 11:00,A,B1GQ,CP_MEUR,AL,2017,11559,
ESTAT:TEC00001(1.0),5/3/2024 11:00,A,B1GQ,CP_MEUR,AL,2018,12828.1,
ESTAT:TEC00001(1.0),5/3/2024 11:00,A,B1GQ,CP_MEUR,AL,2019,13754.2,
ESTAT:TEC00001(1.0),5/3/2024 11:00,A,B1GQ,CP_MEUR,AL,2020,13310.4,
ESTAT:TEC00001(1.0),5/3/2024 11:00,A,B1GQ,CP_MEUR,AL,2021,15157.4,p
ESTAT:TEC00001(1.0),5/3/2024 11:00,A,B1GQ,CP_MEUR,AL,2022,17972.3,e
ESTAT:TEC00001(1.0),5/3/2024 11:00,A,B1GQ,CP_MEUR,AT,2012,318653,
ESTAT:TEC00001(1.0),5/3/2024 11:00,A,B1GQ,CP_MEUR,AT,2013,323910.2,
ESTAT:TEC00001(1.0),5/3/2024 11:00,A,B1GQ,CP_MEUR,AT,2014,333146.1,
ESTAT:TEC00001(1.0),5/3/2024 11:00,A,B1GQ,CP_MEUR,AT,2015,344269.2,
ESTAT:TEC00001(1.0),5/3/2024 11:00,A,B1GQ,CP_MEUR,AT,2016,357608,
ESTAT:TEC00001(1.0),5/3/2024 11:00,A,B1GQ,CP_MEUR,AT,2017,369361.9,
ESTAT:TEC00001(1.0),5/3/2024 11:00,A,B1GQ,CP_MEUR,AT,2018,385274.1,
ESTAT:TEC00001(1.0),5/3/2024 11:00,A,B1GQ,CP_MEUR,AT,2019,397147.2,
ESTAT:TEC00001(1.0),5/3/2024 11:00,A,B1GQ,CP_MEUR,AT,2020,380888.5,
ESTAT:TEC00001(1.0),5/3/2024 11:00,A,B1GQ,CP_MEUR,AT,2021,405241.4,
ESTAT:TEC00001(1.0),5/3/2024 11:00,A,B1GQ,CP_MEUR,AT,2022,447217.6,
ESTAT:TEC00001(1.0),5/3/2024 11:00,A,B1GQ,CP_MEUR,AT,2023,477248.8,
ESTAT:TEC00001(1.0),5/3/2024 11:00,A,B1GQ,CP_MEUR,BA,2012,13407.5,
ESTAT:TEC00001(1.0),5/3/2024 11:00,A,B1GQ,CP_MEUR,BA,2013,13691.8,
ESTAT:TEC00001(1.0),5/3/2024 11:00,A,B1GQ,CP_MEUR,BA,2014,13988.3,
ESTAT:TEC00001(1.0),5/3/2024 11:00,A,B1GQ,CP_MEUR,BA,2015,14791.1,b
ESTAT:TEC00001(1.0),5/3/2024 11:00,A,B1GQ,CP_MEUR,BA,2016,15474.3,
ESTAT:TEC00001(1.0),5/3/2024 11:00,A,B1GQ,CP_MEUR,BA,2017,16260.5,
ESTAT:TEC00001(1.0),5/3/2024 11:00,A,B1GQ,CP_MEUR,BA,2018,17354.2,
ESTAT:TEC00001(1.0),5/3/2024 11:00,A,B1GQ,CP_MEUR,BA,2019,18296.5,
ESTAT:TEC00001(1.0),5/3/2024 11:00,A,B1GQ,CP_MEUR,BA,2020,17755.9,
ESTAT:TEC00001(1.0),5/3/2024 11:00,A,B1GQ,CP_MEUR,BA,2021,20014.7,
ESTAT:TEC00001(1.0),5/3/2024 11:00,A,B1GQ,CP_MEUR,BA,2022,23324.1,
ESTAT:TEC00001(1.0),5/3/2024 11:00,A,B1GQ,CP_MEUR,BE,2012,386174.7,
ESTAT:TEC00001(1.0),5/3/2024 11:00,A,B1GQ,CP_MEUR,BE,2013,392880,
ESTAT:TEC00001(1.0),5/3/2024 11:00,A,B1GQ,CP_MEUR,BE,2014,403003.3,
ESTAT:TEC00001(1.0),5/3/2024 11:00,A,B1GQ,CP_MEUR,BE,2015,416701.4,
ESTAT:TEC00001(1.0),5/3/2024 11:00,A,B1GQ,CP_MEUR,BE,2016,430085.3,
ESTAT:TEC00001(1.0),5/3/2024 11:00,A,B1GQ,CP_MEUR,BE,2017,445050.1,
ESTAT:TEC00001(1.0),5/3/2024 11:00,A,B1GQ,CP_MEUR,BE,2018,460050.8,
ESTAT:TEC00001(1.0),5/3/2024 11:00,A,B1GQ,CP_MEUR,BE,2019,478676.2,
ESTAT:TEC00001(1.0),5/3/2024 11:00,A,B1GQ,CP_MEUR,BE,2020,460747.7,
ESTAT:TEC00001(1.0),5/3/2024 11:00,A,B1GQ,CP_MEUR,BE,2021,507929.6,
ESTAT:TEC00001(1.0),5/3/2024 11:00,A,B1GQ,CP_MEUR,BE,2022,554044.3,p
ESTAT:TEC00001(1.0),5/3/2024 11:00,A,B1GQ,CP_MEUR,BE,2023,582582.6,p
ESTAT:TEC00001(1.0),5/3/2024 11:00,A,B1GQ,CP_MEUR,BG,2012,42255.3,
ESTAT:TEC00001(1.0),5/3/2024 11:00,A,B1GQ,CP_MEUR,BG,2013,42056.2,
ESTAT:TEC00001(1.0),5/3/2024 11:00,A,B1GQ,CP_MEUR,BG,2014,43024.7,
ESTAT:TEC00001(1.0),5/3/2024 11:00,A,B1GQ,CP_MEUR,BG,2015,45797.8,
ESTAT:TEC00001(1.0),5/3/2024 11:00,A,B1GQ,CP_MEUR,BG,2016,48752.1,
ESTAT:TEC00001(1.0),5/3/2024 11:00,A,B1GQ,CP_MEUR,BG,2017,52501.8,
ESTAT:TEC00001(1.0),5/3/2024 11:00,A,B1GQ,CP_MEUR,BG,2018,56199.8,
ESTAT:TEC00001(1.0),5/3/2024 11:00,A,B1GQ,CP_MEUR,BG,2019,61530.8,
ESTAT:TEC00001(1.0),5/3/2024 11:00,A,B1GQ,CP_MEUR,BG,2020,61607.7,
ESTAT:TEC00001(1.0),5/3/2024 11:00,A,B1GQ,CP_MEUR,BG,2021,71060.1,
ESTAT:TEC00001(1.0),5/3/2024 11:00,A,B1GQ,CP_MEUR,BG,2022,85800.7,
ESTAT:TEC00001(1.0),5/3/2024 11:00,A,B1GQ,CP_MEUR,CH,2012,534012.8,
ESTAT:TEC00001(1.0),5/3/2024 11:00,A,B1GQ,CP_MEUR,CH,2013,531729.1,
ESTAT:TEC00001(1.0),5/3/2024 11:00,A,B1GQ,CP_MEUR,CH,2014,548014.5,
ESTAT:TEC00001(1.0),5/3/2024 11:00,A,B1GQ,CP_MEUR,CH,2015,625532.7,
ESTAT:TEC00001(1.0),5/3/2024 11:00,A,B1GQ,CP_MEUR,CH,2016,621765.1,
ESTAT:TEC00001(1.0),5/3/2024 11:00,A,B1GQ,CP_MEUR,CH,2017,615776.3,
ESTAT:TEC00001(1.0),5/3/2024 11:00,A,B1GQ,CP_MEUR,CH,2018,614304.4,
ESTAT:TEC00001(1.0),5/3/2024 11:00,A,B1GQ,CP_MEUR,CH,2019,644443.2,
ESTAT:TEC00001(1.0),5/3/2024 11:00,A,B1GQ,CP_MEUR,CH,2020,650742.6,
ESTAT:TEC00001(1.0),5/3/2024 11:00,A,B1GQ,CP_MEUR,CH,2021,687568.4,
ESTAT:TEC00001(1.0),5/3/2024 11:00,A,B1GQ,CP_MEUR,CH,2022,777804.6,
ESTAT:TEC00001(1.0),5/3/2024 11:00,A,B1GQ,CP_MEUR,CH,2023,818182.9,
ESTAT:TEC00001(1.0),5/3/2024 11:00,A,B1GQ,CP_MEUR,CY,2012,19495.4,
ESTAT:TEC00001(1.0),5/3/2024 11:00,A,B1GQ,CP_MEUR,CY,2013,18040.3,
ESTAT:TEC00001(1.0),5/3/2024 11:00,A,B1GQ,CP_MEUR,CY,2014,17482.8,
ESTAT:TEC00001(1.0),5/3/2024 11:00,A,B1GQ,CP_MEUR,CY,2015,17944.2,
ESTAT:TEC00001(1.0),5/3/2024 11:00,A,B1GQ,CP_MEUR,CY,2016,19013.8,
ESTAT:TEC00001(1.0),5/3/2024 11:00,A,B1GQ,CP_MEUR,CY,2017,20312.4,
ESTAT:TEC00001(1.0),5/3/2024 11:00,A,B1GQ,CP_MEUR,CY,2018,21675.1,
ESTAT:TEC00001(1.0),5/3/2024 11:00,A,B1GQ,CP_MEUR,CY,2019,23177.9,
ESTAT:TEC00001(1.0),5/3/2024 11:00,A,B1GQ,CP_MEUR,CY,2020,22086.6,
ESTAT:TEC00001(1.0),5/3/2024 11:00,A,B1GQ,CP_MEUR,CY,2021,24927.6,
ESTAT:TEC00001(1.0),5/3/2024 11:00,A,B1GQ,CP_MEUR,CY,2022,27777,p
ESTAT:TEC00001(1.0),5/3/2024 11:00,A,B1GQ,CP_MEUR,CY,2023,29757.1,p
ESTAT:TEC00001(1.0),5/3/2024 11:00,A,B1GQ,CP_MEUR,CZ,2012,162587.5,
ESTAT:TEC00001(1.0),5/3/2024 11:00,A,B1GQ,CP_MEUR,CZ,2013,159461.5,
ESTAT:TEC00001(1.0),5/3/2024 11:00,A,B1GQ,CP_MEUR,CZ,2014,157821.3,
ESTAT:TEC00001(1.0),5/3/2024 11:00,A,B1GQ,CP_MEUR,CZ,2015,169558.2,
ESTAT:TEC00001(1.0),5/3/2024 11:00,A,B1GQ,CP_MEUR,CZ,2016,177438.5,
ESTAT:TEC00001(1.0),5/3/2024 11:00,A,B1GQ,CP_MEUR,CZ,2017,194132.9,
ESTAT:TEC00001(1.0),5/3/2024 11:00,A,B1GQ,CP_MEUR,CZ,2018,210970.5,
ESTAT:TEC00001(1.0),5/3/2024 11:00,A,B1GQ,CP_MEUR,CZ,2019,225613.5,
ESTAT:TEC00001(1.0),5/3/2024 11:00,A,B1GQ,CP_MEUR,CZ,2020,215805.4,
ESTAT:TEC00001(1.0),5/3/2024 11:00,A,B1GQ,CP_MEUR,CZ,2021,238249.5,
ESTAT:TEC00001(1.0),5/3/2024 11:00,A,B1GQ,CP_MEUR,CZ,2022,276265.7,
ESTAT:TEC00001(1.0),5/3/2024 11:00,A,B1GQ,CP_MEUR,CZ,2023,305490.2,
ESTAT:TEC00001(1.0),5/3/2024 11:00,A,B1GQ,CP_MEUR,DE,2012,2745310,
ESTAT:TEC00001(1.0),5/3/2024 11:00,A,B1GQ,CP_MEUR,DE,2013,2811350,
ESTAT:TEC00001(1.0),5/3/2024 11:00,A,B1GQ,CP_MEUR,DE,2014,2927430,
ESTAT:TEC00001(1.0),5/3/2024 11:00,A,B1GQ,CP_MEUR,DE,2015,3026180,
ESTAT:TEC00001(1.0),5/3/2024 11:00,A,B1GQ,CP_MEUR,DE,2016,3134740,
ESTAT:TEC00001(1.0),5/3/2024 11:00,A,B1GQ,CP_MEUR,DE,2017,3267160,
ESTAT:TEC00001(1.0),5/3/2024 11:00,A,B1GQ,CP_MEUR,DE,2018,3365450,
ESTAT:TEC00001(1.0),5/3/2024 11:00,A,B1GQ,CP_MEUR,DE,2019,3474110,p
ESTAT:TEC00001(1.0),5/3/2024 11:00,A,B1GQ,CP_MEUR,DE,2020,3403730,p
ESTAT:TEC00001(1.0),5/3/2024 11:00,A,B1GQ,CP_MEUR,DE,2021,3617450,p
ESTAT:TEC00001(1.0),5/3/2024 11:00,A,B1GQ,CP_MEUR,DE,2022,3876810,p
ESTAT:TEC00001(1.0),5/3/2024 11:00,A,B1GQ,CP_MEUR,DE,2023,4121160,p
ESTAT:TEC00001(1.0),5/3/2024 11:00,A,B1GQ,CP_MEUR,DK,2012,254578,
ESTAT:TEC00001(1.0),5/3/2024 11:00,A,B1GQ,CP_MEUR,DK,2013,258742.7,
ESTAT:TEC00001(1.0),5/3/2024 11:00,A,B1GQ,CP_MEUR,DK,2014,265757,
ESTAT:TEC00001(1.0),5/3/2024 11:00,A,B1GQ,CP_MEUR,DK,2015,273017.6,
ESTAT:TEC00001(1.0),5/3/2024 11:00,A,B1GQ,CP_MEUR,DK,2016,283109.7,
ESTAT:TEC00001(1.0),5/3/2024 11:00,A,B1GQ,CP_MEUR,DK,2017,294808.2,
ESTAT:TEC00001(1.0),5/3/2024 11:00,A,B1GQ,CP_MEUR,DK,2018,302328.7,
ESTAT:TEC00001(1.0),5/3/2024 11:00,A,B1GQ,CP_MEUR,DK,2019,309526.4,
ESTAT:TEC00001(1.0),5/3/2024 11:00,A,B1GQ,CP_MEUR,DK,2020,311356.3,
ESTAT:TEC00001(1.0),5/3/2024 11:00,A,B1GQ,CP_MEUR,DK,2021,342961.7,
ESTAT:TEC00001(1.0),5/3/2024 11:00,A,B1GQ,CP_MEUR,DK,2022,380617.8,
ESTAT:TEC00001(1.0),5/3/2024 11:00,A,B1GQ,CP_MEUR,DK,2023,374679.9,
ESTAT:TEC00001(1.0),5/3/2024 11:00,A,B1GQ,CP_MEUR,EA19,2012,9837015.1,
ESTAT:TEC00001(1.0),5/3/2024 11:00,A,B1GQ,CP_MEUR,EA19,2013,9935971.7,
ESTAT:TEC00001(1.0),5/3/2024 11:00,A,B1GQ,CP_MEUR,EA19,2014,10169843.9,
ESTAT:TEC00001(1.0),5/3/2024 11:00,A,B1GQ,CP_MEUR,EA19,2015,10523622.5,
ESTAT:TEC00001(1.0),5/3/2024 11:00,A,B1GQ,CP_MEUR,EA19,2016,10816813.4,
ESTAT:TEC00001(1.0),5/3/2024 11:00,A,B1GQ,CP_MEUR,EA19,2017,11224918,
ESTAT:TEC00001(1.0),5/3/2024 11:00,A,B1GQ,CP_MEUR,EA19,2018,11600155.5,
ESTAT:TEC00001(1.0),5/3/2024 11:00,A,B1GQ,CP_MEUR,EA19,2019,11987121,
ESTAT:TEC00001(1.0),5/3/2024 11:00,A,B1GQ,CP_MEUR,EA19,2020,11466665.1,
ESTAT:TEC00001(1.0),5/3/2024 11:00,A,B1GQ,CP_MEUR,EA19,2021,12416394.1,
ESTAT:TEC00001(1.0),5/3/2024 11:00,A,B1GQ,CP_MEUR,EA19,2022,13423943,
ESTAT:TEC00001(1.0),5/3/2024 11:00,A,B1GQ,CP_MEUR,EA20,2012,9881732.3,
ESTAT:TEC00001(1.0),5/3/2024 11:00,A,B1GQ,CP_MEUR,EA20,2013,9980504.6,
ESTAT:TEC00001(1.0),5/3/2024 11:00,A,B1GQ,CP_MEUR,EA20,2014,10213928,
ESTAT:TEC00001(1.0),5/3/2024 11:00,A,B1GQ,CP_MEUR,EA20,2015,10568983.3,
ESTAT:TEC00001(1.0),5/3/2024 11:00,A,B1GQ,CP_MEUR,EA20,2016,10864262.3,
ESTAT:TEC00001(1.0),5/3/2024 11:00,A,B1GQ,CP_MEUR,EA20,2017,11275014.9,
ESTAT:TEC00001(1.0),5/3/2024 11:00,A,B1GQ,CP_MEUR,EA20,2018,11653032.4,
ESTAT:TEC00001(1.0),5/3/2024 11:00,A,B1GQ,CP_MEUR,EA20,2019,12042893.3,
ESTAT:TEC00001(1.0),5/3/2024 11:00,A,B1GQ,CP_MEUR,EA20,2020,11517208.2,
ESTAT:TEC00001(1.0),5/3/2024 11:00,A,B1GQ,CP_MEUR,EA20,2021,12474849.2,
ESTAT:TEC00001(1.0),5/3/2024 11:00,A,B1GQ,CP_MEUR,EA20,2022,13491932.5,
ESTAT:TEC00001(1.0),5/3/2024 11:00,A,B1GQ,CP_MEUR,EE,2012,17916.7,
ESTAT:TEC00001(1.0),5/3/2024 11:00,A,B1GQ,CP_MEUR,EE,2013,18910.8,
ESTAT:TEC00001(1.0),5/3/2024 11:00,A,B1GQ,CP_MEUR,EE,2014,20048.2,
ESTAT:TEC00001(1.0),5/3/2024 11:00,A,B1GQ,CP_MEUR,EE,2015,20631.4,
ESTAT:TEC00001(1.0),5/3/2024 11:00,A,B1GQ,CP_MEUR,EE,2016,21747.9,
ESTAT:TEC00001(1.0),5/3/2024 11:00,A,B1GQ,CP_MEUR,EE,2017,23833.6,
ESTAT:TEC00001(1.0),5/3/2024 11:00,A,B1GQ,CP_MEUR,EE,2018,25932.2,
ESTAT:TEC00001(1.0),5/3/2024 11:00,A,B1GQ,CP_MEUR,EE,2019,27951,
ESTAT:TEC00001(1.0),5/3/2024 11:00,A,B1GQ,CP_MEUR,EE,2020,27430,
ESTAT:TEC00001(1.0),5/3/2024 11:00,A,B1GQ,CP_MEUR,EE,2021,31169,
ESTAT:TEC00001(1.0),5/3/2024 11:00,A,B1GQ,CP_MEUR,EE,2022,36011.1,
ESTAT:TEC00001(1.0),5/3/2024 11:00,A,B1GQ,CP_MEUR,EL,2012,188380.6,
ESTAT:TEC00001(1.0),5/3/2024 11:00,A,B1GQ,CP_MEUR,EL,2013,179884.4,
ESTAT:TEC00001(1.0),5/3/2024 11:00,A,B1GQ,CP_MEUR,EL,2014,177236,
ESTAT:TEC00001(1.0),5/3/2024 11:00,A,B1GQ,CP_MEUR,EL,2015,176368.9,
ESTAT:TEC00001(1.0),5/3/2024 11:00,A,B1GQ,CP_MEUR,EL,2016,174494.2,
ESTAT:TEC00001(1.0),5/3/2024 11:00,A,B1GQ,CP_MEUR,EL,2017,176903.4,
ESTAT:TEC00001(1.0),5/3/2024 11:00,A,B1GQ,CP_MEUR,EL,2018,179557.7,
ESTAT:TEC00001(1.0),5/3/2024 11:00,A,B1GQ,CP_MEUR,EL,2019,183347.4,
ESTAT:TEC00001(1.0),5/3/2024 11:00,A,B1GQ,CP_MEUR,EL,2020,165015.7,
ESTAT:TEC00001(1.0),5/3/2024 11:00,A,B1GQ,CP_MEUR,EL,2021,181500.4,p
ESTAT:TEC00001(1.0),5/3/2024 11:00,A,B1GQ,CP_MEUR,EL,2022,206620.4,p
ESTAT:TEC00001(1.0),5/3/2024 11:00,A,B1GQ,CP_MEUR,ES,2012,1031104,
ESTAT:TEC00001(1.0),5/3/2024 11:00,A,B1GQ,CP_MEUR,ES,2013,1020677,
ESTAT:TEC00001(1.0),5/3/2024 11:00,A,B1GQ,CP_MEUR,ES,2014,1032608,
ESTAT:TEC00001(1.0),5/3/2024 11:00,A,B1GQ,CP_MEUR,ES,2015,1078092,
ESTAT:TEC00001(1.0),5/3/2024 11:00,A,B1GQ,CP_MEUR,ES,2016,1114420,
ESTAT:TEC00001(1.0),5/3/2024 11:00,A,B1GQ,CP_MEUR,ES,2017,1162492,
ESTAT:TEC00001(1.0),5/3/2024 11:00,A,B1GQ,CP_MEUR,ES,2018,1203859,
ESTAT:TEC00001(1.0),5/3/2024 11:00,A,B1GQ,CP_MEUR,ES,2019,1245513,
ESTAT:TEC00001(1.0),5/3/2024 11:00,A,B1GQ,CP_MEUR,ES,2020,1119010,
ESTAT:TEC00001(1.0),5/3/2024 11:00,A,B1GQ,CP_MEUR,ES,2021,1222290,p
ESTAT:TEC00001(1.0),5/3/2024 11:00,A,B1GQ,CP_MEUR,ES,2022,1346377,p
ESTAT:TEC00001(1.0),5/3/2024 11:00,A,B1GQ,CP_MEUR,ES,2023,1462070,p
ESTAT:TEC00001(1.0),5/3/2024 11:00,A,B1GQ,CP_MEUR,EU27_2020,2012,11396146.9,
ESTAT:TEC00001(1.0),5/3/2024 11:00,A,B1GQ,CP_MEUR,EU27_2020,2013,11516140.6,
ESTAT:TEC00001(1.0),5/3/2024 11:00,A,B1GQ,CP_MEUR,EU27_2020,2014,11782563.6,
ESTAT:TEC00001(1.0),5/3/2024 11:00,A,B1GQ,CP_MEUR,EU27_2020,2015,12215765.1,
ESTAT:TEC00001(1.0),5/3/2024 11:00,A,B1GQ,CP_MEUR,EU27_2020,2016,12548314.4,
ESTAT:TEC00001(1.0),5/3/2024 11:00,A,B1GQ,CP_MEUR,EU27_2020,2017,13075679.5,
ESTAT:TEC00001(1.0),5/3/2024 11:00,A,B1GQ,CP_MEUR,EU27_2020,2018,13534336,
ESTAT:TEC00001(1.0),5/3/2024 11:00,A,B1GQ,CP_MEUR,EU27_2020,2019,14019671.3,
ESTAT:TEC00001(1.0),5/3/2024 11:00,A,B1GQ,CP_MEUR,EU27_2020,2020,13471033.8,
ESTAT:TEC00001(1.0),5/3/2024 11:00,A,B1GQ,CP_MEUR,EU27_2020,2021,14639811.8,
ESTAT:TEC00001(1.0),5/3/2024 11:00,A,B1GQ,CP_MEUR,EU27_2020,2022,15905279.9,
ESTAT:TEC00001(1.0),5/3/2024 11:00,A,B1GQ,CP_MEUR,FI,2012,201037,
ESTAT:TEC00001(1.0),5/3/2024 11:00,A,B1GQ,CP_MEUR,FI,2013,204321,
ESTAT:TEC00001(1.0),5/3/2024 11:00,A,B1GQ,CP_MEUR,FI,2014,206897,
ESTAT:TEC00001(1.0),5/3/2024 11:00,A,B1GQ,CP_MEUR,FI,2015,211385,
ESTAT:TEC00001(1.0),5/3/2024 11:00,A,B1GQ,CP_MEUR,FI,2016,217518,
ESTAT:TEC00001(1.0),5/3/2024 11:00,A,B1GQ,CP_MEUR,FI,2017,226301,
ESTAT:TEC00001(1.0),5/3/2024 11:00,A,B1GQ,CP_MEUR,FI,2018,233462,
ESTAT:TEC00001(1.0),5/3/2024 11:00,A,B1GQ,CP_MEUR,FI,2019,239858,
ESTAT:TEC00001(1.0),5/3/2024 11:00,A,B1GQ,CP_MEUR,FI,2020,238038,
ESTAT:TEC00001(1.0),5/3/2024 11:00,A,B1GQ,CP_MEUR,FI,2021,250664,
ESTAT:TEC00001(1.0),5/3/2024 11:00,A,B1GQ,CP_MEUR,FI,2022,267688,
ESTAT:TEC00001(1.0),5/3/2024 11:00,A,B1GQ,CP_MEUR,FI,2023,277833,
ESTAT:TEC00001(1.0),5/3/2024 11:00,A,B1GQ,CP_MEUR,FR,2012,2088804,
ESTAT:TEC00001(1.0),5/3/2024 11:00,A,B1GQ,CP_MEUR,FR,2013,2117189,
ESTAT:TEC00001(1.0),5/3/2024 11:00,A,B1GQ,CP_MEUR,FR,2014,2149765,
ESTAT:TEC00001(1.0),5/3/2024 11:00,A,B1GQ,CP_MEUR,FR,2015,2198432,
ESTAT:TEC00001(1.0),5/3/2024 11:00,A,B1GQ,CP_MEUR,FR,2016,2234129,
ESTAT:TEC00001(1.0),5/3/2024 11:00,A,B1GQ,CP_MEUR,FR,2017,2297242,
ESTAT:TEC00001(1.0),5/3/2024 11:00,A,B1GQ,CP_MEUR,FR,2018,2363306,
ESTAT:TEC00001(1.0),5/3/2024 11:00,A,B1GQ,CP_MEUR,FR,2019,2437635,
ESTAT:TEC00001(1.0),5/3/2024 11:00,A,B1GQ,CP_MEUR,FR,2020,2317832,
ESTAT:TEC00001(1.0),5/3/2024 11:00,A,B1GQ,CP_MEUR,FR,2021,2502118,p
ESTAT:TEC00001(1.0),5/3/2024 11:00,A,B1GQ,CP_MEUR,FR,2022,2639092,p
ESTAT:TEC00001(1.0),5/3/2024 11:00,A,B1GQ,CP_MEUR,FR,2023,2803100,p
ESTAT:TEC00001(1.0),5/3/2024 11:00,A,B1GQ,CP_MEUR,HR,2012,44717.2,
ESTAT:TEC00001(1.0),5/3/2024 11:00,A,B1GQ,CP_MEUR,HR,2013,44532.9,
ESTAT:TEC00001(1.0),5/3/2024 11:00,A,B1GQ,CP_MEUR,HR,2014,44084.2,
ESTAT:TEC00001(1.0),5/3/2024 11:00,A,B1GQ,CP_MEUR,HR,2015,45360.7,
ESTAT:TEC00001(1.0),5/3/2024 11:00,A,B1GQ,CP_MEUR,HR,2016,47448.9,
ESTAT:TEC00001(1.0),5/3/2024 11:00,A,B1GQ,CP_MEUR,HR,2017,50096.9,
ESTAT:TEC00001(1.0),5/3/2024 11:00,A,B1GQ,CP_MEUR,HR,2018,52876.9,
ESTAT:TEC00001(1.0),5/3/2024 11:00,A,B1GQ,CP_MEUR,HR,2019,55772.3,
ESTAT:TEC00001(1.0),5/3/2024 11:00,A,B1GQ,CP_MEUR,HR,2020,50543.1,
ESTAT:TEC00001(1.0),5/3/2024 11:00,A,B1GQ,CP_MEUR,HR,2021,58455.1,
ESTAT:TEC00001(1.0),5/3/2024 11:00,A,B1GQ,CP_MEUR,HR,2022,67989.5,p
ESTAT:TEC00001(1.0),5/3/2024 11:00,A,B1GQ,CP_MEUR,HU,2012,100247.6,
ESTAT:TEC00001(1.0),5/3/2024 11:00,A,B1GQ,CP_MEUR,HU,2013,102239.7,
ESTAT:TEC00001(1.0),5/3/2024 11:00,A,B1GQ,CP_MEUR,HU,2014,106263.8,
ESTAT:TEC00001(1.0),5/3/2024 11:00,A,B1GQ,CP_MEUR,HU,2015,112791,
ESTAT:TEC00001(1.0),5/3/2024 11:00,A,B1GQ,CP_MEUR,HU,2016,116255.7,
ESTAT:TEC00001(1.0),5/3/2024 11:00,A,B1GQ,CP_MEUR,HU,2017,127024.7,
ESTAT:TEC00001(1.0),5/3/2024 11:00,A,B1GQ,CP_MEUR,HU,2018,136055.4,
ESTAT:TEC00001(1.0),5/3/2024 11:00,A,B1GQ,CP_MEUR,HU,2019,146554.5,
ESTAT:TEC00001(1.0),5/3/2024 11:00,A,B1GQ,CP_MEUR,HU,2020,137866,
ESTAT:TEC00001(1.0),5/3/2024 11:00,A,B1GQ,CP_MEUR,HU,2021,153963.3,
ESTAT:TEC00001(1.0),5/3/2024 11:00,A,B1GQ,CP_MEUR,HU,2022,168865,p
ESTAT:TEC00001(1.0),5/3/2024 11:00,A,B1GQ,CP_MEUR,IE,2012,175218.5,
ESTAT:TEC00001(1.0),5/3/2024 11:00,A,B1GQ,CP_MEUR,IE,2013,179285.6,
ESTAT:TEC00001(1.0),5/3/2024 11:00,A,B1GQ,CP_MEUR,IE,2014,195469.9,
ESTAT:TEC00001(1.0),5/3/2024 11:00,A,B1GQ,CP_MEUR,IE,2015,263506.8,
ESTAT:TEC00001(1.0),5/3/2024 11:00,A,B1GQ,CP_MEUR,IE,2016,269724.8,
ESTAT:TEC00001(1.0),5/3/2024 11:00,A,B1GQ,CP_MEUR,IE,2017,298528.3,
ESTAT:TEC00001(1.0),5/3/2024 11:00,A,B1GQ,CP_MEUR,IE,2018,327441.4,
ESTAT:TEC00001(1.0),5/3/2024 11:00,A,B1GQ,CP_MEUR,IE,2019,356357.4,
ESTAT:TEC00001(1.0),5/3/2024 11:00,A,B1GQ,CP_MEUR,IE,2020,375249.6,
ESTAT:TEC00001(1.0),5/3/2024 11:00,A,B1GQ,CP_MEUR,IE,2021,434069.7,
ESTAT:TEC00001(1.0),5/3/2024 11:00,A,B1GQ,CP_MEUR,IE,2022,506282.4,
ESTAT:TEC00001(1.0),5/3/2024 11:00,A,B1GQ,CP_MEUR,IE,2023,504619.7,
ESTAT:TEC00001(1.0),5/3/2024 11:00,A,B1GQ,CP_MEUR,IS,2012,11479.9,
ESTAT:TEC00001(1.0),5/3/2024 11:00,A,B1GQ,CP_MEUR,IS,2013,12132.9,
ESTAT:TEC00001(1.0),5/3/2024 11:00,A,B1GQ,CP_MEUR,IS,2014,13472.6,
ESTAT:TEC00001(1.0),5/3/2024 11:00,A,B1GQ,CP_MEUR,IS,2015,15795.3,
ESTAT:TEC00001(1.0),5/3/2024 11:00,A,B1GQ,CP_MEUR,IS,2016,18804.2,
ESTAT:TEC00001(1.0),5/3/2024 11:00,A,B1GQ,CP_MEUR,IS,2017,21917.7,
ESTAT:TEC00001(1.0),5/3/2024 11:00,A,B1GQ,CP_MEUR,IS,2018,22238.3,
ESTAT:TEC00001(1.0),5/3/2024 11:00,A,B1GQ,CP_MEUR,IS,2019,22043.3,
ESTAT:TEC00001(1.0),5/3/2024 11:00,A,B1GQ,CP_MEUR,IS,2020,18891.7,
ESTAT:TEC00001(1.0),5/3/2024 11:00,A,B1GQ,CP_MEUR,IS,2021,21647.7,
ESTAT:TEC00001(1.0),5/3/2024 11:00,A,B1GQ,CP_MEUR,IS,2022,26691.3,
ESTAT:TEC00001(1.0),5/3/2024 11:00,A,B1GQ,CP_MEUR,IT,2012,1624358.7,
ESTAT:TEC00001(1.0),5/3/2024 11:00,A,B1GQ,CP_MEUR,IT,2013,1612751.3,
ESTAT:TEC00001(1.0),5/3/2024 11:00,A,B1GQ,CP_MEUR,IT,2014,1627405.6,
ESTAT:TEC00001(1.0),5/3/2024 11:00,A,B1GQ,CP_MEUR,IT,2015,1655355,
ESTAT:TEC00001(1.0),5/3/2024 11:00,A,B1GQ,CP_MEUR,IT,2016,1695786.8,
ESTAT:TEC00001(1.0),5/3/2024 11:00,A,B1GQ,CP_MEUR,IT,2017,1736592.8,
ESTAT:TEC00001(1.0),5/3/2024 11:00,A,B1GQ,CP_MEUR,IT,2018,1771391.2,
ESTAT:TEC00001(1.0),5/3/2024 11:00,A,B1GQ,CP_MEUR,IT,2019,1796648.5,
ESTAT:TEC00001(1.0),5/3/2024 11:00,A,B1GQ,CP_MEUR,IT,2020,1661239.8,
ESTAT:TEC00001(1.0),5/3/2024 11:00,A,B1GQ,CP_MEUR,IT,2021,1821934.6,
ESTAT:TEC00001(1.0),5/3/2024 11:00,A,B1GQ,CP_MEUR,IT,2022,1962845.8,
ESTAT:TEC00001(1.0),5/3/2024 11:00,A,B1GQ,CP_MEUR,IT,2023,2085375.6,
ESTAT:TEC00001(1.0),5/3/2024 11:00,A,B1GQ,CP_MEUR,LI,2013,4812.4,
ESTAT:TEC00001(1.0),5/3/2024 11:00,A,B1GQ,CP_MEUR,LI,2014,5021.7,
ESTAT:TEC00001(1.0),5/3/2024 11:00,A,B1GQ,CP_MEUR,LI,2015,5649.1,
ESTAT:TEC00001(1.0),5/3/2024 11:00,A,B1GQ,CP_MEUR,LI,2016,5637.7,
ESTAT:TEC00001(1.0),5/3/2024 11:00,A,B1GQ,CP_MEUR,LI,2017,5734.6,
ESTAT:TEC00001(1.0),5/3/2024 11:00,A,B1GQ,CP_MEUR,LI,2018,5666.3,
ESTAT:TEC00001(1.0),5/3/2024 11:00,A,B1GQ,CP_MEUR,LI,2019,5750.1,
ESTAT:TEC00001(1.0),5/3/2024 11:00,A,B1GQ,CP_MEUR,LI,2020,5618,
ESTAT:TEC00001(1.0),5/3/2024 11:00,A,B1GQ,CP_MEUR,LI,2021,6517.5,p
ESTAT:TEC00001(1.0),5/3/2024 11:00,A,B1GQ,CP_MEUR,LT,2012,33410.2,
ESTAT:TEC00001(1.0),5/3/2024 11:00,A,B1GQ,CP_MEUR,LT,2013,35039.5,
ESTAT:TEC00001(1.0),5/3/2024 11:00,A,B1GQ,CP_MEUR,LT,2014,36581.3,
ESTAT:TEC00001(1.0),5/3/2024 11:00,A,B1GQ,CP_MEUR,LT,2015,37345.7,
ESTAT:TEC00001(1.0),5/3/2024 11:00,A,B1GQ,CP_MEUR,LT,2016,38889.9,
ESTAT:TEC00001(1.0),5/3/2024 11:00,A,B1GQ,CP_MEUR,LT,2017,42276.3,
ESTAT:TEC00001(1.0),5/3/2024 11:00,A,B1GQ,CP_MEUR,LT,2018,45515.2,
ESTAT:TEC00001(1.0),5/3/2024 11:00,A,B1GQ,CP_MEUR,LT,2019,48959.2,
ESTAT:TEC00001(1.0),5/3/2024 11:00,A,B1GQ,CP_MEUR,LT,2020,49873.2,
ESTAT:TEC00001(1.0),5/3/2024 11:00,A,B1GQ,CP_MEUR,LT,2021,56478.1,
ESTAT:TEC00001(1.0),5/3/2024 11:00,A,B1GQ,CP_MEUR,LT,2022,67399.1,
ESTAT:TEC00001(1.0),5/3/2024 11:00,A,B1GQ,CP_MEUR,LT,2023,72047.8,
ESTAT:TEC00001(1.0),5/3/2024 11:00,A,B1GQ,CP_MEUR,LU,2012,46526.2,
ESTAT:TEC00001(1.0),5/3/2024 11:00,A,B1GQ,CP_MEUR,LU,2013,49094.5,
ESTAT:TEC00001(1.0),5/3/2024 11:00,A,B1GQ,CP_MEUR,LU,2014,51791.3,
ESTAT:TEC00001(1.0),5/3/2024 11:00,A,B1GQ,CP_MEUR,LU,2015,54142.3,
ESTAT:TEC00001(1.0),5/3/2024 11:00,A,B1GQ,CP_MEUR,LU,2016,56208.1,
ESTAT:TEC00001(1.0),5/3/2024 11:00,A,B1GQ,CP_MEUR,LU,2017,58168.8,
ESTAT:TEC00001(1.0),5/3/2024 11:00,A,B1GQ,CP_MEUR,LU,2018,60121.2,
ESTAT:TEC00001(1.0),5/3/2024 11:00,A,B1GQ,CP_MEUR,LU,2019,62431.5,
ESTAT:TEC00001(1.0),5/3/2024 11:00,A,B1GQ,CP_MEUR,LU,2020,64524.3,
ESTAT:TEC00001(1.0),5/3/2024 11:00,A,B1GQ,CP_MEUR,LU,2021,72360.9,
ESTAT:TEC00001(1.0),5/3/2024 11:00,A,B1GQ,CP_MEUR,LU,2022,77529,
ESTAT:TEC00001(1.0),5/3/2024 11:00,A,B1GQ,CP_MEUR,LV,2012,22097.5,
ESTAT:TEC00001(1.0),5/3/2024 11:00,A,B1GQ,CP_MEUR,LV,2013,22791.3,
ESTAT:TEC00001(1.0),5/3/2024 11:00,A,B1GQ,CP_MEUR,LV,2014,23625.8,
ESTAT:TEC00001(1.0),5/3/2024 11:00,A,B1GQ,CP_MEUR,LV,2015,24572.1,
ESTAT:TEC00001(1.0),5/3/2024 11:00,A,B1GQ,CP_MEUR,LV,2016,25371.3,
ESTAT:TEC00001(1.0),5/3/2024 11:00,A,B1GQ,CP_MEUR,LV,2017,26984.4,
ESTAT:TEC00001(1.0),5/3/2024 11:00,A,B1GQ,CP_MEUR,LV,2018,29153.6,
ESTAT:TEC00001(1.0),5/3/2024 11:00,A,B1GQ,CP_MEUR,LV,2019,30572.9,
ESTAT:TEC00001(1.0),5/3/2024 11:00,A,B1GQ,CP_MEUR,LV,2020,30109.5,
ESTAT:TEC00001(1.0),5/3/2024 11:00,A,B1GQ,CP_MEUR,LV,2021,33348.9,
ESTAT:TEC00001(1.0),5/3/2024 11:00,A,B1GQ,CP_MEUR,LV,2022,38386.2,
ESTAT:TEC00001(1.0),5/3/2024 11:00,A,B1GQ,CP_MEUR,LV,2023,40309.7,
ESTAT:TEC00001(1.0),5/3/2024 11:00,A,B1GQ,CP_MEUR,ME,2012,3181.5,
ESTAT:TEC00001(1.0),5/3/2024 11:00,A,B1GQ,CP_MEUR,ME,2013,3362.5,
ESTAT:TEC00001(1.0),5/3/2024 11:00,A,B1GQ,CP_MEUR,ME,2014,3457.9,
ESTAT:TEC00001(1.0),5/3/2024 11:00,A,B1GQ,CP_MEUR,ME,2015,3654.5,
ESTAT:TEC00001(1.0),5/3/2024 11:00,A,B1GQ,CP_MEUR,ME,2016,3954.2,
ESTAT:TEC00001(1.0),5/3/2024 11:00,A,B1GQ,CP_MEUR,ME,2017,4299.1,
ESTAT:TEC00001(1.0),5/3/2024 11:00,A,B1GQ,CP_MEUR,ME,2018,4663.1,
ESTAT:TEC00001(1.0),5/3/2024 11:00,A,B1GQ,CP_MEUR,ME,2019,4950.7,
ESTAT:TEC00001(1.0),5/3/2024 11:00,A,B1GQ,CP_MEUR,ME,2020,4185.6,
ESTAT:TEC00001(1.0),5/3/2024 11:00,A,B1GQ,CP_MEUR,ME,2021,4955.1,
ESTAT:TEC00001(1.0),5/3/2024 11:00,A,B1GQ,CP_MEUR,ME,2022,5924,
ESTAT:TEC00001(1.0),5/3/2024 11:00,A,B1GQ,CP_MEUR,MK,2012,7584.8,
ESTAT:TEC00001(1.0),5/3/2024 11:00,A,B1GQ,CP_MEUR,MK,2013,8149.6,
ESTAT:TEC00001(1.0),5/3/2024 11:00,A,B1GQ,CP_MEUR,MK,2014,8562,
ESTAT:TEC00001(1.0),5/3/2024 11:00,A,B1GQ,CP_MEUR,MK,2015,9072.3,
ESTAT:TEC00001(1.0),5/3/2024 11:00,A,B1GQ,CP_MEUR,MK,2016,9656.5,
ESTAT:TEC00001(1.0),5/3/2024 11:00,A,B1GQ,CP_MEUR,MK,2017,10038.3,
ESTAT:TEC00001(1.0),5/3/2024 11:00,A,B1GQ,CP_MEUR,MK,2018,10744,
ESTAT:TEC00001(1.0),5/3/2024 11:00,A,B1GQ,CP_MEUR,MK,2019,11262,
ESTAT:TEC00001(1.0),5/3/2024 11:00,A,B1GQ,CP_MEUR,MK,2020,10851.7,
ESTAT:TEC00001(1.0),5/3/2024 11:00,A,B1GQ,CP_MEUR,MK,2021,11834.7,
ESTAT:TEC00001(1.0),5/3/2024 11:00,A,B1GQ,CP_MEUR,MK,2022,13033.2,p
ESTAT:TEC00001(1.0),5/3/2024 11:00,A,B1GQ,CP_MEUR,MT,2012,7364.5,
ESTAT:TEC00001(1.0),5/3/2024 11:00,A,B1GQ,CP_MEUR,MT,2013,7944.3,
ESTAT:TEC00001(1.0),5/3/2024 11:00,A,B1GQ,CP_MEUR,MT,2014,8751.1,
ESTAT:TEC00001(1.0),5/3/2024 11:00,A,B1GQ,CP_MEUR,MT,2015,9996.7,
ESTAT:TEC00001(1.0),5/3/2024 11:00,A,B1GQ,CP_MEUR,MT,2016,10541.1,
ESTAT:TEC00001(1.0),5/3/2024 11:00,A,B1GQ,CP_MEUR,MT,2017,11936.6,
ESTAT:TEC00001(1.0),5/3/2024 11:00,A,B1GQ,CP_MEUR,MT,2018,13044,
ESTAT:TEC00001(1.0),5/3/2024 11:00,A,B1GQ,CP_MEUR,MT,2019,14294.2,
ESTAT:TEC00001(1.0),5/3/2024 11:00,A,B1GQ,CP_MEUR,MT,2020,13352.4,
ESTAT:TEC00001(1.0),5/3/2024 11:00,A,B1GQ,CP_MEUR,MT,2021,15327.3,
ESTAT:TEC00001(1.0),5/3/2024 11:00,A,B1GQ,CP_MEUR,MT,2022,17450.2,
ESTAT:TEC00001(1.0),5/3/2024 11:00,A,B1GQ,CP_MEUR,NL,2012,652966,
ESTAT:TEC00001(1.0),5/3/2024 11:00,A,B1GQ,CP_MEUR,NL,2013,660463,
ESTAT:TEC00001(1.0),5/3/2024 11:00,A,B1GQ,CP_MEUR,NL,2014,671560,
ESTAT:TEC00001(1.0),5/3/2024 11:00,A,B1GQ,CP_MEUR,NL,2015,690008,
ESTAT:TEC00001(1.0),5/3/2024 11:00,A,B1GQ,CP_MEUR,NL,2016,708337,
ESTAT:TEC00001(1.0),5/3/2024 11:00,A,B1GQ,CP_MEUR,NL,2017,738146,
ESTAT:TEC00001(1.0),5/3/2024 11:00,A,B1GQ,CP_MEUR,NL,2018,773987,
ESTAT:TEC00001(1.0),5/3/2024 11:00,A,B1GQ,CP_MEUR,NL,2019,813055,
ESTAT:TEC00001(1.0),5/3/2024 11:00,A,B1GQ,CP_MEUR,NL,2020,796530,
ESTAT:TEC00001(1.0),5/3/2024 11:00,A,B1GQ,CP_MEUR,NL,2021,870587,
ESTAT:TEC00001(1.0),5/3/2024 11:00,A,B1GQ,CP_MEUR,NL,2022,958549,p
ESTAT:TEC00001(1.0),5/3/2024 11:00,A,B1GQ,CP_MEUR,NL,2023,1032841,p
ESTAT:TEC00001(1.0),5/3/2024 11:00,A,B1GQ,CP_MEUR,NO,2012,399069.2,
ESTAT:TEC00001(1.0),5/3/2024 11:00,A,B1GQ,CP_MEUR,NO,2013,395856.8,
ESTAT:TEC00001(1.0),5/3/2024 11:00,A,B1GQ,CP_MEUR,NO,2014,378456.4,
ESTAT:TEC00001(1.0),5/3/2024 11:00,A,B1GQ,CP_MEUR,NO,2015,349756.7,
ESTAT:TEC00001(1.0),5/3/2024 11:00,A,B1GQ,CP_MEUR,NO,2016,335396.5,
ESTAT:TEC00001(1.0),5/3/2024 11:00,A,B1GQ,CP_MEUR,NO,2017,356288.5,
ESTAT:TEC00001(1.0),5/3/2024 11:00,A,B1GQ,CP_MEUR,NO,2018,372657.6,
ESTAT:TEC00001(1.0),5/3/2024 11:00,A,B1GQ,CP_MEUR,NO,2019,365130.5,
ESTAT:TEC00001(1.0),5/3/2024 11:00,A,B1GQ,CP_MEUR,NO,2020,322823.8,
ESTAT:TEC00001(1.0),5/3/2024 11:00,A,B1GQ,CP_MEUR,NO,2021,425445.6,
ESTAT:TEC00001(1.0),5/3/2024 11:00,A,B1GQ,CP_MEUR,NO,2022,564662.2,
ESTAT:TEC00001(1.0),5/3/2024 11:00,A,B1GQ,CP_MEUR,PL,2012,385389.4,
ESTAT:TEC00001(1.0),5/3/2024 11:00,A,B1GQ,CP_MEUR,PL,2013,388356.4,
ESTAT:TEC00001(1.0),5/3/2024 11:00,A,B1GQ,CP_MEUR,PL,2014,406412.5,
ESTAT:TEC00001(1.0),5/3/2024 11:00,A,B1GQ,CP_MEUR,PL,2015,429834.6,
ESTAT:TEC00001(1.0),5/3/2024 11:00,A,B1GQ,CP_MEUR,PL,2016,424735.3,
ESTAT:TEC00001(1.0),5/3/2024 11:00,A,B1GQ,CP_MEUR,PL,2017,465772.6,
ESTAT:TEC00001(1.0),5/3/2024 11:00,A,B1GQ,CP_MEUR,PL,2018,499004.1,
ESTAT:TEC00001(1.0),5/3/2024 11:00,A,B1GQ,CP_MEUR,PL,2019,532504.7,
ESTAT:TEC00001(1.0),5/3/2024 11:00,A,B1GQ,CP_MEUR,PL,2020,526147.2,
ESTAT:TEC00001(1.0),5/3/2024 11:00,A,B1GQ,CP_MEUR,PL,2021,576382.6,
ESTAT:TEC00001(1.0),5/3/2024 11:00,A,B1GQ,CP_MEUR,PL,2022,654594.4,
ESTAT:TEC00001(1.0),5/3/2024 11:00,A,B1GQ,CP_MEUR,PT,2012,168295.6,
ESTAT:TEC00001(1.0),5/3/2024 11:00,A,B1GQ,CP_MEUR,PT,2013,170492.3,
ESTAT:TEC00001(1.0),5/3/2024 11:00,A,B1GQ,CP_MEUR,PT,2014,173053.7,
ESTAT:TEC00001(1.0),5/3/2024 11:00,A,B1GQ,CP_MEUR,PT,2015,179713.2,
ESTAT:TEC00001(1.0),5/3/2024 11:00,A,B1GQ,CP_MEUR,PT,2016,186489.8,
ESTAT:TEC00001(1.0),5/3/2024 11:00,A,B1GQ,CP_MEUR,PT,2017,195947.2,
ESTAT:TEC00001(1.0),5/3/2024 11:00,A,B1GQ,CP_MEUR,PT,2018,205184.1,
ESTAT:TEC00001(1.0),5/3/2024 11:00,A,B1GQ,CP_MEUR,PT,2019,214374.6,
ESTAT:TEC00001(1.0),5/3/2024 11:00,A,B1GQ,CP_MEUR,PT,2020,200518.9,
ESTAT:TEC00001(1.0),5/3/2024 11:00,A,B1GQ,CP_MEUR,PT,2021,216053.2,
ESTAT:TEC00001(1.0),5/3/2024 11:00,A,B1GQ,CP_MEUR,PT,2022,242340.8,p
ESTAT:TEC00001(1.0),5/3/2024 11:00,A,B1GQ,CP_MEUR,PT,2023,265741.9,p
ESTAT:TEC00001(1.0),5/3/2024 11:00,A,B1GQ,CP_MEUR,RO,2012,139319.8,
ESTAT:TEC00001(1.0),5/3/2024 11:00,A,B1GQ,CP_MEUR,RO,2013,142928.9,
ESTAT:TEC00001(1.0),5/3/2024 11:00,A,B1GQ,CP_MEUR,RO,2014,150522.4,
ESTAT:TEC00001(1.0),5/3/2024 11:00,A,B1GQ,CP_MEUR,RO,2015,160287.8,
ESTAT:TEC00001(1.0),5/3/2024 11:00,A,B1GQ,CP_MEUR,RO,2016,167494.3,
ESTAT:TEC00001(1.0),5/3/2024 11:00,A,B1GQ,CP_MEUR,RO,2017,186399,
ESTAT:TEC00001(1.0),5/3/2024 11:00,A,B1GQ,CP_MEUR,RO,2018,206071.9,
ESTAT:TEC00001(1.0),5/3/2024 11:00,A,B1GQ,CP_MEUR,RO,2019,224178.6,
ESTAT:TEC00001(1.0),5/3/2024 11:00,A,B1GQ,CP_MEUR,RO,2020,220486.6,
ESTAT:TEC00001(1.0),5/3/2024 11:00,A,B1GQ,CP_MEUR,RO,2021,241611.3,
ESTAT:TEC00001(1.0),5/3/2024 11:00,A,B1GQ,CP_MEUR,RO,2022,284173.6,p
ESTAT:TEC00001(1.0),5/3/2024 11:00,A,B1GQ,CP_MEUR,RS,2012,33679.3,
ESTAT:TEC00001(1.0),5/3/2024 11:00,A,B1GQ,CP_MEUR,RS,2013,36426.7,
ESTAT:TEC00001(1.0),5/3/2024 11:00,A,B1GQ,CP_MEUR,RS,2014,35467.5,
ESTAT:TEC00001(1.0),5/3/2024 11:00,A,B1GQ,CP_MEUR,RS,2015,35740.2,
ESTAT:TEC00001(1.0),5/3/2024 11:00,A,B1GQ,CP_MEUR,RS,2016,36779.3,
ESTAT:TEC00001(1.0),5/3/2024 11:00,A,B1GQ,CP_MEUR,RS,2017,39235.3,
ESTAT:TEC00001(1.0),5/3/2024 11:00,A,B1GQ,CP_MEUR,RS,2018,42892.2,
ESTAT:TEC00001(1.0),5/3/2024 11:00,A,B1GQ,CP_MEUR,RS,2019,46005.4,
ESTAT:TEC00001(1.0),5/3/2024 11:00,A,B1GQ,CP_MEUR,RS,2020,46815.3,
ESTAT:TEC00001(1.0),5/3/2024 11:00,A,B1GQ,CP_MEUR,RS,2021,53345.3,
ESTAT:TEC00001(1.0),5/3/2024 11:00,A,B1GQ,CP_MEUR,RS,2022,60426.5,p
ESTAT:TEC00001(1.0),5/3/2024 11:00,A,B1GQ,CP_MEUR,RS,2023,69513,p
ESTAT:TEC00001(1.0),5/3/2024 11:00,A,B1GQ,CP_MEUR,SE,2012,430037.1,
ESTAT:TEC00001(1.0),5/3/2024 11:00,A,B1GQ,CP_MEUR,SE,2013,441850.7,
ESTAT:TEC00001(1.0),5/3/2024 11:00,A,B1GQ,CP_MEUR,SE,2014,438833.9,
ESTAT:TEC00001(1.0),5/3/2024 11:00,A,B1GQ,CP_MEUR,SE,2015,455494.7,
ESTAT:TEC00001(1.0),5/3/2024 11:00,A,B1GQ,CP_MEUR,SE,2016,466266.5,
ESTAT:TEC00001(1.0),5/3/2024 11:00,A,B1GQ,CP_MEUR,SE,2017,480025.5,
ESTAT:TEC00001(1.0),5/3/2024 11:00,A,B1GQ,CP_MEUR,SE,2018,470673.1,
ESTAT:TEC00001(1.0),5/3/2024 11:00,A,B1GQ,CP_MEUR,SE,2019,476869.5,
ESTAT:TEC00001(1.0),5/3/2024 11:00,A,B1GQ,CP_MEUR,SE,2020,480556.4,
ESTAT:TEC00001(1.0),5/3/2024 11:00,A,B1GQ,CP_MEUR,SE,2021,540734,
ESTAT:TEC00001(1.0),5/3/2024 11:00,A,B1GQ,CP_MEUR,SE,2022,563030.2,
ESTAT:TEC00001(1.0),5/3/2024 11:00,A,B1GQ,CP_MEUR,SI,2012,36253.3,
ESTAT:TEC00001(1.0),5/3/2024 11:00,A,B1GQ,CP_MEUR,SI,2013,36454.3,
ESTAT:TEC00001(1.0),5/3/2024 11:00,A,B1GQ,CP_MEUR,SI,2014,37634.3,
ESTAT:TEC00001(1.0),5/3/2024 11:00,A,B1GQ,CP_MEUR,SI,2015,38852.6,
ESTAT:TEC00001(1.0),5/3/2024 11:00,A,B1GQ,CP_MEUR,SI,2016,40443.2,
ESTAT:TEC00001(1.0),5/3/2024 11:00,A,B1GQ,CP_MEUR,SI,2017,43011.3,
ESTAT:TEC00001(1.0),5/3/2024 11:00,A,B1GQ,CP_MEUR,SI,2018,45876.3,
ESTAT:TEC00001(1.0),5/3/2024 11:00,A,B1GQ,CP_MEUR,SI,2019,48582.3,
ESTAT:TEC00001(1.0),5/3/2024 11:00,A,B1GQ,CP_MEUR,SI,2020,47044.9,
ESTAT:TEC00001(1.0),5/3/2024 11:00,A,B1GQ,CP_MEUR,SI,2021,52278.8,
ESTAT:TEC00001(1.0),5/3/2024 11:00,A,B1GQ,CP_MEUR,SI,2022,57037.7,
ESTAT:TEC00001(1.0),5/3/2024 11:00,A,B1GQ,CP_MEUR,SI,2023,63089.6,
ESTAT:TEC00001(1.0),5/3/2024 11:00,A,B1GQ,CP_MEUR,SK,2012,73649.3,
ESTAT:TEC00001(1.0),5/3/2024 11:00,A,B1GQ,CP_MEUR,SK,2013,74492.8,
ESTAT:TEC00001(1.0),5/3/2024 11:00,A,B1GQ,CP_MEUR,SK,2014,76354.5,
ESTAT:TEC00001(1.0),5/3/2024 11:00,A,B1GQ,CP_MEUR,SK,2015,80126,
ESTAT:TEC00001(1.0),5/3/2024 11:00,A,B1GQ,CP_MEUR,SK,2016,81265.2,
ESTAT:TEC00001(1.0),5/3/2024 11:00,A,B1GQ,CP_MEUR,SK,2017,84669.9,
ESTAT:TEC00001(1.0),5/3/2024 11:00,A,B1GQ,CP_MEUR,SK,2018,89874.7,
ESTAT:TEC00001(1.0),5/3/2024 11:00,A,B1GQ,CP_MEUR,SK,2019,94429.7,
ESTAT:TEC00001(1.0),5/3/2024 11:00,A,B1GQ,CP_MEUR,SK,2020,93444.1,
ESTAT:TEC00001(1.0),5/3/2024 11:00,A,B1GQ,CP_MEUR,SK,2021,100255.7,
ESTAT:TEC00001(1.0),5/3/2024 11:00,A,B1GQ,CP_MEUR,SK,2022,109645.2,
ESTAT:TEC00001(1.0),5/3/2024 11:00,A,B1GQ,CP_MEUR,TR,2012,683587.3,
ESTAT:TEC00001(1.0),5/3/2024 11:00,A,B1GQ,CP_MEUR,TR,2013,719726.6,
ESTAT:TEC00001(1.0),5/3/2024 11:00,A,B1GQ,CP_MEUR,TR,2014,707000.8,
ESTAT:TEC00001(1.0),5/3/2024 11:00,A,B1GQ,CP_MEUR,TR,2015,777042.3,
ESTAT:TEC00001(1.0),5/3/2024 11:00,A,B1GQ,CP_MEUR,TR,2016,785618.9,
ESTAT:TEC00001(1.0),5/3/2024 11:00,A,B1GQ,CP_MEUR,TR,2017,760497.1,
ESTAT:TEC00001(1.0),5/3/2024 11:00,A,B1GQ,CP_MEUR,TR,2018,658963.4,
ESTAT:TEC00001(1.0),5/3/2024 11:00,A,B1GQ,CP_MEUR,TR,2019,679135.8,
ESTAT:TEC00001(1.0),5/3/2024 11:00,A,B1GQ,CP_MEUR,TR,2020,626785.3,
ESTAT:TEC00001(1.0),5/3/2024 11:00,A,B1GQ,CP_MEUR,TR,2021,690246,
ESTAT:TEC00001(1.0),5/3/2024 11:00,A,B1GQ,CP_MEUR,TR,2022,862309.6,
ESTAT:TEC00001(1.0),5/3/2024 11:00,A,B1GQ,CP_MEUR,UK,2012,2111028.9,
ESTAT:TEC00001(1.0),5/3/2024 11:00,A,B1GQ,CP_MEUR,UK,2013,2096338,
ESTAT:TEC00001(1.0),5/3/2024 11:00,A,B1GQ,CP_MEUR,UK,2014,2311080.2,
ESTAT:TEC00001(1.0),5/3/2024 11:00,A,B1GQ,CP_MEUR,UK,2015,2644716.5,
ESTAT:TEC00001(1.0),5/3/2024 11:00,A,B1GQ,CP_MEUR,UK,2016,2434119.2,
ESTAT:TEC00001(1.0),5/3/2024 11:00,A,B1GQ,CP_MEUR,UK,2017,2359789.9,
ESTAT:TEC00001(1.0),5/3/2024 11:00,A,B1GQ,CP_MEUR,UK,2018,2420897.2,
ESTAT:TEC00001(1.0),5/3/2024 11:00,A,B1GQ,CP_MEUR,UK,2019,2526615.2,
ESTAT:TEC00001(1.0),5/3/2024 11:00,A,B1GQ,CP_MEUR,XK,2012,4797.3,
ESTAT:TEC00001(1.0),5/3/2024 11:00,A,B1GQ,CP_MEUR,XK,2013,5071.3,
ESTAT:TEC00001(1.0),5/3/2024 11:00,A,B1GQ,CP_MEUR,XK,2014,5325.1,
ESTAT:TEC00001(1.0),5/3/2024 11:00,A,B1GQ,CP_MEUR,XK,2015,5674.4,
ESTAT:TEC00001(1.0),5/3/2024 11:00,A,B1GQ,CP_MEUR,XK,2016,6037.3,
ESTAT:TEC00001(1.0),5/3/2024 11:00,A,B1GQ,CP_MEUR,XK,2017,6356.5,
ESTAT:TEC00001(1.0),5/3/2024 11:00,A,B1GQ,CP_MEUR,XK,2018,6671.5,
ESTAT:TEC00001(1.0),5/3/2024 11:00,A,B1GQ,CP_MEUR,XK,2019,7056.2,
ESTAT:TEC00001(1.0),5/3/2024 11:00,A,B1GQ,CP_MEUR,XK,2020,6771.6,
ESTAT:TEC00001(1.0),5/3/2024 11:00,A,B1GQ,CP_MEUR,XK,2021,7957.9,
ESTAT:TEC00001(1.0),5/3/2024 11:00,A,B1GQ,CP_MEUR,XK,2022,8895.7,
