DATAFLOW,LAST UPDATE,freq,unit,na_item,geo,TIME_PERIOD,OBS_VALUE,OBS_FLAG
ESTAT:TEC00115(1.0),5/3/2024 11:00,A,CLV_PCH_PRE,B1GQ,AL,2012,1.4,
ESTAT:TEC00115(1.0),5/3/2024 11:00,A,CLV_PCH_PRE,B1GQ,AL,2013,1,d
ESTAT:TEC00115(1.0),5/3/2024 11:00,A,CLV_PCH_PRE,B1GQ,AL,2014,1.8,d
ESTAT:TEC00115(1.0),5/3/2024 11:00,A,CLV_PCH_PRE,B1GQ,AL,2015,2.2,
ESTAT:TEC00115(1.0),5/3/2024 11:00,A,CLV_PCH_PRE,B1GQ,AL,2016,3.3,
ESTAT:TEC00115(1.0),5/3/2024 11:00,A,CLV_PCH_PRE,B1GQ,AL,2017,3.8,
ESTAT:TEC00115(1.0),5/3/2024 11:00,A,CLV_PCH_PRE,B1GQ,AL,2018,4,
ESTAT:TEC00115(1.0),5/3/2024 11:00,A,CLV_PCH_PRE,B1GQ,AL,2019,2.1,
ESTAT:TEC00115(1.0),5/3/2024 11:00,A,CLV_PCH_PRE,B1GQ,AL,2020,-3.5,p
ESTAT:TEC00115(1.0),5/3/2024 11:00,A,CLV_PCH_PRE,B1GQ,AT,2012,0.7,
ESTAT:TEC00115(1.0),5/3/2024 11:00,A,CLV_PCH_PRE,B1GQ,AT,2013,0,
ESTAT:TEC00115(1.0),5/3/2024 11:00,A,CLV_PCH_PRE,B1GQ,AT,2014,0.7,
ESTAT:TEC00115(1.0),5/3/2024 11:00,A,CLV_PCH_PRE,B1GQ,AT,2015,1,
ESTAT:TEC00115(1.0),5/3/2024 11:00,A,CLV_PCH_PRE,B1GQ,AT,2016,2,
ESTAT:TEC00115(1.0),5/3/2024 11:00,A,CLV_PCH_PRE,B1GQ,AT,2017,2.3,
ESTAT:TEC00115(1.0),5/3/2024 11:00,A,CLV_PCH_PRE,B1GQ,AT,2018,2.4,
ESTAT:TEC00115(1.0),5/3/2024 11:00,A,CLV_PCH_PRE,B1GQ,AT,2019,1.5,
ESTAT:TEC00115(1.0),5/3/2024 11:00,A,CLV_PCH_PRE,B1GQ,AT,2020,-6.6,
ESTAT:TEC00115(1.0),5/3/2024 11:00,A,CLV_PCH_PRE,B1GQ,AT,2021,4.2,
ESTAT:TEC00115(1.0),5/3/2024 11:00,A,CLV_PCH_PRE,B1GQ,AT,2022,4.8,
ESTAT:TEC00115(1.0),5/3/2024 11:00,A,CLV_PCH_PRE,B1GQ,AT,2023,-0.8,
ESTAT:TEC00115(1.0),5/3/2024 11:00,A,CLV_PCH_PRE,B1GQ,BA,2012,-0.8,
ESTAT:TEC00115(1.0),5/3/2024 11:00,A,CLV_PCH_PRE,B1GQ,BA,2013,2.3,
ESTAT:TEC00115(1.0),5/3/2024 11:00,A,CLV_PCH_PRE,B1GQ,BA,2014,1.2,
ESTAT:TEC00115(1.0),5/3/2024 11:00,A,CLV_PCH_PRE,B1GQ,BA,2015,4.3,b
ESTAT:TEC00115(1.0),5/3/2024 11:00,A,CLV_PCH_PRE,B1GQ,BA,2016,3.2,
ESTAT:TEC00115(1.0),5/3/2024 11:00,A,CLV_PCH_PRE,B1GQ,BA,2017,3.2,
ESTAT:TEC00115(1.0),5/3/2024 11:00,A,CLV_PCH_PRE,B1GQ,BA,2018,3.8,
ESTAT:TEC00115(1.0),5/3/2024 11:00,A,CLV_PCH_PRE,B1GQ,BA,2019,2.9,
ESTAT:TEC00115(1.0),5/3/2024 11:00,A,CLV_PCH_PRE,B1GQ,BA,2020,-3,
ESTAT:TEC00115(1.0),5/3/2024 11:00,A,CLV_PCH_PRE,B1GQ,BA,2021,7.4,
ESTAT:TEC00115(1.0),5/3/2024 11:00,A,CLV_PCH_PRE,B1GQ,BA,2022,4.2,
ESTAT:TEC00115(1.0),5/3/2024 11:00,A,CLV_PCH_PRE,B1GQ,BE,2012,0.7,
ESTAT:TEC00115(1.0),5/3/2024 11:00,A,CLV_PCH_PRE,B1GQ,BE,2013,0.5,
ESTAT:TEC00115(1.0),5/3/2024 11:00,A,CLV_PCH_PRE,B1GQ,BE,2014,1.6,
ESTAT:TEC00115(1.0),5/3/2024 11:00,A,CLV_PCH_PRE,B1GQ,BE,2015,2,
ESTAT:TEC00115(1.0),5/3/2024 11:00,A,CLV_PCH_PRE,B1GQ,BE,2016,1.3,
ESTAT:TEC00115(1.0),5/3/2024 11:00,A,CLV_PCH_PRE,B1GQ,BE,2017,1.6,
ESTAT:TEC00115(1.0),5/3/2024 11:00,A,CLV_PCH_PRE,B1GQ,BE,2018,1.8,
ESTAT:TEC00115(1.0),5/3/2024 11:00,A,CLV_PCH_PRE,B1GQ,BE,2019,2.2,
ESTAT:TEC00115(1.0),5/3/2024 11:00,A,CLV_PCH_PRE,B1GQ,BE,2020,-5.3,
ESTAT:TEC00115(1.0),5/3/2024 11:00,A,CLV_PCH_PRE,B1GQ,BE,2021,6.9,
ESTAT:TEC00115(1.0),5/3/2024 11:00,A,CLV_PCH_PRE,B1GQ,BE,2022,3,p
ESTAT:TEC00115(1.0),5/3/2024 11:00,A,CLV_PCH_PRE,B1GQ,BE,2023,1.3,p
ESTAT:TEC00115(1.0),5/3/2024 11:00,A,CLV_PCH_PRE,B1GQ,BG,2012,0.7,
ESTAT:TEC00115(1.0),5/3/2024 11:00,A,CLV_PCH_PRE,B1GQ,BG,2013,-0.5,
ESTAT:TEC00115(1.0),5/3/2024 11:00,A,CLV_PCH_PRE,B1GQ,BG,2014,0.9,
ESTAT:TEC00115(1.0),5/3/2024 11:00,A,CLV_PCH_PRE,B1GQ,BG,2015,3.4,
ESTAT:TEC00115(1.0),5/3/2024 11:00,A,CLV_PCH_PRE,B1GQ,BG,2016,3,
ESTAT:TEC00115(1.0),5/3/2024 11:00,A,CLV_PCH_PRE,B1GQ,BG,2017,2.7,
ESTAT:TEC00115(1.0),5/3/2024 11:00,A,CLV_PCH_PRE,B1GQ,BG,2018,2.7,
ESTAT:TEC00115(1.0),5/3/2024 11:00,A,CLV_PCH_PRE,B1GQ,BG,2019,4,
ESTAT:TEC00115(1.0),5/3/2024 11:00,A,CLV_PCH_PRE,B1GQ,BG,2020,-4,
ESTAT:TEC00115(1.0),5/3/2024 11:00,A,CLV_PCH_PRE,B1GQ,BG,2021,7.7,
ESTAT:TEC00115(1.0),5/3/2024 11:00,A,CLV_PCH_PRE,B1GQ,BG,2022,3.9,
ESTAT:TEC00115(1.0),5/3/2024 11:00,A,CLV_PCH_PRE,B1GQ,CH,2012,1.2,
ESTAT:TEC00115(1.0),5/3/2024 11:00,A,CLV_PCH_PRE,B1GQ,CH,2013,1.8,
ESTAT:TEC00115(1.0),5/3/2024 11:00,A,CLV_PCH_PRE,B1GQ,CH,2014,2.3,
ESTAT:TEC00115(1.0),5/3/2024 11:00,A,CLV_PCH_PRE,B1GQ,CH,2015,1.6,
ESTAT:TEC00115(1.0),5/3/2024 11:00,A,CLV_PCH_PRE,B1GQ,CH,2016,2.1,
ESTAT:TEC00115(1.0),5/3/2024 11:00,A,CLV_PCH_PRE,B1GQ,CH,2017,1.4,
ESTAT:TEC00115(1.0),5/3/2024 11:00,A,CLV_PCH_PRE,B1GQ,CH,2018,2.9,
ESTAT:TEC00115(1.0),5/3/2024 11:00,A,CLV_PCH_PRE,B1GQ,CH,2019,1.1,
ESTAT:TEC00115(1.0),5/3/2024 11:00,A,CLV_PCH_PRE,B1GQ,CH,2020,-2.1,
ESTAT:TEC00115(1.0),5/3/2024 11:00,A,CLV_PCH_PRE,B1GQ,CH,2021,5.4,
ESTAT:TEC00115(1.0),5/3/2024 11:00,A,CLV_PCH_PRE,B1GQ,CH,2022,2.6,
ESTAT:TEC00115(1.0),5/3/2024 11:00,A,CLV_PCH_PRE,B1GQ,CH,2023,0.7,
ESTAT:TEC00115(1.0),5/3/2024 11:00,A,CLV_PCH_PRE,B1GQ,CY,2012,-3.4,
ESTAT:TEC00115(1.0),5/3/2024 11:00,A,CLV_PCH_PRE,B1GQ,CY,2013,-6.6,
ESTAT:TEC00115(1.0),5/3/2024 11:00,A,CLV_PCH_PRE,B1GQ,CY,2014,-1.8,
ESTAT:TEC00115(1.0),5/3/2024 11:00,A,CLV_PCH_PRE,B1GQ,CY,2015,3.4,
ESTAT:TEC00115(1.0),5/3/2024 11:00,A,CLV_PCH_PRE,B1GQ,CY,2016,6.6,
ESTAT:TEC00115(1.0),5/3/2024 11:00,A,CLV_PCH_PRE,B1GQ,CY,2017,5.7,
ESTAT:TEC00115(1.0),5/3/2024 11:00,A,CLV_PCH_PRE,B1GQ,CY,2018,5.6,
ESTAT:TEC00115(1.0),5/3/2024 11:00,A,CLV_PCH_PRE,B1GQ,CY,2019,5.5,
ESTAT:TEC00115(1.0),5/3/2024 11:00,A,CLV_PCH_PRE,B1GQ,CY,2020,-3.4,
ESTAT:TEC00115(1.0),5/3/2024 11:00,A,CLV_PCH_PRE,B1GQ,CY,2021,9.9,
ESTAT:TEC00115(1.0),5/3/2024 11:00,A,CLV_PCH_PRE,B1GQ,CY,2022,5.1,p
ESTAT:TEC00115(1.0),5/3/2024 11:00,A,CLV_PCH_PRE,B1GQ,CY,2023,2.5,p
ESTAT:TEC00115(1.0),5/3/2024 11:00,A,CLV_PCH_PRE,B1GQ,CZ,2012,-0.8,
ESTAT:TEC00115(1.0),5/3/2024 11:00,A,CLV_PCH_PRE,B1GQ,CZ,2013,0,
ESTAT:TEC00115(1.0),5/3/2024 11:00,A,CLV_PCH_PRE,B1GQ,CZ,2014,2.3,
ESTAT:TEC00115(1.0),5/3/2024 11:00,A,CLV_PCH_PRE,B1GQ,CZ,2015,5.4,
ESTAT:TEC00115(1.0),5/3/2024 11:00,A,CLV_PCH_PRE,B1GQ,CZ,2016,2.5,
ESTAT:TEC00115(1.0),5/3/2024 11:00,A,CLV_PCH_PRE,B1GQ,CZ,2017,5.2,
ESTAT:TEC00115(1.0),5/3/2024 11:00,A,CLV_PCH_PRE,B1GQ,CZ,2018,3.2,
ESTAT:TEC00115(1.0),5/3/2024 11:00,A,CLV_PCH_PRE,B1GQ,CZ,2019,3,
ESTAT:TEC00115(1.0),5/3/2024 11:00,A,CLV_PCH_PRE,B1GQ,CZ,2020,-5.5,
ESTAT:TEC00115(1.0),5/3/2024 11:00,A,CLV_PCH_PRE,B1GQ,CZ,2021,3.6,
ESTAT:TEC00115(1.0),5/3/2024 11:00,A,CLV_PCH_PRE,B1GQ,CZ,2022,2.4,
ESTAT:TEC00115(1.0),5/3/2024 11:00,A,CLV_PCH_PRE,B1GQ,CZ,2023,-0.5,
ESTAT:TEC00115(1.0),5/3/2024 11:00,A,CLV_PCH_PRE,B1GQ,DE,2012,0.4,
ESTAT:TEC00115(1.0),5/3/2024 11:00,A,CLV_PCH_PRE,B1GQ,DE,2013,0.4,
ESTAT:TEC00115(1.0),5/3/2024 11:00,A,CLV_PCH_PRE,B1GQ,DE,2014,2.2,
ESTAT:TEC00115(1.0),5/3/2024 11:00,A,CLV_PCH_PRE,B1GQ,DE,2015,1.5,
ESTAT:TEC00115(1.0),5/3/2024 11:00,A,CLV_PCH_PRE,B1GQ,DE,2016,2.2,
ESTAT:TEC00115(1.0),5/3/2024 11:00,A,CLV_PCH_PRE,B1GQ,DE,2017,2.7,
ESTAT:TEC00115(1.0),5/3/2024 11:00,A,CLV_PCH_PRE,B1GQ,DE,2018,1,
ESTAT:TEC00115(1.0),5/3/2024 11:00,A,CLV_PCH_PRE,B1GQ,DE,2019,1.1,p
ESTAT:TEC00115(1.0),5/3/2024 11:00,A,CLV_PCH_PRE,B1GQ,DE,2020,-3.8,p
ESTAT:TEC00115(1.0),5/3/2024 11:00,A,CLV_PCH_PRE,B1GQ,DE,2021,3.2,p
ESTAT:TEC00115(1.0),5/3/2024 11:00,A,CLV_PCH_PRE,B1GQ,DE,2022,1.8,p
ESTAT:TEC00115(1.0),5/3/2024 11:00,A,CLV_PCH_PRE,B1GQ,DE,2023,-0.3,p
ESTAT:TEC00115(1.0),5/3/2024 11:00,A,CLV_PCH_PRE,B1GQ,DK,2012,0.2,
ESTAT:TEC00115(1.0),5/3/2024 11:00,A,CLV_PCH_PRE,B1GQ,DK,2013,0.9,
ESTAT:TEC00115(1.0),5/3/2024 11:00,A,CLV_PCH_PRE,B1GQ,DK,2014,1.6,
ESTAT:TEC00115(1.0),5/3/2024 11:00,A,CLV_PCH_PRE,B1GQ,DK,2015,2.3,
ESTAT:TEC00115(1.0),5/3/2024 11:00,A,CLV_PCH_PRE,B1GQ,DK,2016,3.2,
ESTAT:TEC00115(1.0),5/3/2024 11:00,A,CLV_PCH_PRE,B1GQ,DK,2017,2.8,
ESTAT:TEC00115(1.0),5/3/2024 11:00,A,CLV_PCH_PRE,B1GQ,DK,2018,2,
ESTAT:TEC00115(1.0),5/3/2024 11:00,A,CLV_PCH_PRE,B1GQ,DK,2019,1.5,
ESTAT:TEC00115(1.0),5/3/2024 11:00,A,CLV_PCH_PRE,B1GQ,DK,2020,-2.4,
ESTAT:TEC00115(1.0),5/3/2024 11:00,A,CLV_PCH_PRE,B1GQ,DK,2021,6.8,
ESTAT:TEC00115(1.0),5/3/2024 11:00,A,CLV_PCH_PRE,B1GQ,DK,2022,2.7,
ESTAT:TEC00115(1.0),5/3/2024 11:00,A,CLV_PCH_PRE,B1GQ,DK,2023,1.8,
ESTAT:TEC00115(1.0),5/3/2024 11:00,A,CLV_PCH_PRE,B1GQ,EA19,2012,-0.9,
ESTAT:TEC00115(1.0),5/3/2024 11:00,A,CLV_PCH_PRE,B1GQ,EA19,2013,-0.2,
ESTAT:TEC00115(1.0),5/3/2024 11:00,A,CLV_PCH_PRE,B1GQ,EA19,2014,1.4,
ESTAT:TEC00115(1.0),5/3/2024 11:00,A,CLV_PCH_PRE,B1GQ,EA19,2015,2,
ESTAT:TEC00115(1.0),5/3/2024 11:00,A,CLV_PCH_PRE,B1GQ,EA19,2016,1.9,
ESTAT:TEC00115(1.0),5/3/2024 11:00,A,CLV_PCH_PRE,B1GQ,EA19,2017,2.6,
ESTAT:TEC00115(1.0),5/3/2024 11:00,A,CLV_PCH_PRE,B1GQ,EA19,2018,1.8,
ESTAT:TEC00115(1.0),5/3/2024 11:00,A,CLV_PCH_PRE,B1GQ,EA19,2019,1.6,
ESTAT:TEC00115(1.0),5/3/2024 11:00,A,CLV_PCH_PRE,B1GQ,EA19,2020,-6.1,
ESTAT:TEC00115(1.0),5/3/2024 11:00,A,CLV_PCH_PRE,B1GQ,EA19,2021,5.9,
ESTAT:TEC00115(1.0),5/3/2024 11:00,A,CLV_PCH_PRE,B1GQ,EA19,2022,3.4,
ESTAT:TEC00115(1.0),5/3/2024 11:00,A,CLV_PCH_PRE,B1GQ,EA20,2012,-0.9,
ESTAT:TEC00115(1.0),5/3/2024 11:00,A,CLV_PCH_PRE,B1GQ,EA20,2013,-0.2,
ESTAT:TEC00115(1.0),5/3/2024 11:00,A,CLV_PCH_PRE,B1GQ,EA20,2014,1.4,
ESTAT:TEC00115(1.0),5/3/2024 11:00,A,CLV_PCH_PRE,B1GQ,EA20,2015,2,
ESTAT:TEC00115(1.0),5/3/2024 11:00,A,CLV_PCH_PRE,B1GQ,EA20,2016,1.9,
ESTAT:TEC00115(1.0),5/3/2024 11:00,A,CLV_PCH_PRE,B1GQ,EA20,2017,2.6,
ESTAT:TEC00115(1.0),5/3/2024 11:00,A,CLV_PCH_PRE,B1GQ,EA20,2018,1.8,
ESTAT:TEC00115(1.0),5/3/2024 11:00,A,CLV_PCH_PRE,B1GQ,EA20,2019,1.6,
ESTAT:TEC00115(1.0),5/3/2024 11:00,A,CLV_PCH_PRE,B1GQ,EA20,2020,-6.1,
ESTAT:TEC00115(1.0),5/3/2024 11:00,A,CLV_PCH_PRE,B1GQ,EA20,2021,5.9,
ESTAT:TEC00115(1.0),5/3/2024 11:00,A,CLV_PCH_PRE,B1GQ,EA20,2022,3.4,
ESTAT:TEC00115(1.0),5/3/2024 11:00,A,CLV_PCH_PRE,B1GQ,EE,2012,3.2,
ESTAT:TEC00115(1.0),5/3/2024 11:00,A,CLV_PCH_PRE,B1GQ,EE,2013,1.5,
ESTAT:TEC00115(1.0),5/3/2024 11:00,A,CLV_PCH_PRE,B1GQ,EE,2014,3,
ESTAT:TEC00115(1.0),5/3/2024 11:00,A,CLV_PCH_PRE,B1GQ,EE,2015,1.9,
ESTAT:TEC00115(1.0),5/3/2024 11:00,A,CLV_PCH_PRE,B1GQ,EE,2016,3.2,
ESTAT:TEC00115(1.0),5/3/2024 11:00,A,CLV_PCH_PRE,B1GQ,EE,2017,5.8,
ESTAT:TEC00115(1.0),5/3/2024 11:00,A,CLV_PCH_PRE,B1GQ,EE,2018,3.8,
ESTAT:TEC00115(1.0),5/3/2024 11:00,A,CLV_PCH_PRE,B1GQ,EE,2019,4,
ESTAT:TEC00115(1.0),5/3/2024 11:00,A,CLV_PCH_PRE,B1GQ,EE,2020,-1,
ESTAT:TEC00115(1.0),5/3/2024 11:00,A,CLV_PCH_PRE,B1GQ,EE,2021,7.2,
ESTAT:TEC00115(1.0),5/3/2024 11:00,A,CLV_PCH_PRE,B1GQ,EE,2022,-0.5,
ESTAT:TEC00115(1.0),5/3/2024 11:00,A,CLV_PCH_PRE,B1GQ,EL,2012,-7.1,
ESTAT:TEC00115(1.0),5/3/2024 11:00,A,CLV_PCH_PRE,B1GQ,EL,2013,-2.5,
ESTAT:TEC00115(1.0),5/3/2024 11:00,A,CLV_PCH_PRE,B1GQ,EL,2014,0.5,
ESTAT:TEC00115(1.0),5/3/2024 11:00,A,CLV_PCH_PRE,B1GQ,EL,2015,-0.2,
ESTAT:TEC00115(1.0),5/3/2024 11:00,A,CLV_PCH_PRE,B1GQ,EL,2016,-0.5,
ESTAT:TEC00115(1.0),5/3/2024 11:00,A,CLV_PCH_PRE,B1GQ,EL,2017,1.1,
ESTAT:TEC00115(1.0),5/3/2024 11:00,A,CLV_PCH_PRE,B1GQ,EL,2018,1.7,
ESTAT:TEC00115(1.0),5/3/2024 11:00,A,CLV_PCH_PRE,B1GQ,EL,2019,1.9,
ESTAT:TEC00115(1.0),5/3/2024 11:00,A,CLV_PCH_PRE,B1GQ,EL,2020,-9.3,
ESTAT:TEC00115(1.0),5/3/2024 11:00,A,CLV_PCH_PRE,B1GQ,EL,2021,8.4,p
ESTAT:TEC00115(1.0),5/3/2024 11:00,A,CLV_PCH_PRE,B1GQ,EL,2022,5.6,p
ESTAT:TEC00115(1.0),5/3/2024 11:00,A,CLV_PCH_PRE,B1GQ,ES,2012,-3,
ESTAT:TEC00115(1.0),5/3/2024 11:00,A,CLV_PCH_PRE,B1GQ,ES,2013,-1.4,
ESTAT:TEC00115(1.0),5/3/2024 11:00,A,CLV_PCH_PRE,B1GQ,ES,2014,1.4,
ESTAT:TEC00115(1.0),5/3/2024 11:00,A,CLV_PCH_PRE,B1GQ,ES,2015,3.8,
ESTAT:TEC00115(1.0),5/3/2024 11:00,A,CLV_PCH_PRE,B1GQ,ES,2016,3,
ESTAT:TEC00115(1.0),5/3/2024 11:00,A,CLV_PCH_PRE,B1GQ,ES,2017,3,
ESTAT:TEC00115(1.0),5/3/2024 11:00,A,CLV_PCH_PRE,B1GQ,ES,2018,2.3,
ESTAT:TEC00115(1.0),5/3/2024 11:00,A,CLV_PCH_PRE,B1GQ,ES,2019,2,
ESTAT:TEC00115(1.0),5/3/2024 11:00,A,CLV_PCH_PRE,B1GQ,ES,2020,-11.2,
ESTAT:TEC00115(1.0),5/3/2024 11:00,A,CLV_PCH_PRE,B1GQ,ES,2021,6.4,p
ESTAT:TEC00115(1.0),5/3/2024 11:00,A,CLV_PCH_PRE,B1GQ,ES,2022,5.8,p
ESTAT:TEC00115(1.0),5/3/2024 11:00,A,CLV_PCH_PRE,B1GQ,ES,2023,2.5,p
ESTAT:TEC00115(1.0),5/3/2024 11:00,A,CLV_PCH_PRE,B1GQ,EU27_2020,2012,-0.7,
ESTAT:TEC00115(1.0),5/3/2024 11:00,A,CLV_PCH_PRE,B1GQ,EU27_2020,2013,-0.1,
ESTAT:TEC00115(1.0),5/3/2024 11:00,A,CLV_PCH_PRE,B1GQ,EU27_2020,2014,1.6,
ESTAT:TEC00115(1.0),5/3/2024 11:00,A,CLV_PCH_PRE,B1GQ,EU27_2020,2015,2.3,
ESTAT:TEC00115(1.0),5/3/2024 11:00,A,CLV_PCH_PRE,B1GQ,EU27_2020,2016,2,
ESTAT:TEC00115(1.0),5/3/2024 11:00,A,CLV_PCH_PRE,B1GQ,EU27_2020,2017,2.8,
ESTAT:TEC00115(1.0),5/3/2024 11:00,A,CLV_PCH_PRE,B1GQ,EU27_2020,2018,2.1,
ESTAT:TEC00115(1.0),5/3/2024 11:00,A,CLV_PCH_PRE,B1GQ,EU27_2020,2019,1.8,
ESTAT:TEC00115(1.0),5/3/2024 11:00,A,CLV_PCH_PRE,B1GQ,EU27_2020,2020,-5.6,
ESTAT:TEC00115(1.0),5/3/2024 11:00,A,CLV_PCH_PRE,B1GQ,EU27_2020,2021,6,
ESTAT:TEC00115(1.0),5/3/2024 11:00,A,CLV_PCH_PRE,B1GQ,EU27_2020,2022,3.4,
ESTAT:TEC00115(1.0),5/3/2024 11:00,A,CLV_PCH_PRE,B1GQ,FI,2012,-1.4,
ESTAT:TEC00115(1.0),5/3/2024 11:00,A,CLV_PCH_PRE,B1GQ,FI,2013,-0.9,
ESTAT:TEC00115(1.0),5/3/2024 11:00,A,CLV_PCH_PRE,B1GQ,FI,2014,-0.4,
ESTAT:TEC00115(1.0),5/3/2024 11:00,A,CLV_PCH_PRE,B1GQ,FI,2015,0.5,
ESTAT:TEC00115(1.0),5/3/2024 11:00,A,CLV_PCH_PRE,B1GQ,FI,2016,2.8,
ESTAT:TEC00115(1.0),5/3/2024 11:00,A,CLV_PCH_PRE,B1GQ,FI,2017,3.2,
ESTAT:TEC00115(1.0),5/3/2024 11:00,A,CLV_PCH_PRE,B1GQ,FI,2018,1.1,
ESTAT:TEC00115(1.0),5/3/2024 11:00,A,CLV_PCH_PRE,B1GQ,FI,2019,1.2,
ESTAT:TEC00115(1.0),5/3/2024 11:00,A,CLV_PCH_PRE,B1GQ,FI,2020,-2.4,
ESTAT:TEC00115(1.0),5/3/2024 11:00,A,CLV_PCH_PRE,B1GQ,FI,2021,2.8,
ESTAT:TEC00115(1.0),5/3/2024 11:00,A,CLV_PCH_PRE,B1GQ,FI,2022,1.3,
ESTAT:TEC00115(1.0),5/3/2024 11:00,A,CLV_PCH_PRE,B1GQ,FI,2023,-1,
ESTAT:TEC00115(1.0),5/3/2024 11:00,A,CLV_PCH_PRE,B1GQ,FR,2012,0.3,
ESTAT:TEC00115(1.0),5/3/2024 11:00,A,CLV_PCH_PRE,B1GQ,FR,2013,0.6,
ESTAT:TEC00115(1.0),5/3/2024 11:00,A,CLV_PCH_PRE,B1GQ,FR,2014,1,
ESTAT:TEC00115(1.0),5/3/2024 11:00,A,CLV_PCH_PRE,B1GQ,FR,2015,1.1,
ESTAT:TEC00115(1.0),5/3/2024 11:00,A,CLV_PCH_PRE,B1GQ,FR,2016,1.1,
ESTAT:TEC00115(1.0),5/3/2024 11:00,A,CLV_PCH_PRE,B1GQ,FR,2017,2.3,
ESTAT:TEC00115(1.0),5/3/2024 11:00,A,CLV_PCH_PRE,B1GQ,FR,2018,1.9,
ESTAT:TEC00115(1.0),5/3/2024 11:00,A,CLV_PCH_PRE,B1GQ,FR,2019,1.8,
ESTAT:TEC00115(1.0),5/3/2024 11:00,A,CLV_PCH_PRE,B1GQ,FR,2020,-7.5,
ESTAT:TEC00115(1.0),5/3/2024 11:00,A,CLV_PCH_PRE,B1GQ,FR,2021,6.4,p
ESTAT:TEC00115(1.0),5/3/2024 11:00,A,CLV_PCH_PRE,B1GQ,FR,2022,2.5,p
ESTAT:TEC00115(1.0),5/3/2024 11:00,A,CLV_PCH_PRE,B1GQ,FR,2023,0.7,p
ESTAT:TEC00115(1.0),5/3/2024 11:00,A,CLV_PCH_PRE,B1GQ,HR,2012,-2.3,
ESTAT:TEC00115(1.0),5/3/2024 11:00,A,CLV_PCH_PRE,B1GQ,HR,2013,-0.4,
ESTAT:TEC00115(1.0),5/3/2024 11:00,A,CLV_PCH_PRE,B1GQ,HR,2014,-0.4,
ESTAT:TEC00115(1.0),5/3/2024 11:00,A,CLV_PCH_PRE,B1GQ,HR,2015,2.5,
ESTAT:TEC00115(1.0),5/3/2024 11:00,A,CLV_PCH_PRE,B1GQ,HR,2016,3.6,
ESTAT:TEC00115(1.0),5/3/2024 11:00,A,CLV_PCH_PRE,B1GQ,HR,2017,3.4,
ESTAT:TEC00115(1.0),5/3/2024 11:00,A,CLV_PCH_PRE,B1GQ,HR,2018,2.8,
ESTAT:TEC00115(1.0),5/3/2024 11:00,A,CLV_PCH_PRE,B1GQ,HR,2019,3.4,
ESTAT:TEC00115(1.0),5/3/2024 11:00,A,CLV_PCH_PRE,B1GQ,HR,2020,-8.6,
ESTAT:TEC00115(1.0),5/3/2024 11:00,A,CLV_PCH_PRE,B1GQ,HR,2021,13.8,
ESTAT:TEC00115(1.0),5/3/2024 11:00,A,CLV_PCH_PRE,B1GQ,HR,2022,6.3,p
ESTAT:TEC00115(1.0),5/3/2024 11:00,A,CLV_PCH_PRE,B1GQ,HU,2012,-1.3,
ESTAT:TEC00115(1.0),5/3/2024 11:00,A,CLV_PCH_PRE,B1GQ,HU,2013,1.8,
ESTAT:TEC00115(1.0),5/3/2024 11:00,A,CLV_PCH_PRE,B1GQ,HU,2014,4.2,
ESTAT:TEC00115(1.0),5/3/2024 11:00,A,CLV_PCH_PRE,B1GQ,HU,2015,3.7,
ESTAT:TEC00115(1.0),5/3/2024 11:00,A,CLV_PCH_PRE,B1GQ,HU,2016,2.2,
ESTAT:TEC00115(1.0),5/3/2024 11:00,A,CLV_PCH_PRE,B1GQ,HU,2017,4.3,
ESTAT:TEC00115(1.0),5/3/2024 11:00,A,CLV_PCH_PRE,B1GQ,HU,2018,5.4,
ESTAT:TEC00115(1.0),5/3/2024 11:00,A,CLV_PCH_PRE,B1GQ,HU,2019,4.9,
ESTAT:TEC00115(1.0),5/3/2024 11:00,A,CLV_PCH_PRE,B1GQ,HU,2020,-4.5,
ESTAT:TEC00115(1.0),5/3/2024 11:00,A,CLV_PCH_PRE,B1GQ,HU,2021,7.1,
ESTAT:TEC00115(1.0),5/3/2024 11:00,A,CLV_PCH_PRE,B1GQ,HU,2022,4.6,p
ESTAT:TEC00115(1.0),5/3/2024 11:00,A,CLV_PCH_PRE,B1GQ,IE,2012,-0.1,
ESTAT:TEC00115(1.0),5/3/2024 11:00,A,CLV_PCH_PRE,B1GQ,IE,2013,1.2,
ESTAT:TEC00115(1.0),5/3/2024 11:00,A,CLV_PCH_PRE,B1GQ,IE,2014,8.8,
ESTAT:TEC00115(1.0),5/3/2024 11:00,A,CLV_PCH_PRE,B1GQ,IE,2015,24.5,
ESTAT:TEC00115(1.0),5/3/2024 11:00,A,CLV_PCH_PRE,B1GQ,IE,2016,1.8,
ESTAT:TEC00115(1.0),5/3/2024 11:00,A,CLV_PCH_PRE,B1GQ,IE,2017,9.3,
ESTAT:TEC00115(1.0),5/3/2024 11:00,A,CLV_PCH_PRE,B1GQ,IE,2018,8.5,
ESTAT:TEC00115(1.0),5/3/2024 11:00,A,CLV_PCH_PRE,B1GQ,IE,2019,5.3,
ESTAT:TEC00115(1.0),5/3/2024 11:00,A,CLV_PCH_PRE,B1GQ,IE,2020,6.6,
ESTAT:TEC00115(1.0),5/3/2024 11:00,A,CLV_PCH_PRE,B1GQ,IE,2021,15.1,
ESTAT:TEC00115(1.0),5/3/2024 11:00,A,CLV_PCH_PRE,B1GQ,IE,2022,9.4,
ESTAT:TEC00115(1.0),5/3/2024 11:00,A,CLV_PCH_PRE,B1GQ,IE,2023,-3.2,
ESTAT:TEC00115(1.0),5/3/2024 11:00,A,CLV_PCH_PRE,B1GQ,IS,2012,1.1,
ESTAT:TEC00115(1.0),5/3/2024 11:00,A,CLV_PCH_PRE,B1GQ,IS,2013,4.6,
ESTAT:TEC00115(1.0),5/3/2024 11:00,A,CLV_PCH_PRE,B1GQ,IS,2014,1.7,
ESTAT:TEC00115(1.0),5/3/2024 11:00,A,CLV_PCH_PRE,B1GQ,IS,2015,4.4,
ESTAT:TEC00115(1.0),5/3/2024 11:00,A,CLV_PCH_PRE,B1GQ,IS,2016,6.3,
ESTAT:TEC00115(1.0),5/3/2024 11:00,A,CLV_PCH_PRE,B1GQ,IS,2017,4.2,
ESTAT:TEC00115(1.0),5/3/2024 11:00,A,CLV_PCH_PRE,B1GQ,IS,2018,4.9,
ESTAT:TEC00115(1.0),5/3/2024 11:00,A,CLV_PCH_PRE,B1GQ,IS,2019,1.9,
ESTAT:TEC00115(1.0),5/3/2024 11:00,A,CLV_PCH_PRE,B1GQ,IS,2020,-7.2,
ESTAT:TEC00115(1.0),5/3/2024 11:00,A,CLV_PCH_PRE,B1GQ,IS,2021,4.5,
ESTAT:TEC00115(1.0),5/3/2024 11:00,A,CLV_PCH_PRE,B1GQ,IS,2022,7.2,
ESTAT:TEC00115(1.0),5/3/2024 11:00,A,CLV_PCH_PRE,B1GQ,IT,2012,-3,
ESTAT:TEC00115(1.0),5/3/2024 11:00,A,CLV_PCH_PRE,B1GQ,IT,2013,-1.8,
ESTAT:TEC00115(1.0),5/3/2024 11:00,A,CLV_PCH_PRE,B1GQ,IT,2014,0,
ESTAT:TEC00115(1.0),5/3/2024 11:00,A,CLV_PCH_PRE,B1GQ,IT,2015,0.8,
ESTAT:TEC00115(1.0),5/3/2024 11:00,A,CLV_PCH_PRE,B1GQ,IT,2016,1.3,
ESTAT:TEC00115(1.0),5/3/2024 11:00,A,CLV_PCH_PRE,B1GQ,IT,2017,1.7,
ESTAT:TEC00115(1.0),5/3/2024 11:00,A,CLV_PCH_PRE,B1GQ,IT,2018,0.9,
ESTAT:TEC00115(1.0),5/3/2024 11:00,A,CLV_PCH_PRE,B1GQ,IT,2019,0.5,
ESTAT:TEC00115(1.0),5/3/2024 11:00,A,CLV_PCH_PRE,B1GQ,IT,2020,-9,
ESTAT:TEC00115(1.0),5/3/2024 11:00,A,CLV_PCH_PRE,B1GQ,IT,2021,8.3,
ESTAT:TEC00115(1.0),5/3/2024 11:00,A,CLV_PCH_PRE,B1GQ,IT,2022,4,
ESTAT:TEC00115(1.0),5/3/2024 11:00,A,CLV_PCH_PRE,B1GQ,IT,2023,0.9,
ESTAT:TEC00115(1.0),5/3/2024 11:00,A,CLV_PCH_PRE,B1GQ,LT,2012,3.8,
ESTAT:TEC00115(1.0),5/3/2024 11:00,A,CLV_PCH_PRE,B1GQ,LT,2013,3.6,
ESTAT:TEC00115(1.0),5/3/2024 11:00,A,CLV_PCH_PRE,B1GQ,LT,2014,3.5,
ESTAT:TEC00115(1.0),5/3/2024 11:00,A,CLV_PCH_PRE,B1GQ,LT,2015,2,
ESTAT:TEC00115(1.0),5/3/2024 11:00,A,CLV_PCH_PRE,B1GQ,LT,2016,2.5,
ESTAT:TEC00115(1.0),5/3/2024 11:00,A,CLV_PCH_PRE,B1GQ,LT,2017,4.3,
ESTAT:TEC00115(1.0),5/3/2024 11:00,A,CLV_PCH_PRE,B1GQ,LT,2018,4,
ESTAT:TEC00115(1.0),5/3/2024 11:00,A,CLV_PCH_PRE,B1GQ,LT,2019,4.7,
ESTAT:TEC00115(1.0),5/3/2024 11:00,A,CLV_PCH_PRE,B1GQ,LT,2020,0,
ESTAT:TEC00115(1.0),5/3/2024 11:00,A,CLV_PCH_PRE,B1GQ,LT,2021,6.3,
ESTAT:TEC00115(1.0),5/3/2024 11:00,A,CLV_PCH_PRE,B1GQ,LT,2022,2.4,
ESTAT:TEC00115(1.0),5/3/2024 11:00,A,CLV_PCH_PRE,B1GQ,LT,2023,-0.3,
ESTAT:TEC00115(1.0),5/3/2024 11:00,A,CLV_PCH_PRE,B1GQ,LU,2012,1.6,
ESTAT:TEC00115(1.0),5/3/2024 11:00,A,CLV_PCH_PRE,B1GQ,LU,2013,3.2,
ESTAT:TEC00115(1.0),5/3/2024 11:00,A,CLV_PCH_PRE,B1GQ,LU,2014,2.6,
ESTAT:TEC00115(1.0),5/3/2024 11:00,A,CLV_PCH_PRE,B1GQ,LU,2015,2.3,
ESTAT:TEC00115(1.0),5/3/2024 11:00,A,CLV_PCH_PRE,B1GQ,LU,2016,5,
ESTAT:TEC00115(1.0),5/3/2024 11:00,A,CLV_PCH_PRE,B1GQ,LU,2017,1.3,
ESTAT:TEC00115(1.0),5/3/2024 11:00,A,CLV_PCH_PRE,B1GQ,LU,2018,1.2,
ESTAT:TEC00115(1.0),5/3/2024 11:00,A,CLV_PCH_PRE,B1GQ,LU,2019,2.9,
ESTAT:TEC00115(1.0),5/3/2024 11:00,A,CLV_PCH_PRE,B1GQ,LU,2020,-0.9,
ESTAT:TEC00115(1.0),5/3/2024 11:00,A,CLV_PCH_PRE,B1GQ,LU,2021,7.2,
ESTAT:TEC00115(1.0),5/3/2024 11:00,A,CLV_PCH_PRE,B1GQ,LU,2022,1.4,
ESTAT:TEC00115(1.0),5/3/2024 11:00,A,CLV_PCH_PRE,B1GQ,LV,2012,7,
ESTAT:TEC00115(1.0),5/3/2024 11:00,A,CLV_PCH_PRE,B1GQ,LV,2013,2,
ESTAT:TEC00115(1.0),5/3/2024 11:00,A,CLV_PCH_PRE,B1GQ,LV,2014,1.9,
ESTAT:TEC00115(1.0),5/3/2024 11:00,A,CLV_PCH_PRE,B1GQ,LV,2015,3.9,
ESTAT:TEC00115(1.0),5/3/2024 11:00,A,CLV_PCH_PRE,B1GQ,LV,2016,2.4,
ESTAT:TEC00115(1.0),5/3/2024 11:00,A,CLV_PCH_PRE,B1GQ,LV,2017,3.3,
ESTAT:TEC00115(1.0),5/3/2024 11:00,A,CLV_PCH_PRE,B1GQ,LV,2018,4,
ESTAT:TEC00115(1.0),5/3/2024 11:00,A,CLV_PCH_PRE,B1GQ,LV,2019,0.6,
ESTAT:TEC00115(1.0),5/3/2024 11:00,A,CLV_PCH_PRE,B1GQ,LV,2020,-3.5,
ESTAT:TEC00115(1.0),5/3/2024 11:00,A,CLV_PCH_PRE,B1GQ,LV,2021,6.7,
ESTAT:TEC00115(1.0),5/3/2024 11:00,A,CLV_PCH_PRE,B1GQ,LV,2022,3,
ESTAT:TEC00115(1.0),5/3/2024 11:00,A,CLV_PCH_PRE,B1GQ,LV,2023,-0.3,
ESTAT:TEC00115(1.0),5/3/2024 11:00,A,CLV_PCH_PRE,B1GQ,ME,2012,-2.7,
ESTAT:TEC00115(1.0),5/3/2024 11:00,A,CLV_PCH_PRE,B1GQ,ME,2013,3.5,
ESTAT:TEC00115(1.0),5/3/2024 11:00,A,CLV_PCH_PRE,B1GQ,ME,2014,1.8,
ESTAT:TEC00115(1.0),5/3/2024 11:00,A,CLV_PCH_PRE,B1GQ,ME,2015,3.4,
ESTAT:TEC00115(1.0),5/3/2024 11:00,A,CLV_PCH_PRE,B1GQ,ME,2016,2.9,
ESTAT:TEC00115(1.0),5/3/2024 11:00,A,CLV_PCH_PRE,B1GQ,ME,2017,4.7,
ESTAT:TEC00115(1.0),5/3/2024 11:00,A,CLV_PCH_PRE,B1GQ,ME,2018,5.1,
ESTAT:TEC00115(1.0),5/3/2024 11:00,A,CLV_PCH_PRE,B1GQ,ME,2019,4.1,
ESTAT:TEC00115(1.0),5/3/2024 11:00,A,CLV_PCH_PRE,B1GQ,ME,2020,-15.3,
ESTAT:TEC00115(1.0),5/3/2024 11:00,A,CLV_PCH_PRE,B1GQ,ME,2021,13,
ESTAT:TEC00115(1.0),5/3/2024 11:00,A,CLV_PCH_PRE,B1GQ,ME,2022,6.4,
ESTAT:TEC00115(1.0),5/3/2024 11:00,A,CLV_PCH_PRE,B1GQ,MK,2012,-0.5,
ESTAT:TEC00115(1.0),5/3/2024 11:00,A,CLV_PCH_PRE,B1GQ,MK,2013,2.9,
ESTAT:TEC00115(1.0),5/3/2024 11:00,A,CLV_PCH_PRE,B1GQ,MK,2014,3.6,
ESTAT:TEC00115(1.0),5/3/2024 11:00,A,CLV_PCH_PRE,B1GQ,MK,2015,3.9,
ESTAT:TEC00115(1.0),5/3/2024 11:00,A,CLV_PCH_PRE,B1GQ,MK,2016,2.8,
ESTAT:TEC00115(1.0),5/3/2024 11:00,A,CLV_PCH_PRE,B1GQ,MK,2017,1.1,
ESTAT:TEC00115(1.0),5/3/2024 11:00,A,CLV_PCH_PRE,B1GQ,MK,2018,2.9,
ESTAT:TEC00115(1.0),5/3/2024 11:00,A,CLV_PCH_PRE,B1GQ,MK,2019,3.9,
ESTAT:TEC00115(1.0),5/3/2024 11:00,A,CLV_PCH_PRE,B1GQ,MK,2020,-4.7,
ESTAT:TEC00115(1.0),5/3/2024 11:00,A,CLV_PCH_PRE,B1GQ,MK,2021,4.5,
ESTAT:TEC00115(1.0),5/3/2024 11:00,A,CLV_PCH_PRE,B1GQ,MK,2022,2.2,p
ESTAT:TEC00115(1.0),5/3/2024 11:00,A,CLV_PCH_PRE,B1GQ,MT,2012,4.1,
ESTAT:TEC00115(1.0),5/3/2024 11:00,A,CLV_PCH_PRE,B1GQ,MT,2013,5.5,
ESTAT:TEC00115(1.0),5/3/2024 11:00,A,CLV_PCH_PRE,B1GQ,MT,2014,7.6,
ESTAT:TEC00115(1.0),5/3/2024 11:00,A,CLV_PCH_PRE,B1GQ,MT,2015,9.6,
ESTAT:TEC00115(1.0),5/3/2024 11:00,A,CLV_PCH_PRE,B1GQ,MT,2016,3.4,
ESTAT:TEC00115(1.0),5/3/2024 11:00,A,CLV_PCH_PRE,B1GQ,MT,2017,10.9,
ESTAT:TEC00115(1.0),5/3/2024 11:00,A,CLV_PCH_PRE,B1GQ,MT,2018,7.4,
ESTAT:TEC00115(1.0),5/3/2024 11:00,A,CLV_PCH_PRE,B1GQ,MT,2019,7.1,
ESTAT:TEC00115(1.0),5/3/2024 11:00,A,CLV_PCH_PRE,B1GQ,MT,2020,-8.1,
ESTAT:TEC00115(1.0),5/3/2024 11:00,A,CLV_PCH_PRE,B1GQ,MT,2021,12.6,
ESTAT:TEC00115(1.0),5/3/2024 11:00,A,CLV_PCH_PRE,B1GQ,MT,2022,8.2,
ESTAT:TEC00115(1.0),5/3/2024 11:00,A,CLV_PCH_PRE,B1GQ,NL,2012,-1,
ESTAT:TEC00115(1.0),5/3/2024 11:00,A,CLV_PCH_PRE,B1GQ,NL,2013,-0.1,
ESTAT:TEC00115(1.0),5/3/2024 11:00,A,CLV_PCH_PRE,B1GQ,NL,2014,1.4,
ESTAT:TEC00115(1.0),5/3/2024 11:00,A,CLV_PCH_PRE,B1GQ,NL,2015,2,
ESTAT:TEC00115(1.0),5/3/2024 11:00,A,CLV_PCH_PRE,B1GQ,NL,2016,2.2,
ESTAT:TEC00115(1.0),5/3/2024 11:00,A,CLV_PCH_PRE,B1GQ,NL,2017,2.9,
ESTAT:TEC00115(1.0),5/3/2024 11:00,A,CLV_PCH_PRE,B1GQ,NL,2018,2.4,
ESTAT:TEC00115(1.0),5/3/2024 11:00,A,CLV_PCH_PRE,B1GQ,NL,2019,2,
ESTAT:TEC00115(1.0),5/3/2024 11:00,A,CLV_PCH_PRE,B1GQ,NL,2020,-3.9,
ESTAT:TEC00115(1.0),5/3/2024 11:00,A,CLV_PCH_PRE,B1GQ,NL,2021,6.2,
ESTAT:TEC00115(1.0),5/3/2024 11:00,A,CLV_PCH_PRE,B1GQ,NL,2022,4.3,p
ESTAT:TEC00115(1.0),5/3/2024 11:00,A,CLV_PCH_PRE,B1GQ,NL,2023,0.1,p
ESTAT:TEC00115(1.0),5/3/2024 11:00,A,CLV_PCH_PRE,B1GQ,NO,2012,2.7,
ESTAT:TEC00115(1.0),5/3/2024 11:00,A,CLV_PCH_PRE,B1GQ,NO,2013,1,
ESTAT:TEC00115(1.0),5/3/2024 11:00,A,CLV_PCH_PRE,B1GQ,NO,2014,2,
ESTAT:TEC00115(1.0),5/3/2024 11:00,A,CLV_PCH_PRE,B1GQ,NO,2015,1.9,
ESTAT:TEC00115(1.0),5/3/2024 11:00,A,CLV_PCH_PRE,B1GQ,NO,2016,1.2,
ESTAT:TEC00115(1.0),5/3/2024 11:00,A,CLV_PCH_PRE,B1GQ,NO,2017,2.5,
ESTAT:TEC00115(1.0),5/3/2024 11:00,A,CLV_PCH_PRE,B1GQ,NO,2018,0.8,
ESTAT:TEC00115(1.0),5/3/2024 11:00,A,CLV_PCH_PRE,B1GQ,NO,2019,1.1,
ESTAT:TEC00115(1.0),5/3/2024 11:00,A,CLV_PCH_PRE,B1GQ,NO,2020,-1.3,
ESTAT:TEC00115(1.0),5/3/2024 11:00,A,CLV_PCH_PRE,B1GQ,NO,2021,3.9,
ESTAT:TEC00115(1.0),5/3/2024 11:00,A,CLV_PCH_PRE,B1GQ,NO,2022,3,
ESTAT:TEC00115(1.0),5/3/2024 11:00,A,CLV_PCH_PRE,B1GQ,PL,2012,1.5,
ESTAT:TEC00115(1.0),5/3/2024 11:00,A,CLV_PCH_PRE,B1GQ,PL,2013,0.9,
ESTAT:TEC00115(1.0),5/3/2024 11:00,A,CLV_PCH_PRE,B1GQ,PL,2014,3.8,
ESTAT:TEC00115(1.0),5/3/2024 11:00,A,CLV_PCH_PRE,B1GQ,PL,2015,4.4,
ESTAT:TEC00115(1.0),5/3/2024 11:00,A,CLV_PCH_PRE,B1GQ,PL,2016,3,
ESTAT:TEC00115(1.0),5/3/2024 11:00,A,CLV_PCH_PRE,B1GQ,PL,2017,5.1,
ESTAT:TEC00115(1.0),5/3/2024 11:00,A,CLV_PCH_PRE,B1GQ,PL,2018,5.9,
ESTAT:TEC00115(1.0),5/3/2024 11:00,A,CLV_PCH_PRE,B1GQ,PL,2019,4.4,
ESTAT:TEC00115(1.0),5/3/2024 11:00,A,CLV_PCH_PRE,B1GQ,PL,2020,-2,
ESTAT:TEC00115(1.0),5/3/2024 11:00,A,CLV_PCH_PRE,B1GQ,PL,2021,6.9,
ESTAT:TEC00115(1.0),5/3/2024 11:00,A,CLV_PCH_PRE,B1GQ,PL,2022,5.3,
ESTAT:TEC00115(1.0),5/3/2024 11:00,A,CLV_PCH_PRE,B1GQ,PT,2012,-4.1,
ESTAT:TEC00115(1.0),5/3/2024 11:00,A,CLV_PCH_PRE,B1GQ,PT,2013,-0.9,
ESTAT:TEC00115(1.0),5/3/2024 11:00,A,CLV_PCH_PRE,B1GQ,PT,2014,0.8,
ESTAT:TEC00115(1.0),5/3/2024 11:00,A,CLV_PCH_PRE,B1GQ,PT,2015,1.8,
ESTAT:TEC00115(1.0),5/3/2024 11:00,A,CLV_PCH_PRE,B1GQ,PT,2016,2,
ESTAT:TEC00115(1.0),5/3/2024 11:00,A,CLV_PCH_PRE,B1GQ,PT,2017,3.5,
ESTAT:TEC00115(1.0),5/3/2024 11:00,A,CLV_PCH_PRE,B1GQ,PT,2018,2.8,
ESTAT:TEC00115(1.0),5/3/2024 11:00,A,CLV_PCH_PRE,B1GQ,PT,2019,2.7,
ESTAT:TEC00115(1.0),5/3/2024 11:00,A,CLV_PCH_PRE,B1GQ,PT,2020,-8.3,
ESTAT:TEC00115(1.0),5/3/2024 11:00,A,CLV_PCH_PRE,B1GQ,PT,2021,5.7,
ESTAT:TEC00115(1.0),5/3/2024 11:00,A,CLV_PCH_PRE,B1GQ,PT,2022,6.8,p
ESTAT:TEC00115(1.0),5/3/2024 11:00,A,CLV_PCH_PRE,B1GQ,PT,2023,2.3,p
ESTAT:TEC00115(1.0),5/3/2024 11:00,A,CLV_PCH_PRE,B1GQ,RO,2012,1.9,
ESTAT:TEC00115(1.0),5/3/2024 11:00,A,CLV_PCH_PRE,B1GQ,RO,2013,0.3,
ESTAT:TEC00115(1.0),5/3/2024 11:00,A,CLV_PCH_PRE,B1GQ,RO,2014,4.1,
ESTAT:TEC00115(1.0),5/3/2024 11:00,A,CLV_PCH_PRE,B1GQ,RO,2015,3.2,
ESTAT:TEC00115(1.0),5/3/2024 11:00,A,CLV_PCH_PRE,B1GQ,RO,2016,2.9,
ESTAT:TEC00115(1.0),5/3/2024 11:00,A,CLV_PCH_PRE,B1GQ,RO,2017,8.2,
ESTAT:TEC00115(1.0),5/3/2024 11:00,A,CLV_PCH_PRE,B1GQ,RO,2018,6,
ESTAT:TEC00115(1.0),5/3/2024 11:00,A,CLV_PCH_PRE,B1GQ,RO,2019,3.9,
ESTAT:TEC00115(1.0),5/3/2024 11:00,A,CLV_PCH_PRE,B1GQ,RO,2020,-3.7,
ESTAT:TEC00115(1.0),5/3/2024 11:00,A,CLV_PCH_PRE,B1GQ,RO,2021,5.7,
ESTAT:TEC00115(1.0),5/3/2024 11:00,A,CLV_PCH_PRE,B1GQ,RO,2022,4.1,p
ESTAT:TEC00115(1.0),5/3/2024 11:00,A,CLV_PCH_PRE,B1GQ,RS,2012,-0.7,
ESTAT:TEC00115(1.0),5/3/2024 11:00,A,CLV_PCH_PRE,B1GQ,RS,2013,2.9,
ESTAT:TEC00115(1.0),5/3/2024 11:00,A,CLV_PCH_PRE,B1GQ,RS,2014,-1.6,
ESTAT:TEC00115(1.0),5/3/2024 11:00,A,CLV_PCH_PRE,B1GQ,RS,2015,1.8,
ESTAT:TEC00115(1.0),5/3/2024 11:00,A,CLV_PCH_PRE,B1GQ,RS,2016,3.3,
ESTAT:TEC00115(1.0),5/3/2024 11:00,A,CLV_PCH_PRE,B1GQ,RS,2017,2.1,
ESTAT:TEC00115(1.0),5/3/2024 11:00,A,CLV_PCH_PRE,B1GQ,RS,2018,4.5,
ESTAT:TEC00115(1.0),5/3/2024 11:00,A,CLV_PCH_PRE,B1GQ,RS,2019,4.3,
ESTAT:TEC00115(1.0),5/3/2024 11:00,A,CLV_PCH_PRE,B1GQ,RS,2020,-0.9,
ESTAT:TEC00115(1.0),5/3/2024 11:00,A,CLV_PCH_PRE,B1GQ,RS,2021,7.7,
ESTAT:TEC00115(1.0),5/3/2024 11:00,A,CLV_PCH_PRE,B1GQ,RS,2022,2.5,p
ESTAT:TEC00115(1.0),5/3/2024 11:00,A,CLV_PCH_PRE,B1GQ,RS,2023,2.5,p
ESTAT:TEC00115(1.0),5/3/2024 11:00,A,CLV_PCH_PRE,B1GQ,SE,2012,-0.6,
ESTAT:TEC00115(1.0),5/3/2024 11:00,A,CLV_PCH_PRE,B1GQ,SE,2013,1.2,
ESTAT:TEC00115(1.0),5/3/2024 11:00,A,CLV_PCH_PRE,B1GQ,SE,2014,2.7,
ESTAT:TEC00115(1.0),5/3/2024 11:00,A,CLV_PCH_PRE,B1GQ,SE,2015,4.5,
ESTAT:TEC00115(1.0),5/3/2024 11:00,A,CLV_PCH_PRE,B1GQ,SE,2016,2.1,
ESTAT:TEC00115(1.0),5/3/2024 11:00,A,CLV_PCH_PRE,B1GQ,SE,2017,2.6,
ESTAT:TEC00115(1.0),5/3/2024 11:00,A,CLV_PCH_PRE,B1GQ,SE,2018,2,
ESTAT:TEC00115(1.0),5/3/2024 11:00,A,CLV_PCH_PRE,B1GQ,SE,2019,2,
ESTAT:TEC00115(1.0),5/3/2024 11:00,A,CLV_PCH_PRE,B1GQ,SE,2020,-2.2,
ESTAT:TEC00115(1.0),5/3/2024 11:00,A,CLV_PCH_PRE,B1GQ,SE,2021,6.1,
ESTAT:TEC00115(1.0),5/3/2024 11:00,A,CLV_PCH_PRE,B1GQ,SE,2022,2.9,
ESTAT:TEC00115(1.0),5/3/2024 11:00,A,CLV_PCH_PRE,B1GQ,SI,2012,-2.6,
ESTAT:TEC00115(1.0),5/3/2024 11:00,A,CLV_PCH_PRE,B1GQ,SI,2013,-1,
ESTAT:TEC00115(1.0),5/3/2024 11:00,A,CLV_PCH_PRE,B1GQ,SI,2014,2.8,
ESTAT:TEC00115(1.0),5/3/2024 11:00,A,CLV_PCH_PRE,B1GQ,SI,2015,2.2,
ESTAT:TEC00115(1.0),5/3/2024 11:00,A,CLV_PCH_PRE,B1GQ,SI,2016,3.2,
ESTAT:TEC00115(1.0),5/3/2024 11:00,A,CLV_PCH_PRE,B1GQ,SI,2017,4.8,
ESTAT:TEC00115(1.0),5/3/2024 11:00,A,CLV_PCH_PRE,B1GQ,SI,2018,4.5,
ESTAT:TEC00115(1.0),5/3/2024 11:00,A,CLV_PCH_PRE,B1GQ,SI,2019,3.5,
ESTAT:TEC00115(1.0),5/3/2024 11:00,A,CLV_PCH_PRE,B1GQ,SI,2020,-4.2,
ESTAT:TEC00115(1.0),5/3/2024 11:00,A,CLV_PCH_PRE,B1GQ,SI,2021,8.2,
ESTAT:TEC00115(1.0),5/3/2024 11:00,A,CLV_PCH_PRE,B1GQ,SI,2022,2.5,
ESTAT:TEC00115(1.0),5/3/2024 11:00,A,CLV_PCH_PRE,B1GQ,SI,2023,1.6,
ESTAT:TEC00115(1.0),5/3/2024 11:00,A,CLV_PCH_PRE,B1GQ,SK,2012,1.3,
ESTAT:TEC00115(1.0),5/3/2024 11:00,A,CLV_PCH_PRE,B1GQ,SK,2013,0.6,
ESTAT:TEC00115(1.0),5/3/2024 11:00,A,CLV_PCH_PRE,B1GQ,SK,2014,2.7,
ESTAT:TEC00115(1.0),5/3/2024 11:00,A,CLV_PCH_PRE,B1GQ,SK,2015,5.2,
ESTAT:TEC00115(1.0),5/3/2024 11:00,A,CLV_PCH_PRE,B1GQ,SK,2016,1.9,
ESTAT:TEC00115(1.0),5/3/2024 11:00,A,CLV_PCH_PRE,B1GQ,SK,2017,2.9,
ESTAT:TEC00115(1.0),5/3/2024 11:00,A,CLV_PCH_PRE,B1GQ,SK,2018,4,
ESTAT:TEC00115(1.0),5/3/2024 11:00,A,CLV_PCH_PRE,B1GQ,SK,2019,2.5,
ESTAT:TEC00115(1.0),5/3/2024 11:00,A,CLV_PCH_PRE,B1GQ,SK,2020,-3.3,
ESTAT:TEC00115(1.0),5/3/2024 11:00,A,CLV_PCH_PRE,B1GQ,SK,2021,4.8,
ESTAT:TEC00115(1.0),5/3/2024 11:00,A,CLV_PCH_PRE,B1GQ,SK,2022,1.8,
ESTAT:TEC00115(1.0),5/3/2024 11:00,A,CLV_PCH_PRE,B1GQ,TR,2012,4.8,
ESTAT:TEC00115(1.0),5/3/2024 11:00,A,CLV_PCH_PRE,B1GQ,TR,2013,8.5,
ESTAT:TEC00115(1.0),5/3/2024 11:00,A,CLV_PCH_PRE,B1GQ,TR,2014,4.9,
ESTAT:TEC00115(1.0),5/3/2024 11:00,A,CLV_PCH_PRE,B1GQ,TR,2015,6.1,
ESTAT:TEC00115(1.0),5/3/2024 11:00,A,CLV_PCH_PRE,B1GQ,TR,2016,3.3,
ESTAT:TEC00115(1.0),5/3/2024 11:00,A,CLV_PCH_PRE,B1GQ,TR,2017,7.5,
ESTAT:TEC00115(1.0),5/3/2024 11:00,A,CLV_PCH_PRE,B1GQ,TR,2018,3,
ESTAT:TEC00115(1.0),5/3/2024 11:00,A,CLV_PCH_PRE,B1GQ,TR,2019,0.8,
ESTAT:TEC00115(1.0),5/3/2024 11:00,A,CLV_PCH_PRE,B1GQ,TR,2020,1.9,
ESTAT:TEC00115(1.0),5/3/2024 11:00,A,CLV_PCH_PRE,B1GQ,TR,2021,11.4,
ESTAT:TEC00115(1.0),5/3/2024 11:00,A,CLV_PCH_PRE,B1GQ,TR,2022,5.5,
ESTAT:TEC00115(1.0),5/3/2024 11:00,A,CLV_PCH_PRE,B1GQ,UK,2012,1.4,
ESTAT:TEC00115(1.0),5/3/2024 11:00,A,CLV_PCH_PRE,B1GQ,UK,2013,2.2,
ESTAT:TEC00115(1.0),5/3/2024 11:00,A,CLV_PCH_PRE,B1GQ,UK,2014,2.9,
ESTAT:TEC00115(1.0),5/3/2024 11:00,A,CLV_PCH_PRE,B1GQ,UK,2015,2.4,
ESTAT:TEC00115(1.0),5/3/2024 11:00,A,CLV_PCH_PRE,B1GQ,UK,2016,1.7,
ESTAT:TEC00115(1.0),5/3/2024 11:00,A,CLV_PCH_PRE,B1GQ,UK,2017,1.7,
ESTAT:TEC00115(1.0),5/3/2024 11:00,A,CLV_PCH_PRE,B1GQ,UK,2018,1.3,
ESTAT:TEC00115(1.0),5/3/2024 11:00,A,CLV_PCH_PRE,B1GQ,UK,2019,1.4,
ESTAT:TEC00115(1.0),5/3/2024 11:00,A,CLV_PCH_PRE,B1GQ,XK,2012,1.7,
ESTAT:TEC00115(1.0),5/3/2024 11:00,A,CLV_PCH_PRE,B1GQ,XK,2013,5.3,
ESTAT:TEC00115(1.0),5/3/2024 11:00,A,CLV_PCH_PRE,B1GQ,XK,2014,3.3,
ESTAT:TEC00115(1.0),5/3/2024 11:00,A,CLV_PCH_PRE,B1GQ,XK,2015,5.9,
ESTAT:TEC00115(1.0),5/3/2024 11:00,A,CLV_PCH_PRE,B1GQ,XK,2016,5.6,
ESTAT:TEC00115(1.0),5/3/2024 11:00,A,CLV_PCH_PRE,B1GQ,XK,2017,4.8,
ESTAT:TEC00115(1.0),5/3/2024 11:00,A,CLV_PCH_PRE,B1GQ,XK,2018,3.4,
ESTAT:TEC00115(1.0),5/3/2024 11:00,A,CLV_PCH_PRE,B1GQ,XK,2019,4.8,
ESTAT:TEC00115(1.0),5/3/2024 11:00,A,CLV_PCH_PRE,B1GQ,XK,2020,-5.3,
ESTAT:TEC00115(1.0),5/3/2024 11:00,A,CLV_PCH_PRE,B1GQ,XK,2021,10.7,
ESTAT:TEC00115(1.0),5/3/2024 11:00,A,CLV_PCH_PRE,B1GQ,XK,2022,4.3,
ESTAT:TEC00115(1.0),5/3/2024 11:00,A,CLV_PCH_PRE_HAB,B1GQ,AL,2012,1.6,
ESTAT:TEC00115(1.0),5/3/2024 11:00,A,CLV_PCH_PRE_HAB,B1GQ,AL,2013,1.2,d
ESTAT:TEC00115(1.0),5/3/2024 11:00,A,CLV_PCH_PRE_HAB,B1GQ,AL,2014,2,d
ESTAT:TEC00115(1.0),5/3/2024 11:00,A,CLV_PCH_PRE_HAB,B1GQ,AL,2015,2.5,
ESTAT:TEC00115(1.0),5/3/2024 11:00,A,CLV_PCH_PRE_HAB,B1GQ,AL,2016,3.5,
ESTAT:TEC00115(1.0),5/3/2024 11:00,A,CLV_PCH_PRE_HAB,B1GQ,AL,2017,3.9,
ESTAT:TEC00115(1.0),5/3/2024 11:00,A,CLV_PCH_PRE_HAB,B1GQ,AL,2018,4.3,
ESTAT:TEC00115(1.0),5/3/2024 11:00,A,CLV_PCH_PRE_HAB,B1GQ,AL,2019,2.5,
ESTAT:TEC00115(1.0),5/3/2024 11:00,A,CLV_PCH_PRE_HAB,B1GQ,AL,2020,-2.9,p
ESTAT:TEC00115(1.0),5/3/2024 11:00,A,CLV_PCH_PRE_HAB,B1GQ,AT,2012,0.2,
ESTAT:TEC00115(1.0),5/3/2024 11:00,A,CLV_PCH_PRE_HAB,B1GQ,AT,2013,-0.6,
ESTAT:TEC00115(1.0),5/3/2024 11:00,A,CLV_PCH_PRE_HAB,B1GQ,AT,2014,-0.1,
ESTAT:TEC00115(1.0),5/3/2024 11:00,A,CLV_PCH_PRE_HAB,B1GQ,AT,2015,0,
ESTAT:TEC00115(1.0),5/3/2024 11:00,A,CLV_PCH_PRE_HAB,B1GQ,AT,2016,0.7,
ESTAT:TEC00115(1.0),5/3/2024 11:00,A,CLV_PCH_PRE_HAB,B1GQ,AT,2017,1.6,
ESTAT:TEC00115(1.0),5/3/2024 11:00,A,CLV_PCH_PRE_HAB,B1GQ,AT,2018,1.9,
ESTAT:TEC00115(1.0),5/3/2024 11:00,A,CLV_PCH_PRE_HAB,B1GQ,AT,2019,1,
ESTAT:TEC00115(1.0),5/3/2024 11:00,A,CLV_PCH_PRE_HAB,B1GQ,AT,2020,-7,
ESTAT:TEC00115(1.0),5/3/2024 11:00,A,CLV_PCH_PRE_HAB,B1GQ,AT,2021,3.8,
ESTAT:TEC00115(1.0),5/3/2024 11:00,A,CLV_PCH_PRE_HAB,B1GQ,AT,2022,3.6,
ESTAT:TEC00115(1.0),5/3/2024 11:00,A,CLV_PCH_PRE_HAB,B1GQ,AT,2023,-1.7,
ESTAT:TEC00115(1.0),5/3/2024 11:00,A,CLV_PCH_PRE_HAB,B1GQ,BE,2012,0.1,
ESTAT:TEC00115(1.0),5/3/2024 11:00,A,CLV_PCH_PRE_HAB,B1GQ,BE,2013,0,
ESTAT:TEC00115(1.0),5/3/2024 11:00,A,CLV_PCH_PRE_HAB,B1GQ,BE,2014,1.1,
ESTAT:TEC00115(1.0),5/3/2024 11:00,A,CLV_PCH_PRE_HAB,B1GQ,BE,2015,1.5,
ESTAT:TEC00115(1.0),5/3/2024 11:00,A,CLV_PCH_PRE_HAB,B1GQ,BE,2016,0.8,
ESTAT:TEC00115(1.0),5/3/2024 11:00,A,CLV_PCH_PRE_HAB,B1GQ,BE,2017,1.2,
ESTAT:TEC00115(1.0),5/3/2024 11:00,A,CLV_PCH_PRE_HAB,B1GQ,BE,2018,1.3,
ESTAT:TEC00115(1.0),5/3/2024 11:00,A,CLV_PCH_PRE_HAB,B1GQ,BE,2019,1.7,
ESTAT:TEC00115(1.0),5/3/2024 11:00,A,CLV_PCH_PRE_HAB,B1GQ,BE,2020,-5.7,
ESTAT:TEC00115(1.0),5/3/2024 11:00,A,CLV_PCH_PRE_HAB,B1GQ,BE,2021,6.4,
ESTAT:TEC00115(1.0),5/3/2024 11:00,A,CLV_PCH_PRE_HAB,B1GQ,BE,2022,2.2,p
ESTAT:TEC00115(1.0),5/3/2024 11:00,A,CLV_PCH_PRE_HAB,B1GQ,BE,2023,0.6,p
ESTAT:TEC00115(1.0),5/3/2024 11:00,A,CLV_PCH_PRE_HAB,B1GQ,BG,2012,1.3,
ESTAT:TEC00115(1.0),5/3/2024 11:00,A,CLV_PCH_PRE_HAB,B1GQ,BG,2013,0,
ESTAT:TEC00115(1.0),5/3/2024 11:00,A,CLV_PCH_PRE_HAB,B1GQ,BG,2014,1.5,
ESTAT:TEC00115(1.0),5/3/2024 11:00,A,CLV_PCH_PRE_HAB,B1GQ,BG,2015,4.1,
ESTAT:TEC00115(1.0),5/3/2024 11:00,A,CLV_PCH_PRE_HAB,B1GQ,BG,2016,3.8,
ESTAT:TEC00115(1.0),5/3/2024 11:00,A,CLV_PCH_PRE_HAB,B1GQ,BG,2017,3.5,
ESTAT:TEC00115(1.0),5/3/2024 11:00,A,CLV_PCH_PRE_HAB,B1GQ,BG,2018,3.4,
ESTAT:TEC00115(1.0),5/3/2024 11:00,A,CLV_PCH_PRE_HAB,B1GQ,BG,2019,4.8,
ESTAT:TEC00115(1.0),5/3/2024 11:00,A,CLV_PCH_PRE_HAB,B1GQ,BG,2020,-3.4,
ESTAT:TEC00115(1.0),5/3/2024 11:00,A,CLV_PCH_PRE_HAB,B1GQ,BG,2021,8.5,
ESTAT:TEC00115(1.0),5/3/2024 11:00,A,CLV_PCH_PRE_HAB,B1GQ,BG,2022,10.6,b
ESTAT:TEC00115(1.0),5/3/2024 11:00,A,CLV_PCH_PRE_HAB,B1GQ,CH,2012,0.1,
ESTAT:TEC00115(1.0),5/3/2024 11:00,A,CLV_PCH_PRE_HAB,B1GQ,CH,2013,0.6,
ESTAT:TEC00115(1.0),5/3/2024 11:00,A,CLV_PCH_PRE_HAB,B1GQ,CH,2014,1.1,
ESTAT:TEC00115(1.0),5/3/2024 11:00,A,CLV_PCH_PRE_HAB,B1GQ,CH,2015,0.5,
ESTAT:TEC00115(1.0),5/3/2024 11:00,A,CLV_PCH_PRE_HAB,B1GQ,CH,2016,1,
ESTAT:TEC00115(1.0),5/3/2024 11:00,A,CLV_PCH_PRE_HAB,B1GQ,CH,2017,0.4,
ESTAT:TEC00115(1.0),5/3/2024 11:00,A,CLV_PCH_PRE_HAB,B1GQ,CH,2018,2.1,
ESTAT:TEC00115(1.0),5/3/2024 11:00,A,CLV_PCH_PRE_HAB,B1GQ,CH,2019,0.4,
ESTAT:TEC00115(1.0),5/3/2024 11:00,A,CLV_PCH_PRE_HAB,B1GQ,CH,2020,-2.9,
ESTAT:TEC00115(1.0),5/3/2024 11:00,A,CLV_PCH_PRE_HAB,B1GQ,CH,2021,4.6,
ESTAT:TEC00115(1.0),5/3/2024 11:00,A,CLV_PCH_PRE_HAB,B1GQ,CH,2022,1.7,
ESTAT:TEC00115(1.0),5/3/2024 11:00,A,CLV_PCH_PRE_HAB,B1GQ,CH,2023,-0.8,
ESTAT:TEC00115(1.0),5/3/2024 11:00,A,CLV_PCH_PRE_HAB,B1GQ,CY,2012,-4.9,
ESTAT:TEC00115(1.0),5/3/2024 11:00,A,CLV_PCH_PRE_HAB,B1GQ,CY,2013,-6.4,
ESTAT:TEC00115(1.0),5/3/2024 11:00,A,CLV_PCH_PRE_HAB,B1GQ,CY,2014,-0.7,
ESTAT:TEC00115(1.0),5/3/2024 11:00,A,CLV_PCH_PRE_HAB,B1GQ,CY,2015,4,
ESTAT:TEC00115(1.0),5/3/2024 11:00,A,CLV_PCH_PRE_HAB,B1GQ,CY,2016,6.1,
ESTAT:TEC00115(1.0),5/3/2024 11:00,A,CLV_PCH_PRE_HAB,B1GQ,CY,2017,4.8,
ESTAT:TEC00115(1.0),5/3/2024 11:00,A,CLV_PCH_PRE_HAB,B1GQ,CY,2018,4.4,
ESTAT:TEC00115(1.0),5/3/2024 11:00,A,CLV_PCH_PRE_HAB,B1GQ,CY,2019,4.1,
ESTAT:TEC00115(1.0),5/3/2024 11:00,A,CLV_PCH_PRE_HAB,B1GQ,CY,2020,-4.5,
ESTAT:TEC00115(1.0),5/3/2024 11:00,A,CLV_PCH_PRE_HAB,B1GQ,CY,2021,8.9,
ESTAT:TEC00115(1.0),5/3/2024 11:00,A,CLV_PCH_PRE_HAB,B1GQ,CY,2022,3.6,p
ESTAT:TEC00115(1.0),5/3/2024 11:00,A,CLV_PCH_PRE_HAB,B1GQ,CY,2023,0.9,p
ESTAT:TEC00115(1.0),5/3/2024 11:00,A,CLV_PCH_PRE_HAB,B1GQ,CZ,2012,-0.9,
ESTAT:TEC00115(1.0),5/3/2024 11:00,A,CLV_PCH_PRE_HAB,B1GQ,CZ,2013,-0.1,
ESTAT:TEC00115(1.0),5/3/2024 11:00,A,CLV_PCH_PRE_HAB,B1GQ,CZ,2014,2.1,
ESTAT:TEC00115(1.0),5/3/2024 11:00,A,CLV_PCH_PRE_HAB,B1GQ,CZ,2015,5.2,
ESTAT:TEC00115(1.0),5/3/2024 11:00,A,CLV_PCH_PRE_HAB,B1GQ,CZ,2016,2.3,
ESTAT:TEC00115(1.0),5/3/2024 11:00,A,CLV_PCH_PRE_HAB,B1GQ,CZ,2017,4.9,
ESTAT:TEC00115(1.0),5/3/2024 11:00,A,CLV_PCH_PRE_HAB,B1GQ,CZ,2018,2.9,
ESTAT:TEC00115(1.0),5/3/2024 11:00,A,CLV_PCH_PRE_HAB,B1GQ,CZ,2019,2.6,
ESTAT:TEC00115(1.0),5/3/2024 11:00,A,CLV_PCH_PRE_HAB,B1GQ,CZ,2020,-5.8,
ESTAT:TEC00115(1.0),5/3/2024 11:00,A,CLV_PCH_PRE_HAB,B1GQ,CZ,2021,3.6,
ESTAT:TEC00115(1.0),5/3/2024 11:00,A,CLV_PCH_PRE_HAB,B1GQ,CZ,2022,2.4,
ESTAT:TEC00115(1.0),5/3/2024 11:00,A,CLV_PCH_PRE_HAB,B1GQ,CZ,2023,-0.7,
ESTAT:TEC00115(1.0),5/3/2024 11:00,A,CLV_PCH_PRE_HAB,B1GQ,DE,2012,0.2,
ESTAT:TEC00115(1.0),5/3/2024 11:00,A,CLV_PCH_PRE_HAB,B1GQ,DE,2013,0.2,
ESTAT:TEC00115(1.0),5/3/2024 11:00,A,CLV_PCH_PRE_HAB,B1GQ,DE,2014,1.8,
ESTAT:TEC00115(1.0),5/3/2024 11:00,A,CLV_PCH_PRE_HAB,B1GQ,DE,2015,0.6,
ESTAT:TEC00115(1.0),5/3/2024 11:00,A,CLV_PCH_PRE_HAB,B1GQ,DE,2016,1.4,
ESTAT:TEC00115(1.0),5/3/2024 11:00,A,CLV_PCH_PRE_HAB,B1GQ,DE,2017,2.3,
ESTAT:TEC00115(1.0),5/3/2024 11:00,A,CLV_PCH_PRE_HAB,B1GQ,DE,2018,0.7,
ESTAT:TEC00115(1.0),5/3/2024 11:00,A,CLV_PCH_PRE_HAB,B1GQ,DE,2019,0.8,p
ESTAT:TEC00115(1.0),5/3/2024 11:00,A,CLV_PCH_PRE_HAB,B1GQ,DE,2020,-3.9,p
ESTAT:TEC00115(1.0),5/3/2024 11:00,A,CLV_PCH_PRE_HAB,B1GQ,DE,2021,3.1,p
ESTAT:TEC00115(1.0),5/3/2024 11:00,A,CLV_PCH_PRE_HAB,B1GQ,DE,2022,1.1,p
ESTAT:TEC00115(1.0),5/3/2024 11:00,A,CLV_PCH_PRE_HAB,B1GQ,DE,2023,-1.2,p
ESTAT:TEC00115(1.0),5/3/2024 11:00,A,CLV_PCH_PRE_HAB,B1GQ,DK,2012,-0.1,
ESTAT:TEC00115(1.0),5/3/2024 11:00,A,CLV_PCH_PRE_HAB,B1GQ,DK,2013,0.5,
ESTAT:TEC00115(1.0),5/3/2024 11:00,A,CLV_PCH_PRE_HAB,B1GQ,DK,2014,1.1,
ESTAT:TEC00115(1.0),5/3/2024 11:00,A,CLV_PCH_PRE_HAB,B1GQ,DK,2015,1.6,
ESTAT:TEC00115(1.0),5/3/2024 11:00,A,CLV_PCH_PRE_HAB,B1GQ,DK,2016,2.4,
ESTAT:TEC00115(1.0),5/3/2024 11:00,A,CLV_PCH_PRE_HAB,B1GQ,DK,2017,2.2,
ESTAT:TEC00115(1.0),5/3/2024 11:00,A,CLV_PCH_PRE_HAB,B1GQ,DK,2018,1.5,
ESTAT:TEC00115(1.0),5/3/2024 11:00,A,CLV_PCH_PRE_HAB,B1GQ,DK,2019,1.1,
ESTAT:TEC00115(1.0),5/3/2024 11:00,A,CLV_PCH_PRE_HAB,B1GQ,DK,2020,-2.6,
ESTAT:TEC00115(1.0),5/3/2024 11:00,A,CLV_PCH_PRE_HAB,B1GQ,DK,2021,6.4,
ESTAT:TEC00115(1.0),5/3/2024 11:00,A,CLV_PCH_PRE_HAB,B1GQ,DK,2022,1.8,
ESTAT:TEC00115(1.0),5/3/2024 11:00,A,CLV_PCH_PRE_HAB,B1GQ,DK,2023,1.1,
ESTAT:TEC00115(1.0),5/3/2024 11:00,A,CLV_PCH_PRE_HAB,B1GQ,EA19,2012,-1.1,
ESTAT:TEC00115(1.0),5/3/2024 11:00,A,CLV_PCH_PRE_HAB,B1GQ,EA19,2013,-0.4,
ESTAT:TEC00115(1.0),5/3/2024 11:00,A,CLV_PCH_PRE_HAB,B1GQ,EA19,2014,1.2,
ESTAT:TEC00115(1.0),5/3/2024 11:00,A,CLV_PCH_PRE_HAB,B1GQ,EA19,2015,1.7,
ESTAT:TEC00115(1.0),5/3/2024 11:00,A,CLV_PCH_PRE_HAB,B1GQ,EA19,2016,1.5,
ESTAT:TEC00115(1.0),5/3/2024 11:00,A,CLV_PCH_PRE_HAB,B1GQ,EA19,2017,2.4,
ESTAT:TEC00115(1.0),5/3/2024 11:00,A,CLV_PCH_PRE_HAB,B1GQ,EA19,2018,1.5,
ESTAT:TEC00115(1.0),5/3/2024 11:00,A,CLV_PCH_PRE_HAB,B1GQ,EA19,2019,1.3,
ESTAT:TEC00115(1.0),5/3/2024 11:00,A,CLV_PCH_PRE_HAB,B1GQ,EA19,2020,-6.2,
ESTAT:TEC00115(1.0),5/3/2024 11:00,A,CLV_PCH_PRE_HAB,B1GQ,EA19,2021,5.9,
ESTAT:TEC00115(1.0),5/3/2024 11:00,A,CLV_PCH_PRE_HAB,B1GQ,EA19,2022,2.9,
ESTAT:TEC00115(1.0),5/3/2024 11:00,A,CLV_PCH_PRE_HAB,B1GQ,EA20,2012,-1.1,
ESTAT:TEC00115(1.0),5/3/2024 11:00,A,CLV_PCH_PRE_HAB,B1GQ,EA20,2013,-0.4,
ESTAT:TEC00115(1.0),5/3/2024 11:00,A,CLV_PCH_PRE_HAB,B1GQ,EA20,2014,1.2,
ESTAT:TEC00115(1.0),5/3/2024 11:00,A,CLV_PCH_PRE_HAB,B1GQ,EA20,2015,1.7,
ESTAT:TEC00115(1.0),5/3/2024 11:00,A,CLV_PCH_PRE_HAB,B1GQ,EA20,2016,1.6,
ESTAT:TEC00115(1.0),5/3/2024 11:00,A,CLV_PCH_PRE_HAB,B1GQ,EA20,2017,2.4,
ESTAT:TEC00115(1.0),5/3/2024 11:00,A,CLV_PCH_PRE_HAB,B1GQ,EA20,2018,1.5,
ESTAT:TEC00115(1.0),5/3/2024 11:00,A,CLV_PCH_PRE_HAB,B1GQ,EA20,2019,1.3,
ESTAT:TEC00115(1.0),5/3/2024 11:00,A,CLV_PCH_PRE_HAB,B1GQ,EA20,2020,-6.2,
ESTAT:TEC00115(1.0),5/3/2024 11:00,A,CLV_PCH_PRE_HAB,B1GQ,EA20,2021,5.9,
ESTAT:TEC00115(1.0),5/3/2024 11:00,A,CLV_PCH_PRE_HAB,B1GQ,EA20,2022,2.9,
ESTAT:TEC00115(1.0),5/3/2024 11:00,A,CLV_PCH_PRE_HAB,B1GQ,EE,2012,3.6,
ESTAT:TEC00115(1.0),5/3/2024 11:00,A,CLV_PCH_PRE_HAB,B1GQ,EE,2013,1.8,
ESTAT:TEC00115(1.0),5/3/2024 11:00,A,CLV_PCH_PRE_HAB,B1GQ,EE,2014,3.4,
ESTAT:TEC00115(1.0),5/3/2024 11:00,A,CLV_PCH_PRE_HAB,B1GQ,EE,2015,2,
ESTAT:TEC00115(1.0),5/3/2024 11:00,A,CLV_PCH_PRE_HAB,B1GQ,EE,2016,3,
ESTAT:TEC00115(1.0),5/3/2024 11:00,A,CLV_PCH_PRE_HAB,B1GQ,EE,2017,5.8,
ESTAT:TEC00115(1.0),5/3/2024 11:00,A,CLV_PCH_PRE_HAB,B1GQ,EE,2018,3.5,
ESTAT:TEC00115(1.0),5/3/2024 11:00,A,CLV_PCH_PRE_HAB,B1GQ,EE,2019,3.6,
ESTAT:TEC00115(1.0),5/3/2024 11:00,A,CLV_PCH_PRE_HAB,B1GQ,EE,2020,-1.3,
ESTAT:TEC00115(1.0),5/3/2024 11:00,A,CLV_PCH_PRE_HAB,B1GQ,EE,2021,7.2,
ESTAT:TEC00115(1.0),5/3/2024 11:00,A,CLV_PCH_PRE_HAB,B1GQ,EE,2022,-0.6,
ESTAT:TEC00115(1.0),5/3/2024 11:00,A,CLV_PCH_PRE_HAB,B1GQ,EL,2012,-6.6,
ESTAT:TEC00115(1.0),5/3/2024 11:00,A,CLV_PCH_PRE_HAB,B1GQ,EL,2013,-1.8,
ESTAT:TEC00115(1.0),5/3/2024 11:00,A,CLV_PCH_PRE_HAB,B1GQ,EL,2014,1.1,
ESTAT:TEC00115(1.0),5/3/2024 11:00,A,CLV_PCH_PRE_HAB,B1GQ,EL,2015,0.5,
ESTAT:TEC00115(1.0),5/3/2024 11:00,A,CLV_PCH_PRE_HAB,B1GQ,EL,2016,-0.1,
ESTAT:TEC00115(1.0),5/3/2024 11:00,A,CLV_PCH_PRE_HAB,B1GQ,EL,2017,1.3,
ESTAT:TEC00115(1.0),5/3/2024 11:00,A,CLV_PCH_PRE_HAB,B1GQ,EL,2018,1.9,
ESTAT:TEC00115(1.0),5/3/2024 11:00,A,CLV_PCH_PRE_HAB,B1GQ,EL,2019,2,
ESTAT:TEC00115(1.0),5/3/2024 11:00,A,CLV_PCH_PRE_HAB,B1GQ,EL,2020,-9.1,
ESTAT:TEC00115(1.0),5/3/2024 11:00,A,CLV_PCH_PRE_HAB,B1GQ,EL,2021,9,p
ESTAT:TEC00115(1.0),5/3/2024 11:00,A,CLV_PCH_PRE_HAB,B1GQ,EL,2022,6.3,p
ESTAT:TEC00115(1.0),5/3/2024 11:00,A,CLV_PCH_PRE_HAB,B1GQ,ES,2012,-3,
ESTAT:TEC00115(1.0),5/3/2024 11:00,A,CLV_PCH_PRE_HAB,B1GQ,ES,2013,-1,
ESTAT:TEC00115(1.0),5/3/2024 11:00,A,CLV_PCH_PRE_HAB,B1GQ,ES,2014,1.7,
ESTAT:TEC00115(1.0),5/3/2024 11:00,A,CLV_PCH_PRE_HAB,B1GQ,ES,2015,3.9,
ESTAT:TEC00115(1.0),5/3/2024 11:00,A,CLV_PCH_PRE_HAB,B1GQ,ES,2016,2.9,
ESTAT:TEC00115(1.0),5/3/2024 11:00,A,CLV_PCH_PRE_HAB,B1GQ,ES,2017,2.8,
ESTAT:TEC00115(1.0),5/3/2024 11:00,A,CLV_PCH_PRE_HAB,B1GQ,ES,2018,1.9,
ESTAT:TEC00115(1.0),5/3/2024 11:00,A,CLV_PCH_PRE_HAB,B1GQ,ES,2019,1.2,
ESTAT:TEC00115(1.0),5/3/2024 11:00,A,CLV_PCH_PRE_HAB,B1GQ,ES,2020,-11.6,
ESTAT:TEC00115(1.0),5/3/2024 11:00,A,CLV_PCH_PRE_HAB,B1GQ,ES,2021,6.5,p
ESTAT:TEC00115(1.0),5/3/2024 11:00,A,CLV_PCH_PRE_HAB,B1GQ,ES,2022,5.1,p
ESTAT:TEC00115(1.0),5/3/2024 11:00,A,CLV_PCH_PRE_HAB,B1GQ,ES,2023,1.2,p
ESTAT:TEC00115(1.0),5/3/2024 11:00,A,CLV_PCH_PRE_HAB,B1GQ,EU27_2020,2012,-0.9,
ESTAT:TEC00115(1.0),5/3/2024 11:00,A,CLV_PCH_PRE_HAB,B1GQ,EU27_2020,2013,-0.2,
ESTAT:TEC00115(1.0),5/3/2024 11:00,A,CLV_PCH_PRE_HAB,B1GQ,EU27_2020,2014,1.5,
ESTAT:TEC00115(1.0),5/3/2024 11:00,A,CLV_PCH_PRE_HAB,B1GQ,EU27_2020,2015,2.1,
ESTAT:TEC00115(1.0),5/3/2024 11:00,A,CLV_PCH_PRE_HAB,B1GQ,EU27_2020,2016,1.7,
ESTAT:TEC00115(1.0),5/3/2024 11:00,A,CLV_PCH_PRE_HAB,B1GQ,EU27_2020,2017,2.7,
ESTAT:TEC00115(1.0),5/3/2024 11:00,A,CLV_PCH_PRE_HAB,B1GQ,EU27_2020,2018,1.9,
ESTAT:TEC00115(1.0),5/3/2024 11:00,A,CLV_PCH_PRE_HAB,B1GQ,EU27_2020,2019,1.6,
ESTAT:TEC00115(1.0),5/3/2024 11:00,A,CLV_PCH_PRE_HAB,B1GQ,EU27_2020,2020,-5.7,
ESTAT:TEC00115(1.0),5/3/2024 11:00,A,CLV_PCH_PRE_HAB,B1GQ,EU27_2020,2021,6.1,
ESTAT:TEC00115(1.0),5/3/2024 11:00,A,CLV_PCH_PRE_HAB,B1GQ,EU27_2020,2022,3.2,
ESTAT:TEC00115(1.0),5/3/2024 11:00,A,CLV_PCH_PRE_HAB,B1GQ,FI,2012,-1.9,
ESTAT:TEC00115(1.0),5/3/2024 11:00,A,CLV_PCH_PRE_HAB,B1GQ,FI,2013,-1.4,
ESTAT:TEC00115(1.0),5/3/2024 11:00,A,CLV_PCH_PRE_HAB,B1GQ,FI,2014,-0.8,
ESTAT:TEC00115(1.0),5/3/2024 11:00,A,CLV_PCH_PRE_HAB,B1GQ,FI,2015,0.2,
ESTAT:TEC00115(1.0),5/3/2024 11:00,A,CLV_PCH_PRE_HAB,B1GQ,FI,2016,2.5,
ESTAT:TEC00115(1.0),5/3/2024 11:00,A,CLV_PCH_PRE_HAB,B1GQ,FI,2017,3,
ESTAT:TEC00115(1.0),5/3/2024 11:00,A,CLV_PCH_PRE_HAB,B1GQ,FI,2018,1,
ESTAT:TEC00115(1.0),5/3/2024 11:00,A,CLV_PCH_PRE_HAB,B1GQ,FI,2019,1.1,
ESTAT:TEC00115(1.0),5/3/2024 11:00,A,CLV_PCH_PRE_HAB,B1GQ,FI,2020,-2.5,
ESTAT:TEC00115(1.0),5/3/2024 11:00,A,CLV_PCH_PRE_HAB,B1GQ,FI,2021,2.6,
ESTAT:TEC00115(1.0),5/3/2024 11:00,A,CLV_PCH_PRE_HAB,B1GQ,FI,2022,1.1,
ESTAT:TEC00115(1.0),5/3/2024 11:00,A,CLV_PCH_PRE_HAB,B1GQ,FI,2023,-1.5,
ESTAT:TEC00115(1.0),5/3/2024 11:00,A,CLV_PCH_PRE_HAB,B1GQ,FR,2012,-0.2,
ESTAT:TEC00115(1.0),5/3/2024 11:00,A,CLV_PCH_PRE_HAB,B1GQ,FR,2013,0.1,
ESTAT:TEC00115(1.0),5/3/2024 11:00,A,CLV_PCH_PRE_HAB,B1GQ,FR,2014,0.5,
ESTAT:TEC00115(1.0),5/3/2024 11:00,A,CLV_PCH_PRE_HAB,B1GQ,FR,2015,0.7,
ESTAT:TEC00115(1.0),5/3/2024 11:00,A,CLV_PCH_PRE_HAB,B1GQ,FR,2016,0.7,
ESTAT:TEC00115(1.0),5/3/2024 11:00,A,CLV_PCH_PRE_HAB,B1GQ,FR,2017,1.9,
ESTAT:TEC00115(1.0),5/3/2024 11:00,A,CLV_PCH_PRE_HAB,B1GQ,FR,2018,1.4,
ESTAT:TEC00115(1.0),5/3/2024 11:00,A,CLV_PCH_PRE_HAB,B1GQ,FR,2019,1.4,
ESTAT:TEC00115(1.0),5/3/2024 11:00,A,CLV_PCH_PRE_HAB,B1GQ,FR,2020,-7.9,
ESTAT:TEC00115(1.0),5/3/2024 11:00,A,CLV_PCH_PRE_HAB,B1GQ,FR,2021,6.1,p
ESTAT:TEC00115(1.0),5/3/2024 11:00,A,CLV_PCH_PRE_HAB,B1GQ,FR,2022,2.1,p
ESTAT:TEC00115(1.0),5/3/2024 11:00,A,CLV_PCH_PRE_HAB,B1GQ,FR,2023,0.4,p
ESTAT:TEC00115(1.0),5/3/2024 11:00,A,CLV_PCH_PRE_HAB,B1GQ,HR,2012,-2,
ESTAT:TEC00115(1.0),5/3/2024 11:00,A,CLV_PCH_PRE_HAB,B1GQ,HR,2013,-0.1,
ESTAT:TEC00115(1.0),5/3/2024 11:00,A,CLV_PCH_PRE_HAB,B1GQ,HR,2014,0,
ESTAT:TEC00115(1.0),5/3/2024 11:00,A,CLV_PCH_PRE_HAB,B1GQ,HR,2015,3.2,
ESTAT:TEC00115(1.0),5/3/2024 11:00,A,CLV_PCH_PRE_HAB,B1GQ,HR,2016,4.4,
ESTAT:TEC00115(1.0),5/3/2024 11:00,A,CLV_PCH_PRE_HAB,B1GQ,HR,2017,4.5,
ESTAT:TEC00115(1.0),5/3/2024 11:00,A,CLV_PCH_PRE_HAB,B1GQ,HR,2018,3.8,
ESTAT:TEC00115(1.0),5/3/2024 11:00,A,CLV_PCH_PRE_HAB,B1GQ,HR,2019,4,
ESTAT:TEC00115(1.0),5/3/2024 11:00,A,CLV_PCH_PRE_HAB,B1GQ,HR,2020,-8.1,
ESTAT:TEC00115(1.0),5/3/2024 11:00,A,CLV_PCH_PRE_HAB,B1GQ,HR,2021,16.4,
ESTAT:TEC00115(1.0),5/3/2024 11:00,A,CLV_PCH_PRE_HAB,B1GQ,HR,2022,7.7,e
ESTAT:TEC00115(1.0),5/3/2024 11:00,A,CLV_PCH_PRE_HAB,B1GQ,HU,2012,-0.7,
ESTAT:TEC00115(1.0),5/3/2024 11:00,A,CLV_PCH_PRE_HAB,B1GQ,HU,2013,2.1,
ESTAT:TEC00115(1.0),5/3/2024 11:00,A,CLV_PCH_PRE_HAB,B1GQ,HU,2014,4.5,
ESTAT:TEC00115(1.0),5/3/2024 11:00,A,CLV_PCH_PRE_HAB,B1GQ,HU,2015,4,
ESTAT:TEC00115(1.0),5/3/2024 11:00,A,CLV_PCH_PRE_HAB,B1GQ,HU,2016,2.5,
ESTAT:TEC00115(1.0),5/3/2024 11:00,A,CLV_PCH_PRE_HAB,B1GQ,HU,2017,4.5,
ESTAT:TEC00115(1.0),5/3/2024 11:00,A,CLV_PCH_PRE_HAB,B1GQ,HU,2018,5.5,
ESTAT:TEC00115(1.0),5/3/2024 11:00,A,CLV_PCH_PRE_HAB,B1GQ,HU,2019,4.9,
ESTAT:TEC00115(1.0),5/3/2024 11:00,A,CLV_PCH_PRE_HAB,B1GQ,HU,2020,-4.3,
ESTAT:TEC00115(1.0),5/3/2024 11:00,A,CLV_PCH_PRE_HAB,B1GQ,HU,2021,7.5,
ESTAT:TEC00115(1.0),5/3/2024 11:00,A,CLV_PCH_PRE_HAB,B1GQ,HU,2022,4.8,p
ESTAT:TEC00115(1.0),5/3/2024 11:00,A,CLV_PCH_PRE_HAB,B1GQ,IE,2012,-0.5,
ESTAT:TEC00115(1.0),5/3/2024 11:00,A,CLV_PCH_PRE_HAB,B1GQ,IE,2013,0.7,
ESTAT:TEC00115(1.0),5/3/2024 11:00,A,CLV_PCH_PRE_HAB,B1GQ,IE,2014,8.1,
ESTAT:TEC00115(1.0),5/3/2024 11:00,A,CLV_PCH_PRE_HAB,B1GQ,IE,2015,23.3,
ESTAT:TEC00115(1.0),5/3/2024 11:00,A,CLV_PCH_PRE_HAB,B1GQ,IE,2016,0.6,
ESTAT:TEC00115(1.0),5/3/2024 11:00,A,CLV_PCH_PRE_HAB,B1GQ,IE,2017,8.1,
ESTAT:TEC00115(1.0),5/3/2024 11:00,A,CLV_PCH_PRE_HAB,B1GQ,IE,2018,7.2,
ESTAT:TEC00115(1.0),5/3/2024 11:00,A,CLV_PCH_PRE_HAB,B1GQ,IE,2019,3.9,
ESTAT:TEC00115(1.0),5/3/2024 11:00,A,CLV_PCH_PRE_HAB,B1GQ,IE,2020,5.5,
ESTAT:TEC00115(1.0),5/3/2024 11:00,A,CLV_PCH_PRE_HAB,B1GQ,IE,2021,14.2,
ESTAT:TEC00115(1.0),5/3/2024 11:00,A,CLV_PCH_PRE_HAB,B1GQ,IE,2022,7.4,
ESTAT:TEC00115(1.0),5/3/2024 11:00,A,CLV_PCH_PRE_HAB,B1GQ,IE,2023,-6.5,
ESTAT:TEC00115(1.0),5/3/2024 11:00,A,CLV_PCH_PRE_HAB,B1GQ,IS,2012,0.5,
ESTAT:TEC00115(1.0),5/3/2024 11:00,A,CLV_PCH_PRE_HAB,B1GQ,IS,2013,3.6,
ESTAT:TEC00115(1.0),5/3/2024 11:00,A,CLV_PCH_PRE_HAB,B1GQ,IS,2014,0.6,
ESTAT:TEC00115(1.0),5/3/2024 11:00,A,CLV_PCH_PRE_HAB,B1GQ,IS,2015,3.4,
ESTAT:TEC00115(1.0),5/3/2024 11:00,A,CLV_PCH_PRE_HAB,B1GQ,IS,2016,4.8,
ESTAT:TEC00115(1.0),5/3/2024 11:00,A,CLV_PCH_PRE_HAB,B1GQ,IS,2017,1.8,
ESTAT:TEC00115(1.0),5/3/2024 11:00,A,CLV_PCH_PRE_HAB,B1GQ,IS,2018,2.1,
ESTAT:TEC00115(1.0),5/3/2024 11:00,A,CLV_PCH_PRE_HAB,B1GQ,IS,2019,-0.4,
ESTAT:TEC00115(1.0),5/3/2024 11:00,A,CLV_PCH_PRE_HAB,B1GQ,IS,2020,-8.7,
ESTAT:TEC00115(1.0),5/3/2024 11:00,A,CLV_PCH_PRE_HAB,B1GQ,IS,2021,2.8,
ESTAT:TEC00115(1.0),5/3/2024 11:00,A,CLV_PCH_PRE_HAB,B1GQ,IS,2022,4.6,
ESTAT:TEC00115(1.0),5/3/2024 11:00,A,CLV_PCH_PRE_HAB,B1GQ,IT,2012,-3.2,
ESTAT:TEC00115(1.0),5/3/2024 11:00,A,CLV_PCH_PRE_HAB,B1GQ,IT,2013,-2,
ESTAT:TEC00115(1.0),5/3/2024 11:00,A,CLV_PCH_PRE_HAB,B1GQ,IT,2014,0,
ESTAT:TEC00115(1.0),5/3/2024 11:00,A,CLV_PCH_PRE_HAB,B1GQ,IT,2015,0.9,
ESTAT:TEC00115(1.0),5/3/2024 11:00,A,CLV_PCH_PRE_HAB,B1GQ,IT,2016,1.5,
ESTAT:TEC00115(1.0),5/3/2024 11:00,A,CLV_PCH_PRE_HAB,B1GQ,IT,2017,1.9,
ESTAT:TEC00115(1.0),5/3/2024 11:00,A,CLV_PCH_PRE_HAB,B1GQ,IT,2018,1.1,
ESTAT:TEC00115(1.0),5/3/2024 11:00,A,CLV_PCH_PRE_HAB,B1GQ,IT,2019,0.7,
ESTAT:TEC00115(1.0),5/3/2024 11:00,A,CLV_PCH_PRE_HAB,B1GQ,IT,2020,-8.5,
ESTAT:TEC00115(1.0),5/3/2024 11:00,A,CLV_PCH_PRE_HAB,B1GQ,IT,2021,8.9,
ESTAT:TEC00115(1.0),5/3/2024 11:00,A,CLV_PCH_PRE_HAB,B1GQ,IT,2022,4.2,
ESTAT:TEC00115(1.0),5/3/2024 11:00,A,CLV_PCH_PRE_HAB,B1GQ,LT,2012,5.2,
ESTAT:TEC00115(1.0),5/3/2024 11:00,A,CLV_PCH_PRE_HAB,B1GQ,LT,2013,4.6,
ESTAT:TEC00115(1.0),5/3/2024 11:00,A,CLV_PCH_PRE_HAB,B1GQ,LT,2014,4.4,
ESTAT:TEC00115(1.0),5/3/2024 11:00,A,CLV_PCH_PRE_HAB,B1GQ,LT,2015,3,
ESTAT:TEC00115(1.0),5/3/2024 11:00,A,CLV_PCH_PRE_HAB,B1GQ,LT,2016,3.8,
ESTAT:TEC00115(1.0),5/3/2024 11:00,A,CLV_PCH_PRE_HAB,B1GQ,LT,2017,5.8,
ESTAT:TEC00115(1.0),5/3/2024 11:00,A,CLV_PCH_PRE_HAB,B1GQ,LT,2018,5,
ESTAT:TEC00115(1.0),5/3/2024 11:00,A,CLV_PCH_PRE_HAB,B1GQ,LT,2019,4.9,
ESTAT:TEC00115(1.0),5/3/2024 11:00,A,CLV_PCH_PRE_HAB,B1GQ,LT,2020,-0.1,
ESTAT:TEC00115(1.0),5/3/2024 11:00,A,CLV_PCH_PRE_HAB,B1GQ,LT,2021,5.8,
ESTAT:TEC00115(1.0),5/3/2024 11:00,A,CLV_PCH_PRE_HAB,B1GQ,LT,2022,1.6,
ESTAT:TEC00115(1.0),5/3/2024 11:00,A,CLV_PCH_PRE_HAB,B1GQ,LT,2023,-1.7,
ESTAT:TEC00115(1.0),5/3/2024 11:00,A,CLV_PCH_PRE_HAB,B1GQ,LU,2012,-0.8,
ESTAT:TEC00115(1.0),5/3/2024 11:00,A,CLV_PCH_PRE_HAB,B1GQ,LU,2013,0.8,
ESTAT:TEC00115(1.0),5/3/2024 11:00,A,CLV_PCH_PRE_HAB,B1GQ,LU,2014,0.2,
ESTAT:TEC00115(1.0),5/3/2024 11:00,A,CLV_PCH_PRE_HAB,B1GQ,LU,2015,-0.1,
ESTAT:TEC00115(1.0),5/3/2024 11:00,A,CLV_PCH_PRE_HAB,B1GQ,LU,2016,2.5,
ESTAT:TEC00115(1.0),5/3/2024 11:00,A,CLV_PCH_PRE_HAB,B1GQ,LU,2017,-0.9,
ESTAT:TEC00115(1.0),5/3/2024 11:00,A,CLV_PCH_PRE_HAB,B1GQ,LU,2018,-0.7,
ESTAT:TEC00115(1.0),5/3/2024 11:00,A,CLV_PCH_PRE_HAB,B1GQ,LU,2019,0.9,
ESTAT:TEC00115(1.0),5/3/2024 11:00,A,CLV_PCH_PRE_HAB,B1GQ,LU,2020,-2.5,
ESTAT:TEC00115(1.0),5/3/2024 11:00,A,CLV_PCH_PRE_HAB,B1GQ,LU,2021,5.6,
ESTAT:TEC00115(1.0),5/3/2024 11:00,A,CLV_PCH_PRE_HAB,B1GQ,LU,2022,-0.6,
ESTAT:TEC00115(1.0),5/3/2024 11:00,A,CLV_PCH_PRE_HAB,B1GQ,LV,2012,8.4,
ESTAT:TEC00115(1.0),5/3/2024 11:00,A,CLV_PCH_PRE_HAB,B1GQ,LV,2013,3.1,
ESTAT:TEC00115(1.0),5/3/2024 11:00,A,CLV_PCH_PRE_HAB,B1GQ,LV,2014,2.9,
ESTAT:TEC00115(1.0),5/3/2024 11:00,A,CLV_PCH_PRE_HAB,B1GQ,LV,2015,4.8,
ESTAT:TEC00115(1.0),5/3/2024 11:00,A,CLV_PCH_PRE_HAB,B1GQ,LV,2016,3.3,
ESTAT:TEC00115(1.0),5/3/2024 11:00,A,CLV_PCH_PRE_HAB,B1GQ,LV,2017,4.3,
ESTAT:TEC00115(1.0),5/3/2024 11:00,A,CLV_PCH_PRE_HAB,B1GQ,LV,2018,4.8,
ESTAT:TEC00115(1.0),5/3/2024 11:00,A,CLV_PCH_PRE_HAB,B1GQ,LV,2019,1.3,
ESTAT:TEC00115(1.0),5/3/2024 11:00,A,CLV_PCH_PRE_HAB,B1GQ,LV,2020,-2.9,
ESTAT:TEC00115(1.0),5/3/2024 11:00,A,CLV_PCH_PRE_HAB,B1GQ,LV,2021,7.7,
ESTAT:TEC00115(1.0),5/3/2024 11:00,A,CLV_PCH_PRE_HAB,B1GQ,LV,2022,2.8,
ESTAT:TEC00115(1.0),5/3/2024 11:00,A,CLV_PCH_PRE_HAB,B1GQ,LV,2023,-0.1,
ESTAT:TEC00115(1.0),5/3/2024 11:00,A,CLV_PCH_PRE_HAB,B1GQ,ME,2012,-2.8,
ESTAT:TEC00115(1.0),5/3/2024 11:00,A,CLV_PCH_PRE_HAB,B1GQ,ME,2013,3.4,
ESTAT:TEC00115(1.0),5/3/2024 11:00,A,CLV_PCH_PRE_HAB,B1GQ,ME,2014,1.7,
ESTAT:TEC00115(1.0),5/3/2024 11:00,A,CLV_PCH_PRE_HAB,B1GQ,ME,2015,3.3,
ESTAT:TEC00115(1.0),5/3/2024 11:00,A,CLV_PCH_PRE_HAB,B1GQ,ME,2016,2.9,
ESTAT:TEC00115(1.0),5/3/2024 11:00,A,CLV_PCH_PRE_HAB,B1GQ,ME,2017,4.7,
ESTAT:TEC00115(1.0),5/3/2024 11:00,A,CLV_PCH_PRE_HAB,B1GQ,ME,2018,5.1,
ESTAT:TEC00115(1.0),5/3/2024 11:00,A,CLV_PCH_PRE_HAB,B1GQ,ME,2019,4.1,
ESTAT:TEC00115(1.0),5/3/2024 11:00,A,CLV_PCH_PRE_HAB,B1GQ,ME,2020,-15.2,
ESTAT:TEC00115(1.0),5/3/2024 11:00,A,CLV_PCH_PRE_HAB,B1GQ,ME,2021,13.4,
ESTAT:TEC00115(1.0),5/3/2024 11:00,A,CLV_PCH_PRE_HAB,B1GQ,ME,2022,6.8,
ESTAT:TEC00115(1.0),5/3/2024 11:00,A,CLV_PCH_PRE_HAB,B1GQ,MK,2012,-0.1,e
ESTAT:TEC00115(1.0),5/3/2024 11:00,A,CLV_PCH_PRE_HAB,B1GQ,MK,2013,3.3,e
ESTAT:TEC00115(1.0),5/3/2024 11:00,A,CLV_PCH_PRE_HAB,B1GQ,MK,2014,3.9,e
ESTAT:TEC00115(1.0),5/3/2024 11:00,A,CLV_PCH_PRE_HAB,B1GQ,MK,2015,4.1,e
ESTAT:TEC00115(1.0),5/3/2024 11:00,A,CLV_PCH_PRE_HAB,B1GQ,MK,2016,3.2,e
ESTAT:TEC00115(1.0),5/3/2024 11:00,A,CLV_PCH_PRE_HAB,B1GQ,MK,2017,1.5,e
ESTAT:TEC00115(1.0),5/3/2024 11:00,A,CLV_PCH_PRE_HAB,B1GQ,MK,2018,3.4,e
ESTAT:TEC00115(1.0),5/3/2024 11:00,A,CLV_PCH_PRE_HAB,B1GQ,MK,2019,4.6,e
ESTAT:TEC00115(1.0),5/3/2024 11:00,A,CLV_PCH_PRE_HAB,B1GQ,MK,2020,-3.7,e
ESTAT:TEC00115(1.0),5/3/2024 11:00,A,CLV_PCH_PRE_HAB,B1GQ,MK,2021,5.6,e
ESTAT:TEC00115(1.0),5/3/2024 11:00,A,CLV_PCH_PRE_HAB,B1GQ,MT,2012,3.2,
ESTAT:TEC00115(1.0),5/3/2024 11:00,A,CLV_PCH_PRE_HAB,B1GQ,MT,2013,4,
ESTAT:TEC00115(1.0),5/3/2024 11:00,A,CLV_PCH_PRE_HAB,B1GQ,MT,2014,5.5,
ESTAT:TEC00115(1.0),5/3/2024 11:00,A,CLV_PCH_PRE_HAB,B1GQ,MT,2015,7,
ESTAT:TEC00115(1.0),5/3/2024 11:00,A,CLV_PCH_PRE_HAB,B1GQ,MT,2016,1,
ESTAT:TEC00115(1.0),5/3/2024 11:00,A,CLV_PCH_PRE_HAB,B1GQ,MT,2017,7.8,
ESTAT:TEC00115(1.0),5/3/2024 11:00,A,CLV_PCH_PRE_HAB,B1GQ,MT,2018,3.7,
ESTAT:TEC00115(1.0),5/3/2024 11:00,A,CLV_PCH_PRE_HAB,B1GQ,MT,2019,3,
ESTAT:TEC00115(1.0),5/3/2024 11:00,A,CLV_PCH_PRE_HAB,B1GQ,MT,2020,-10.1,
ESTAT:TEC00115(1.0),5/3/2024 11:00,A,CLV_PCH_PRE_HAB,B1GQ,MT,2021,11.9,
ESTAT:TEC00115(1.0),5/3/2024 11:00,A,CLV_PCH_PRE_HAB,B1GQ,MT,2022,5.7,
ESTAT:TEC00115(1.0),5/3/2024 11:00,A,CLV_PCH_PRE_HAB,B1GQ,NL,2012,-1.4,
ESTAT:TEC00115(1.0),5/3/2024 11:00,A,CLV_PCH_PRE_HAB,B1GQ,NL,2013,-0.4,
ESTAT:TEC00115(1.0),5/3/2024 11:00,A,CLV_PCH_PRE_HAB,B1GQ,NL,2014,1.1,
ESTAT:TEC00115(1.0),5/3/2024 11:00,A,CLV_PCH_PRE_HAB,B1GQ,NL,2015,1.5,
ESTAT:TEC00115(1.0),5/3/2024 11:00,A,CLV_PCH_PRE_HAB,B1GQ,NL,2016,1.7,
ESTAT:TEC00115(1.0),5/3/2024 11:00,A,CLV_PCH_PRE_HAB,B1GQ,NL,2017,2.3,
ESTAT:TEC00115(1.0),5/3/2024 11:00,A,CLV_PCH_PRE_HAB,B1GQ,NL,2018,1.8,
ESTAT:TEC00115(1.0),5/3/2024 11:00,A,CLV_PCH_PRE_HAB,B1GQ,NL,2019,1.3,
ESTAT:TEC00115(1.0),5/3/2024 11:00,A,CLV_PCH_PRE_HAB,B1GQ,NL,2020,-4.4,
ESTAT:TEC00115(1.0),5/3/2024 11:00,A,CLV_PCH_PRE_HAB,B1GQ,NL,2021,5.6,p
ESTAT:TEC00115(1.0),5/3/2024 11:00,A,CLV_PCH_PRE_HAB,B1GQ,NL,2022,3.3,p
ESTAT:TEC00115(1.0),5/3/2024 11:00,A,CLV_PCH_PRE_HAB,B1GQ,NL,2023,-0.9,p
ESTAT:TEC00115(1.0),5/3/2024 11:00,A,CLV_PCH_PRE_HAB,B1GQ,NO,2012,1.4,
ESTAT:TEC00115(1.0),5/3/2024 11:00,A,CLV_PCH_PRE_HAB,B1GQ,NO,2013,-0.2,
ESTAT:TEC00115(1.0),5/3/2024 11:00,A,CLV_PCH_PRE_HAB,B1GQ,NO,2014,0.9,
ESTAT:TEC00115(1.0),5/3/2024 11:00,A,CLV_PCH_PRE_HAB,B1GQ,NO,2015,0.8,
ESTAT:TEC00115(1.0),5/3/2024 11:00,A,CLV_PCH_PRE_HAB,B1GQ,NO,2016,0.3,
ESTAT:TEC00115(1.0),5/3/2024 11:00,A,CLV_PCH_PRE_HAB,B1GQ,NO,2017,1.7,
ESTAT:TEC00115(1.0),5/3/2024 11:00,A,CLV_PCH_PRE_HAB,B1GQ,NO,2018,0.2,
ESTAT:TEC00115(1.0),5/3/2024 11:00,A,CLV_PCH_PRE_HAB,B1GQ,NO,2019,0.4,
ESTAT:TEC00115(1.0),5/3/2024 11:00,A,CLV_PCH_PRE_HAB,B1GQ,NO,2020,-1.8,
ESTAT:TEC00115(1.0),5/3/2024 11:00,A,CLV_PCH_PRE_HAB,B1GQ,NO,2021,3.4,
ESTAT:TEC00115(1.0),5/3/2024 11:00,A,CLV_PCH_PRE_HAB,B1GQ,NO,2022,2.1,
ESTAT:TEC00115(1.0),5/3/2024 11:00,A,CLV_PCH_PRE_HAB,B1GQ,PL,2012,1.5,
ESTAT:TEC00115(1.0),5/3/2024 11:00,A,CLV_PCH_PRE_HAB,B1GQ,PL,2013,0.9,
ESTAT:TEC00115(1.0),5/3/2024 11:00,A,CLV_PCH_PRE_HAB,B1GQ,PL,2014,3.9,
ESTAT:TEC00115(1.0),5/3/2024 11:00,A,CLV_PCH_PRE_HAB,B1GQ,PL,2015,4.5,
ESTAT:TEC00115(1.0),5/3/2024 11:00,A,CLV_PCH_PRE_HAB,B1GQ,PL,2016,3,
ESTAT:TEC00115(1.0),5/3/2024 11:00,A,CLV_PCH_PRE_HAB,B1GQ,PL,2017,5.2,
ESTAT:TEC00115(1.0),5/3/2024 11:00,A,CLV_PCH_PRE_HAB,B1GQ,PL,2018,6,
ESTAT:TEC00115(1.0),5/3/2024 11:00,A,CLV_PCH_PRE_HAB,B1GQ,PL,2019,4.5,
ESTAT:TEC00115(1.0),5/3/2024 11:00,A,CLV_PCH_PRE_HAB,B1GQ,PL,2020,-1.9,
ESTAT:TEC00115(1.0),5/3/2024 11:00,A,CLV_PCH_PRE_HAB,B1GQ,PL,2021,7.5,
ESTAT:TEC00115(1.0),5/3/2024 11:00,A,CLV_PCH_PRE_HAB,B1GQ,PL,2022,6.2,b
ESTAT:TEC00115(1.0),5/3/2024 11:00,A,CLV_PCH_PRE_HAB,B1GQ,PT,2012,-3.7,
ESTAT:TEC00115(1.0),5/3/2024 11:00,A,CLV_PCH_PRE_HAB,B1GQ,PT,2013,-0.4,
ESTAT:TEC00115(1.0),5/3/2024 11:00,A,CLV_PCH_PRE_HAB,B1GQ,PT,2014,1.3,
ESTAT:TEC00115(1.0),5/3/2024 11:00,A,CLV_PCH_PRE_HAB,B1GQ,PT,2015,2.2,
ESTAT:TEC00115(1.0),5/3/2024 11:00,A,CLV_PCH_PRE_HAB,B1GQ,PT,2016,2.3,
ESTAT:TEC00115(1.0),5/3/2024 11:00,A,CLV_PCH_PRE_HAB,B1GQ,PT,2017,3.8,
ESTAT:TEC00115(1.0),5/3/2024 11:00,A,CLV_PCH_PRE_HAB,B1GQ,PT,2018,3,
ESTAT:TEC00115(1.0),5/3/2024 11:00,A,CLV_PCH_PRE_HAB,B1GQ,PT,2019,2.7,
ESTAT:TEC00115(1.0),5/3/2024 11:00,A,CLV_PCH_PRE_HAB,B1GQ,PT,2020,-8.4,
ESTAT:TEC00115(1.0),5/3/2024 11:00,A,CLV_PCH_PRE_HAB,B1GQ,PT,2021,5.8,
ESTAT:TEC00115(1.0),5/3/2024 11:00,A,CLV_PCH_PRE_HAB,B1GQ,PT,2022,6.8,p
ESTAT:TEC00115(1.0),5/3/2024 11:00,A,CLV_PCH_PRE_HAB,B1GQ,PT,2023,2.1,p
ESTAT:TEC00115(1.0),5/3/2024 11:00,A,CLV_PCH_PRE_HAB,B1GQ,RO,2012,2.4,
ESTAT:TEC00115(1.0),5/3/2024 11:00,A,CLV_PCH_PRE_HAB,B1GQ,RO,2013,0.6,
ESTAT:TEC00115(1.0),5/3/2024 11:00,A,CLV_PCH_PRE_HAB,B1GQ,RO,2014,4.5,
ESTAT:TEC00115(1.0),5/3/2024 11:00,A,CLV_PCH_PRE_HAB,B1GQ,RO,2015,3.7,
ESTAT:TEC00115(1.0),5/3/2024 11:00,A,CLV_PCH_PRE_HAB,B1GQ,RO,2016,3.5,
ESTAT:TEC00115(1.0),5/3/2024 11:00,A,CLV_PCH_PRE_HAB,B1GQ,RO,2017,8.8,
ESTAT:TEC00115(1.0),5/3/2024 11:00,A,CLV_PCH_PRE_HAB,B1GQ,RO,2018,6.6,
ESTAT:TEC00115(1.0),5/3/2024 11:00,A,CLV_PCH_PRE_HAB,B1GQ,RO,2019,4.3,
ESTAT:TEC00115(1.0),5/3/2024 11:00,A,CLV_PCH_PRE_HAB,B1GQ,RO,2020,-3.2,
ESTAT:TEC00115(1.0),5/3/2024 11:00,A,CLV_PCH_PRE_HAB,B1GQ,RO,2021,6.6,
ESTAT:TEC00115(1.0),5/3/2024 11:00,A,CLV_PCH_PRE_HAB,B1GQ,RO,2022,4.5,p
ESTAT:TEC00115(1.0),5/3/2024 11:00,A,CLV_PCH_PRE_HAB,B1GQ,RS,2012,-0.2,
ESTAT:TEC00115(1.0),5/3/2024 11:00,A,CLV_PCH_PRE_HAB,B1GQ,RS,2013,3.4,
ESTAT:TEC00115(1.0),5/3/2024 11:00,A,CLV_PCH_PRE_HAB,B1GQ,RS,2014,-1.1,
ESTAT:TEC00115(1.0),5/3/2024 11:00,A,CLV_PCH_PRE_HAB,B1GQ,RS,2015,2.3,
ESTAT:TEC00115(1.0),5/3/2024 11:00,A,CLV_PCH_PRE_HAB,B1GQ,RS,2016,3.9,
ESTAT:TEC00115(1.0),5/3/2024 11:00,A,CLV_PCH_PRE_HAB,B1GQ,RS,2017,2.6,
ESTAT:TEC00115(1.0),5/3/2024 11:00,A,CLV_PCH_PRE_HAB,B1GQ,RS,2018,5.1,
ESTAT:TEC00115(1.0),5/3/2024 11:00,A,CLV_PCH_PRE_HAB,B1GQ,RS,2019,4.9,
ESTAT:TEC00115(1.0),5/3/2024 11:00,A,CLV_PCH_PRE_HAB,B1GQ,RS,2020,-0.2,
ESTAT:TEC00115(1.0),5/3/2024 11:00,A,CLV_PCH_PRE_HAB,B1GQ,RS,2021,8.7,
ESTAT:TEC00115(1.0),5/3/2024 11:00,A,CLV_PCH_PRE_HAB,B1GQ,RS,2022,5.2,p
ESTAT:TEC00115(1.0),5/3/2024 11:00,A,CLV_PCH_PRE_HAB,B1GQ,RS,2023,3.2,p
ESTAT:TEC00115(1.0),5/3/2024 11:00,A,CLV_PCH_PRE_HAB,B1GQ,SE,2012,-1.3,
ESTAT:TEC00115(1.0),5/3/2024 11:00,A,CLV_PCH_PRE_HAB,B1GQ,SE,2013,0.3,
ESTAT:TEC00115(1.0),5/3/2024 11:00,A,CLV_PCH_PRE_HAB,B1GQ,SE,2014,1.6,
ESTAT:TEC00115(1.0),5/3/2024 11:00,A,CLV_PCH_PRE_HAB,B1GQ,SE,2015,3.4,
ESTAT:TEC00115(1.0),5/3/2024 11:00,A,CLV_PCH_PRE_HAB,B1GQ,SE,2016,0.8,
ESTAT:TEC00115(1.0),5/3/2024 11:00,A,CLV_PCH_PRE_HAB,B1GQ,SE,2017,1.2,
ESTAT:TEC00115(1.0),5/3/2024 11:00,A,CLV_PCH_PRE_HAB,B1GQ,SE,2018,0.8,
ESTAT:TEC00115(1.0),5/3/2024 11:00,A,CLV_PCH_PRE_HAB,B1GQ,SE,2019,1,
ESTAT:TEC00115(1.0),5/3/2024 11:00,A,CLV_PCH_PRE_HAB,B1GQ,SE,2020,-2.9,
ESTAT:TEC00115(1.0),5/3/2024 11:00,A,CLV_PCH_PRE_HAB,B1GQ,SE,2021,5.5,
ESTAT:TEC00115(1.0),5/3/2024 11:00,A,CLV_PCH_PRE_HAB,B1GQ,SE,2022,2.2,
ESTAT:TEC00115(1.0),5/3/2024 11:00,A,CLV_PCH_PRE_HAB,B1GQ,SI,2012,-2.8,
ESTAT:TEC00115(1.0),5/3/2024 11:00,A,CLV_PCH_PRE_HAB,B1GQ,SI,2013,-1.2,
ESTAT:TEC00115(1.0),5/3/2024 11:00,A,CLV_PCH_PRE_HAB,B1GQ,SI,2014,2.7,
ESTAT:TEC00115(1.0),5/3/2024 11:00,A,CLV_PCH_PRE_HAB,B1GQ,SI,2015,2.1,
ESTAT:TEC00115(1.0),5/3/2024 11:00,A,CLV_PCH_PRE_HAB,B1GQ,SI,2016,3.1,
ESTAT:TEC00115(1.0),5/3/2024 11:00,A,CLV_PCH_PRE_HAB,B1GQ,SI,2017,4.8,
ESTAT:TEC00115(1.0),5/3/2024 11:00,A,CLV_PCH_PRE_HAB,B1GQ,SI,2018,4.1,
ESTAT:TEC00115(1.0),5/3/2024 11:00,A,CLV_PCH_PRE_HAB,B1GQ,SI,2019,2.7,
ESTAT:TEC00115(1.0),5/3/2024 11:00,A,CLV_PCH_PRE_HAB,B1GQ,SI,2020,-4.9,
ESTAT:TEC00115(1.0),5/3/2024 11:00,A,CLV_PCH_PRE_HAB,B1GQ,SI,2021,8,
ESTAT:TEC00115(1.0),5/3/2024 11:00,A,CLV_PCH_PRE_HAB,B1GQ,SI,2022,2.4,
ESTAT:TEC00115(1.0),5/3/2024 11:00,A,CLV_PCH_PRE_HAB,B1GQ,SI,2023,1,
ESTAT:TEC00115(1.0),5/3/2024 11:00,A,CLV_PCH_PRE_HAB,B1GQ,SK,2012,1.2,
ESTAT:TEC00115(1.0),5/3/2024 11:00,A,CLV_PCH_PRE_HAB,B1GQ,SK,2013,0.5,
ESTAT:TEC00115(1.0),5/3/2024 11:00,A,CLV_PCH_PRE_HAB,B1GQ,SK,2014,2.6,
ESTAT:TEC00115(1.0),5/3/2024 11:00,A,CLV_PCH_PRE_HAB,B1GQ,SK,2015,5.1,
ESTAT:TEC00115(1.0),5/3/2024 11:00,A,CLV_PCH_PRE_HAB,B1GQ,SK,2016,1.8,
ESTAT:TEC00115(1.0),5/3/2024 11:00,A,CLV_PCH_PRE_HAB,B1GQ,SK,2017,2.8,
ESTAT:TEC00115(1.0),5/3/2024 11:00,A,CLV_PCH_PRE_HAB,B1GQ,SK,2018,3.9,
ESTAT:TEC00115(1.0),5/3/2024 11:00,A,CLV_PCH_PRE_HAB,B1GQ,SK,2019,2.4,
ESTAT:TEC00115(1.0),5/3/2024 11:00,A,CLV_PCH_PRE_HAB,B1GQ,SK,2020,-3.5,
ESTAT:TEC00115(1.0),5/3/2024 11:00,A,CLV_PCH_PRE_HAB,B1GQ,SK,2021,5.2,
ESTAT:TEC00115(1.0),5/3/2024 11:00,A,CLV_PCH_PRE_HAB,B1GQ,SK,2022,0.9,
ESTAT:TEC00115(1.0),5/3/2024 11:00,A,CLV_PCH_PRE_HAB,B1GQ,TR,2012,3.5,
ESTAT:TEC00115(1.0),5/3/2024 11:00,A,CLV_PCH_PRE_HAB,B1GQ,TR,2013,7.1,
ESTAT:TEC00115(1.0),5/3/2024 11:00,A,CLV_PCH_PRE_HAB,B1GQ,TR,2014,3.5,
ESTAT:TEC00115(1.0),5/3/2024 11:00,A,CLV_PCH_PRE_HAB,B1GQ,TR,2015,4.7,
ESTAT:TEC00115(1.0),5/3/2024 11:00,A,CLV_PCH_PRE_HAB,B1GQ,TR,2016,1.9,
ESTAT:TEC00115(1.0),5/3/2024 11:00,A,CLV_PCH_PRE_HAB,B1GQ,TR,2017,6.1,
ESTAT:TEC00115(1.0),5/3/2024 11:00,A,CLV_PCH_PRE_HAB,B1GQ,TR,2018,1.6,
ESTAT:TEC00115(1.0),5/3/2024 11:00,A,CLV_PCH_PRE_HAB,B1GQ,TR,2019,-0.6,
ESTAT:TEC00115(1.0),5/3/2024 11:00,A,CLV_PCH_PRE_HAB,B1GQ,TR,2020,0.9,
ESTAT:TEC00115(1.0),5/3/2024 11:00,A,CLV_PCH_PRE_HAB,B1GQ,TR,2021,10.4,
ESTAT:TEC00115(1.0),5/3/2024 11:00,A,CLV_PCH_PRE_HAB,B1GQ,TR,2022,4.5,
ESTAT:TEC00115(1.0),5/3/2024 11:00,A,CLV_PCH_PRE_HAB,B1GQ,UK,2012,0.8,
ESTAT:TEC00115(1.0),5/3/2024 11:00,A,CLV_PCH_PRE_HAB,B1GQ,UK,2013,1.5,
ESTAT:TEC00115(1.0),5/3/2024 11:00,A,CLV_PCH_PRE_HAB,B1GQ,UK,2014,2.1,
ESTAT:TEC00115(1.0),5/3/2024 11:00,A,CLV_PCH_PRE_HAB,B1GQ,UK,2015,1.6,
ESTAT:TEC00115(1.0),5/3/2024 11:00,A,CLV_PCH_PRE_HAB,B1GQ,UK,2016,0.9,
ESTAT:TEC00115(1.0),5/3/2024 11:00,A,CLV_PCH_PRE_HAB,B1GQ,UK,2017,1.1,
ESTAT:TEC00115(1.0),5/3/2024 11:00,A,CLV_PCH_PRE_HAB,B1GQ,UK,2018,0.6,
ESTAT:TEC00115(1.0),5/3/2024 11:00,A,CLV_PCH_PRE_HAB,B1GQ,UK,2019,0.8,
