DATAFLOW,LAST UPDATE,freq,unit,sector,na_item,geo,TIME_PERIOD,OBS_VALUE,
ESTAT:GOV_10DD_EDPT1(1.0),23/10/23 11:00:00,A,MIO_EUR,S13,B9,AT,2013,-6316.5,
ESTAT:GOV_10DD_EDPT1(1.0),23/10/23 11:00:00,A,MIO_EUR,S13,B9,AT,2014,-9092,
ESTAT:GOV_10DD_EDPT1(1.0),23/10/23 11:00:00,A,MIO_EUR,S13,B9,AT,2015,-3477.1,
ESTAT:GOV_10DD_EDPT1(1.0),23/10/23 11:00:00,A,MIO_EUR,S13,B9,AT,2016,-5487.8,
ESTAT:GOV_10DD_EDPT1(1.0),23/10/23 11:00:00,A,MIO_EUR,S13,B9,AT,2017,-3014.4,
ESTAT:GOV_10DD_EDPT1(1.0),23/10/23 11:00:00,A,MIO_EUR,S13,B9,AT,2018,655.5,
ESTAT:GOV_10DD_EDPT1(1.0),23/10/23 11:00:00,A,MIO_EUR,S13,B9,AT,2019,2254,
ESTAT:GOV_10DD_EDPT1(1.0),23/10/23 11:00:00,A,MIO_EUR,S13,B9,AT,2020,-30437.2,
ESTAT:GOV_10DD_EDPT1(1.0),23/10/23 11:00:00,A,MIO_EUR,S13,B9,AT,2021,-23458.7,
ESTAT:GOV_10DD_EDPT1(1.0),23/10/23 11:00:00,A,MIO_EUR,S13,B9,AT,2022,-15839.8,
ESTAT:GOV_10DD_EDPT1(1.0),23/10/23 11:00:00,A,MIO_EUR,S13,B9,BE,2013,-12294.9,
ESTAT:GOV_10DD_EDPT1(1.0),23/10/23 11:00:00,A,MIO_EUR,S13,B9,BE,2014,-12313.8,
ESTAT:GOV_10DD_EDPT1(1.0),23/10/23 11:00:00,A,MIO_EUR,S13,B9,BE,2015,-10057.8,
ESTAT:GOV_10DD_EDPT1(1.0),23/10/23 11:00:00,A,MIO_EUR,S13,B9,BE,2016,-10164.1,
ESTAT:GOV_10DD_EDPT1(1.0),23/10/23 11:00:00,A,MIO_EUR,S13,B9,BE,2017,-3043.3,
ESTAT:GOV_10DD_EDPT1(1.0),23/10/23 11:00:00,A,MIO_EUR,S13,B9,BE,2018,-4002.2,
ESTAT:GOV_10DD_EDPT1(1.0),23/10/23 11:00:00,A,MIO_EUR,S13,B9,BE,2019,-9533,
ESTAT:GOV_10DD_EDPT1(1.0),23/10/23 11:00:00,A,MIO_EUR,S13,B9,BE,2020,-40850.8,
ESTAT:GOV_10DD_EDPT1(1.0),23/10/23 11:00:00,A,MIO_EUR,S13,B9,BE,2021,-27280,
ESTAT:GOV_10DD_EDPT1(1.0),23/10/23 11:00:00,A,MIO_EUR,S13,B9,BE,2022,-19608.9,
ESTAT:GOV_10DD_EDPT1(1.0),23/10/23 11:00:00,A,MIO_EUR,S13,B9,BG,2013,-305.8,
ESTAT:GOV_10DD_EDPT1(1.0),23/10/23 11:00:00,A,MIO_EUR,S13,B9,BG,2014,-2315,
ESTAT:GOV_10DD_EDPT1(1.0),23/10/23 11:00:00,A,MIO_EUR,S13,B9,BG,2015,-851.4,
ESTAT:GOV_10DD_EDPT1(1.0),23/10/23 11:00:00,A,MIO_EUR,S13,B9,BG,2016,155.1,
ESTAT:GOV_10DD_EDPT1(1.0),23/10/23 11:00:00,A,MIO_EUR,S13,B9,BG,2017,852.6,
ESTAT:GOV_10DD_EDPT1(1.0),23/10/23 11:00:00,A,MIO_EUR,S13,B9,BG,2018,970.5,
ESTAT:GOV_10DD_EDPT1(1.0),23/10/23 11:00:00,A,MIO_EUR,S13,B9,BG,2019,1319.1,
ESTAT:GOV_10DD_EDPT1(1.0),23/10/23 11:00:00,A,MIO_EUR,S13,B9,BG,2020,-2345.7,
ESTAT:GOV_10DD_EDPT1(1.0),23/10/23 11:00:00,A,MIO_EUR,S13,B9,BG,2021,-2819.9,
ESTAT:GOV_10DD_EDPT1(1.0),23/10/23 11:00:00,A,MIO_EUR,S13,B9,BG,2022,-2484.6,
ESTAT:GOV_10DD_EDPT1(1.0),23/10/23 11:00:00,A,MIO_EUR,S13,B9,CY,2013,-1007.7,
ESTAT:GOV_10DD_EDPT1(1.0),23/10/23 11:00:00,A,MIO_EUR,S13,B9,CY,2014,-1538.6,
ESTAT:GOV_10DD_EDPT1(1.0),23/10/23 11:00:00,A,MIO_EUR,S13,B9,CY,2015,-163.5,
ESTAT:GOV_10DD_EDPT1(1.0),23/10/23 11:00:00,A,MIO_EUR,S13,B9,CY,2016,48.6,
ESTAT:GOV_10DD_EDPT1(1.0),23/10/23 11:00:00,A,MIO_EUR,S13,B9,CY,2017,384.6,
ESTAT:GOV_10DD_EDPT1(1.0),23/10/23 11:00:00,A,MIO_EUR,S13,B9,CY,2018,-784.9,
ESTAT:GOV_10DD_EDPT1(1.0),23/10/23 11:00:00,A,MIO_EUR,S13,B9,CY,2019,215.2,
ESTAT:GOV_10DD_EDPT1(1.0),23/10/23 11:00:00,A,MIO_EUR,S13,B9,CY,2020,-1253,
ESTAT:GOV_10DD_EDPT1(1.0),23/10/23 11:00:00,A,MIO_EUR,S13,B9,CY,2021,-461.8,
ESTAT:GOV_10DD_EDPT1(1.0),23/10/23 11:00:00,A,MIO_EUR,S13,B9,CY,2022,676.5,
ESTAT:GOV_10DD_EDPT1(1.0),23/10/23 11:00:00,A,MIO_EUR,S13,B9,CZ,2013,-2047.3,
ESTAT:GOV_10DD_EDPT1(1.0),23/10/23 11:00:00,A,MIO_EUR,S13,B9,CZ,2014,-3275.6,
ESTAT:GOV_10DD_EDPT1(1.0),23/10/23 11:00:00,A,MIO_EUR,S13,B9,CZ,2015,-1091.6,
ESTAT:GOV_10DD_EDPT1(1.0),23/10/23 11:00:00,A,MIO_EUR,S13,B9,CZ,2016,1263,
ESTAT:GOV_10DD_EDPT1(1.0),23/10/23 11:00:00,A,MIO_EUR,S13,B9,CZ,2017,2914.7,
ESTAT:GOV_10DD_EDPT1(1.0),23/10/23 11:00:00,A,MIO_EUR,S13,B9,CZ,2018,1882.9,
ESTAT:GOV_10DD_EDPT1(1.0),23/10/23 11:00:00,A,MIO_EUR,S13,B9,CZ,2019,650.9,
ESTAT:GOV_10DD_EDPT1(1.0),23/10/23 11:00:00,A,MIO_EUR,S13,B9,CZ,2020,-12444.4,
ESTAT:GOV_10DD_EDPT1(1.0),23/10/23 11:00:00,A,MIO_EUR,S13,B9,CZ,2021,-12115,
ESTAT:GOV_10DD_EDPT1(1.0),23/10/23 11:00:00,A,MIO_EUR,S13,B9,CZ,2022,-8871.3,
ESTAT:GOV_10DD_EDPT1(1.0),23/10/23 11:00:00,A,MIO_EUR,S13,B9,DE,2013,1124,
ESTAT:GOV_10DD_EDPT1(1.0),23/10/23 11:00:00,A,MIO_EUR,S13,B9,DE,2014,16966,
ESTAT:GOV_10DD_EDPT1(1.0),23/10/23 11:00:00,A,MIO_EUR,S13,B9,DE,2015,29068,
ESTAT:GOV_10DD_EDPT1(1.0),23/10/23 11:00:00,A,MIO_EUR,S13,B9,DE,2016,36374,
ESTAT:GOV_10DD_EDPT1(1.0),23/10/23 11:00:00,A,MIO_EUR,S13,B9,DE,2017,43652,
ESTAT:GOV_10DD_EDPT1(1.0),23/10/23 11:00:00,A,MIO_EUR,S13,B9,DE,2018,65623,
ESTAT:GOV_10DD_EDPT1(1.0),23/10/23 11:00:00,A,MIO_EUR,S13,B9,DE,2019,53024,
ESTAT:GOV_10DD_EDPT1(1.0),23/10/23 11:00:00,A,MIO_EUR,S13,B9,DE,2020,-147698,
ESTAT:GOV_10DD_EDPT1(1.0),23/10/23 11:00:00,A,MIO_EUR,S13,B9,DE,2021,-129741,
ESTAT:GOV_10DD_EDPT1(1.0),23/10/23 11:00:00,A,MIO_EUR,S13,B9,DE,2022,-96910,
ESTAT:GOV_10DD_EDPT1(1.0),23/10/23 11:00:00,A,MIO_EUR,S13,B9,DK,2013,-3197.3,
ESTAT:GOV_10DD_EDPT1(1.0),23/10/23 11:00:00,A,MIO_EUR,S13,B9,DK,2014,3041.4,
ESTAT:GOV_10DD_EDPT1(1.0),23/10/23 11:00:00,A,MIO_EUR,S13,B9,DK,2015,-3187.7,
ESTAT:GOV_10DD_EDPT1(1.0),23/10/23 11:00:00,A,MIO_EUR,S13,B9,DK,2016,370.1,
ESTAT:GOV_10DD_EDPT1(1.0),23/10/23 11:00:00,A,MIO_EUR,S13,B9,DK,2017,5266,
ESTAT:GOV_10DD_EDPT1(1.0),23/10/23 11:00:00,A,MIO_EUR,S13,B9,DK,2018,2298.9,
ESTAT:GOV_10DD_EDPT1(1.0),23/10/23 11:00:00,A,MIO_EUR,S13,B9,DK,2019,12788.4,
ESTAT:GOV_10DD_EDPT1(1.0),23/10/23 11:00:00,A,MIO_EUR,S13,B9,DK,2020,1183.1,
ESTAT:GOV_10DD_EDPT1(1.0),23/10/23 11:00:00,A,MIO_EUR,S13,B9,DK,2021,13913.3,
ESTAT:GOV_10DD_EDPT1(1.0),23/10/23 11:00:00,A,MIO_EUR,S13,B9,DK,2022,12722,
ESTAT:GOV_10DD_EDPT1(1.0),23/10/23 11:00:00,A,MIO_EUR,S13,B9,EA19,2013,-305300.2,
ESTAT:GOV_10DD_EDPT1(1.0),23/10/23 11:00:00,A,MIO_EUR,S13,B9,EA19,2014,-253145.4,
ESTAT:GOV_10DD_EDPT1(1.0),23/10/23 11:00:00,A,MIO_EUR,S13,B9,EA19,2015,-209082,
ESTAT:GOV_10DD_EDPT1(1.0),23/10/23 11:00:00,A,MIO_EUR,S13,B9,EA19,2016,-158899.2,
ESTAT:GOV_10DD_EDPT1(1.0),23/10/23 11:00:00,A,MIO_EUR,S13,B9,EA19,2017,-104523,
ESTAT:GOV_10DD_EDPT1(1.0),23/10/23 11:00:00,A,MIO_EUR,S13,B9,EA19,2018,-49807.5,
ESTAT:GOV_10DD_EDPT1(1.0),23/10/23 11:00:00,A,MIO_EUR,S13,B9,EA19,2019,-77206.9,
ESTAT:GOV_10DD_EDPT1(1.0),23/10/23 11:00:00,A,MIO_EUR,S13,B9,EA19,2020,-808572.7,
ESTAT:GOV_10DD_EDPT1(1.0),23/10/23 11:00:00,A,MIO_EUR,S13,B9,EA19,2021,-649242.2,
ESTAT:GOV_10DD_EDPT1(1.0),23/10/23 11:00:00,A,MIO_EUR,S13,B9,EA19,2022,-486532.9,
ESTAT:GOV_10DD_EDPT1(1.0),23/10/23 11:00:00,A,MIO_EUR,S13,B9,EA20,2013,-307763.3,
ESTAT:GOV_10DD_EDPT1(1.0),23/10/23 11:00:00,A,MIO_EUR,S13,B9,EA20,2014,-255418.8,
ESTAT:GOV_10DD_EDPT1(1.0),23/10/23 11:00:00,A,MIO_EUR,S13,B9,EA20,2015,-210664,
ESTAT:GOV_10DD_EDPT1(1.0),23/10/23 11:00:00,A,MIO_EUR,S13,B9,EA20,2016,-159389.7,
ESTAT:GOV_10DD_EDPT1(1.0),23/10/23 11:00:00,A,MIO_EUR,S13,B9,EA20,2017,-104209.4,
ESTAT:GOV_10DD_EDPT1(1.0),23/10/23 11:00:00,A,MIO_EUR,S13,B9,EA20,2018,-49835.3,
ESTAT:GOV_10DD_EDPT1(1.0),23/10/23 11:00:00,A,MIO_EUR,S13,B9,EA20,2019,-77086.1,
ESTAT:GOV_10DD_EDPT1(1.0),23/10/23 11:00:00,A,MIO_EUR,S13,B9,EA20,2020,-812258.9,
ESTAT:GOV_10DD_EDPT1(1.0),23/10/23 11:00:00,A,MIO_EUR,S13,B9,EA20,2021,-650703.9,
ESTAT:GOV_10DD_EDPT1(1.0),23/10/23 11:00:00,A,MIO_EUR,S13,B9,EA20,2022,-486457.2,
ESTAT:GOV_10DD_EDPT1(1.0),23/10/23 11:00:00,A,MIO_EUR,S13,B9,EE,2013,34.2,
ESTAT:GOV_10DD_EDPT1(1.0),23/10/23 11:00:00,A,MIO_EUR,S13,B9,EE,2014,141.9,
ESTAT:GOV_10DD_EDPT1(1.0),23/10/23 11:00:00,A,MIO_EUR,S13,B9,EE,2015,23.4,
ESTAT:GOV_10DD_EDPT1(1.0),23/10/23 11:00:00,A,MIO_EUR,S13,B9,EE,2016,-89.6,
ESTAT:GOV_10DD_EDPT1(1.0),23/10/23 11:00:00,A,MIO_EUR,S13,B9,EE,2017,-113.3,
ESTAT:GOV_10DD_EDPT1(1.0),23/10/23 11:00:00,A,MIO_EUR,S13,B9,EE,2018,-143.4,
ESTAT:GOV_10DD_EDPT1(1.0),23/10/23 11:00:00,A,MIO_EUR,S13,B9,EE,2019,33.6,
ESTAT:GOV_10DD_EDPT1(1.0),23/10/23 11:00:00,A,MIO_EUR,S13,B9,EE,2020,-1489.9,
ESTAT:GOV_10DD_EDPT1(1.0),23/10/23 11:00:00,A,MIO_EUR,S13,B9,EE,2021,-766.6,
ESTAT:GOV_10DD_EDPT1(1.0),23/10/23 11:00:00,A,MIO_EUR,S13,B9,EE,2022,-348.6,
ESTAT:GOV_10DD_EDPT1(1.0),23/10/23 11:00:00,A,MIO_EUR,S13,B9,EL,2013,-24218,
ESTAT:GOV_10DD_EDPT1(1.0),23/10/23 11:00:00,A,MIO_EUR,S13,B9,EL,2014,-6613,
ESTAT:GOV_10DD_EDPT1(1.0),23/10/23 11:00:00,A,MIO_EUR,S13,B9,EL,2015,-10324,
ESTAT:GOV_10DD_EDPT1(1.0),23/10/23 11:00:00,A,MIO_EUR,S13,B9,EL,2016,407,
ESTAT:GOV_10DD_EDPT1(1.0),23/10/23 11:00:00,A,MIO_EUR,S13,B9,EL,2017,1391,
ESTAT:GOV_10DD_EDPT1(1.0),23/10/23 11:00:00,A,MIO_EUR,S13,B9,EL,2018,1657,
ESTAT:GOV_10DD_EDPT1(1.0),23/10/23 11:00:00,A,MIO_EUR,S13,B9,EL,2019,1575,
ESTAT:GOV_10DD_EDPT1(1.0),23/10/23 11:00:00,A,MIO_EUR,S13,B9,EL,2020,-16048,
ESTAT:GOV_10DD_EDPT1(1.0),23/10/23 11:00:00,A,MIO_EUR,S13,B9,EL,2021,-12663,
ESTAT:GOV_10DD_EDPT1(1.0),23/10/23 11:00:00,A,MIO_EUR,S13,B9,EL,2022,-4892,
ESTAT:GOV_10DD_EDPT1(1.0),23/10/23 11:00:00,A,MIO_EUR,S13,B9,ES,2013,-76838,
ESTAT:GOV_10DD_EDPT1(1.0),23/10/23 11:00:00,A,MIO_EUR,S13,B9,ES,2014,-63097,
ESTAT:GOV_10DD_EDPT1(1.0),23/10/23 11:00:00,A,MIO_EUR,S13,B9,ES,2015,-57235,
ESTAT:GOV_10DD_EDPT1(1.0),23/10/23 11:00:00,A,MIO_EUR,S13,B9,ES,2016,-47893,
ESTAT:GOV_10DD_EDPT1(1.0),23/10/23 11:00:00,A,MIO_EUR,S13,B9,ES,2017,-36228,
ESTAT:GOV_10DD_EDPT1(1.0),23/10/23 11:00:00,A,MIO_EUR,S13,B9,ES,2018,-31224,
ESTAT:GOV_10DD_EDPT1(1.0),23/10/23 11:00:00,A,MIO_EUR,S13,B9,ES,2019,-38116,
ESTAT:GOV_10DD_EDPT1(1.0),23/10/23 11:00:00,A,MIO_EUR,S13,B9,ES,2020,-113199,
ESTAT:GOV_10DD_EDPT1(1.0),23/10/23 11:00:00,A,MIO_EUR,S13,B9,ES,2021,-82262,
ESTAT:GOV_10DD_EDPT1(1.0),23/10/23 11:00:00,A,MIO_EUR,S13,B9,ES,2022,-63736,
ESTAT:GOV_10DD_EDPT1(1.0),23/10/23 11:00:00,A,MIO_EUR,S13,B9,EU27_2020,2013,-342389.9,
ESTAT:GOV_10DD_EDPT1(1.0),23/10/23 11:00:00,A,MIO_EUR,S13,B9,EU27_2020,2014,-284439.3,
ESTAT:GOV_10DD_EDPT1(1.0),23/10/23 11:00:00,A,MIO_EUR,S13,B9,EU27_2020,2015,-230172.3,
ESTAT:GOV_10DD_EDPT1(1.0),23/10/23 11:00:00,A,MIO_EUR,S13,B9,EU27_2020,2016,-169582,
ESTAT:GOV_10DD_EDPT1(1.0),23/10/23 11:00:00,A,MIO_EUR,S13,B9,EU27_2020,2017,-103333.5,
ESTAT:GOV_10DD_EDPT1(1.0),23/10/23 11:00:00,A,MIO_EUR,S13,B9,EU27_2020,2018,-50992.1,
ESTAT:GOV_10DD_EDPT1(1.0),23/10/23 11:00:00,A,MIO_EUR,S13,B9,EU27_2020,2019,-76409.2,
ESTAT:GOV_10DD_EDPT1(1.0),23/10/23 11:00:00,A,MIO_EUR,S13,B9,EU27_2020,2020,-906599.6,
ESTAT:GOV_10DD_EDPT1(1.0),23/10/23 11:00:00,A,MIO_EUR,S13,B9,EU27_2020,2021,-690517.2,
ESTAT:GOV_10DD_EDPT1(1.0),23/10/23 11:00:00,A,MIO_EUR,S13,B9,EU27_2020,2022,-531378.4,
ESTAT:GOV_10DD_EDPT1(1.0),23/10/23 11:00:00,A,MIO_EUR,S13,B9,FI,2013,-5159,
ESTAT:GOV_10DD_EDPT1(1.0),23/10/23 11:00:00,A,MIO_EUR,S13,B9,FI,2014,-6181,
ESTAT:GOV_10DD_EDPT1(1.0),23/10/23 11:00:00,A,MIO_EUR,S13,B9,FI,2015,-5127,
ESTAT:GOV_10DD_EDPT1(1.0),23/10/23 11:00:00,A,MIO_EUR,S13,B9,FI,2016,-3694,
ESTAT:GOV_10DD_EDPT1(1.0),23/10/23 11:00:00,A,MIO_EUR,S13,B9,FI,2017,-1480,
ESTAT:GOV_10DD_EDPT1(1.0),23/10/23 11:00:00,A,MIO_EUR,S13,B9,FI,2018,-1995,
ESTAT:GOV_10DD_EDPT1(1.0),23/10/23 11:00:00,A,MIO_EUR,S13,B9,FI,2019,-2275,
ESTAT:GOV_10DD_EDPT1(1.0),23/10/23 11:00:00,A,MIO_EUR,S13,B9,FI,2020,-13260,
ESTAT:GOV_10DD_EDPT1(1.0),23/10/23 11:00:00,A,MIO_EUR,S13,B9,FI,2021,-6965,
ESTAT:GOV_10DD_EDPT1(1.0),23/10/23 11:00:00,A,MIO_EUR,S13,B9,FI,2022,-2097,
ESTAT:GOV_10DD_EDPT1(1.0),23/10/23 11:00:00,A,MIO_EUR,S13,B9,FR,2013,-86468,
ESTAT:GOV_10DD_EDPT1(1.0),23/10/23 11:00:00,A,MIO_EUR,S13,B9,FR,2014,-83941,
ESTAT:GOV_10DD_EDPT1(1.0),23/10/23 11:00:00,A,MIO_EUR,S13,B9,FR,2015,-79697,
ESTAT:GOV_10DD_EDPT1(1.0),23/10/23 11:00:00,A,MIO_EUR,S13,B9,FR,2016,-81261,
ESTAT:GOV_10DD_EDPT1(1.0),23/10/23 11:00:00,A,MIO_EUR,S13,B9,FR,2017,-67962,
ESTAT:GOV_10DD_EDPT1(1.0),23/10/23 11:00:00,A,MIO_EUR,S13,B9,FR,2018,-54095,
ESTAT:GOV_10DD_EDPT1(1.0),23/10/23 11:00:00,A,MIO_EUR,S13,B9,FR,2019,-74705,
ESTAT:GOV_10DD_EDPT1(1.0),23/10/23 11:00:00,A,MIO_EUR,S13,B9,FR,2020,-208236.2,
ESTAT:GOV_10DD_EDPT1(1.0),23/10/23 11:00:00,A,MIO_EUR,S13,B9,FR,2021,-162079.3,
ESTAT:GOV_10DD_EDPT1(1.0),23/10/23 11:00:00,A,MIO_EUR,S13,B9,FR,2022,-126795.9,
ESTAT:GOV_10DD_EDPT1(1.0),23/10/23 11:00:00,A,MIO_EUR,S13,B9,HR,2013,-2463,
ESTAT:GOV_10DD_EDPT1(1.0),23/10/23 11:00:00,A,MIO_EUR,S13,B9,HR,2014,-2273.4,
ESTAT:GOV_10DD_EDPT1(1.0),23/10/23 11:00:00,A,MIO_EUR,S13,B9,HR,2015,-1582,
ESTAT:GOV_10DD_EDPT1(1.0),23/10/23 11:00:00,A,MIO_EUR,S13,B9,HR,2016,-490.5,
ESTAT:GOV_10DD_EDPT1(1.0),23/10/23 11:00:00,A,MIO_EUR,S13,B9,HR,2017,313.7,
ESTAT:GOV_10DD_EDPT1(1.0),23/10/23 11:00:00,A,MIO_EUR,S13,B9,HR,2018,-27.8,
ESTAT:GOV_10DD_EDPT1(1.0),23/10/23 11:00:00,A,MIO_EUR,S13,B9,HR,2019,120.8,
ESTAT:GOV_10DD_EDPT1(1.0),23/10/23 11:00:00,A,MIO_EUR,S13,B9,HR,2020,-3686.2,
ESTAT:GOV_10DD_EDPT1(1.0),23/10/23 11:00:00,A,MIO_EUR,S13,B9,HR,2021,-1461.7,
ESTAT:GOV_10DD_EDPT1(1.0),23/10/23 11:00:00,A,MIO_EUR,S13,B9,HR,2022,75.7,
ESTAT:GOV_10DD_EDPT1(1.0),23/10/23 11:00:00,A,MIO_EUR,S13,B9,HU,2013,-2655.7,
ESTAT:GOV_10DD_EDPT1(1.0),23/10/23 11:00:00,A,MIO_EUR,S13,B9,HU,2014,-2948.7,
ESTAT:GOV_10DD_EDPT1(1.0),23/10/23 11:00:00,A,MIO_EUR,S13,B9,HU,2015,-2260.3,
ESTAT:GOV_10DD_EDPT1(1.0),23/10/23 11:00:00,A,MIO_EUR,S13,B9,HU,2016,-2088.9,
ESTAT:GOV_10DD_EDPT1(1.0),23/10/23 11:00:00,A,MIO_EUR,S13,B9,HU,2017,-3123.7,
ESTAT:GOV_10DD_EDPT1(1.0),23/10/23 11:00:00,A,MIO_EUR,S13,B9,HU,2018,-2798.1,
ESTAT:GOV_10DD_EDPT1(1.0),23/10/23 11:00:00,A,MIO_EUR,S13,B9,HU,2019,-2999.5,
ESTAT:GOV_10DD_EDPT1(1.0),23/10/23 11:00:00,A,MIO_EUR,S13,B9,HU,2020,-10422.4,
ESTAT:GOV_10DD_EDPT1(1.0),23/10/23 11:00:00,A,MIO_EUR,S13,B9,HU,2021,-11018.3,
ESTAT:GOV_10DD_EDPT1(1.0),23/10/23 11:00:00,A,MIO_EUR,S13,B9,HU,2022,-10544.7,
ESTAT:GOV_10DD_EDPT1(1.0),23/10/23 11:00:00,A,MIO_EUR,S13,B9,IE,2013,-11473.4,
ESTAT:GOV_10DD_EDPT1(1.0),23/10/23 11:00:00,A,MIO_EUR,S13,B9,IE,2014,-7047.4,
ESTAT:GOV_10DD_EDPT1(1.0),23/10/23 11:00:00,A,MIO_EUR,S13,B9,IE,2015,-5358.1,
ESTAT:GOV_10DD_EDPT1(1.0),23/10/23 11:00:00,A,MIO_EUR,S13,B9,IE,2016,-2071.4,
ESTAT:GOV_10DD_EDPT1(1.0),23/10/23 11:00:00,A,MIO_EUR,S13,B9,IE,2017,-861.5,
ESTAT:GOV_10DD_EDPT1(1.0),23/10/23 11:00:00,A,MIO_EUR,S13,B9,IE,2018,437.3,
ESTAT:GOV_10DD_EDPT1(1.0),23/10/23 11:00:00,A,MIO_EUR,S13,B9,IE,2019,1691.3,
ESTAT:GOV_10DD_EDPT1(1.0),23/10/23 11:00:00,A,MIO_EUR,S13,B9,IE,2020,-18703.6,
ESTAT:GOV_10DD_EDPT1(1.0),23/10/23 11:00:00,A,MIO_EUR,S13,B9,IE,2021,-6599.9,
ESTAT:GOV_10DD_EDPT1(1.0),23/10/23 11:00:00,A,MIO_EUR,S13,B9,IE,2022,8504.4,
ESTAT:GOV_10DD_EDPT1(1.0),23/10/23 11:00:00,A,MIO_EUR,S13,B9,IT,2013,-46032,
ESTAT:GOV_10DD_EDPT1(1.0),23/10/23 11:00:00,A,MIO_EUR,S13,B9,IT,2014,-48080,
ESTAT:GOV_10DD_EDPT1(1.0),23/10/23 11:00:00,A,MIO_EUR,S13,B9,IT,2015,-42248,
ESTAT:GOV_10DD_EDPT1(1.0),23/10/23 11:00:00,A,MIO_EUR,S13,B9,IT,2016,-40765,
ESTAT:GOV_10DD_EDPT1(1.0),23/10/23 11:00:00,A,MIO_EUR,S13,B9,IT,2017,-42010,
ESTAT:GOV_10DD_EDPT1(1.0),23/10/23 11:00:00,A,MIO_EUR,S13,B9,IT,2018,-38353,
ESTAT:GOV_10DD_EDPT1(1.0),23/10/23 11:00:00,A,MIO_EUR,S13,B9,IT,2019,-27004,
ESTAT:GOV_10DD_EDPT1(1.0),23/10/23 11:00:00,A,MIO_EUR,S13,B9,IT,2020,-159457,
ESTAT:GOV_10DD_EDPT1(1.0),23/10/23 11:00:00,A,MIO_EUR,S13,B9,IT,2021,-159908,
ESTAT:GOV_10DD_EDPT1(1.0),23/10/23 11:00:00,A,MIO_EUR,S13,B9,IT,2022,-156442,
ESTAT:GOV_10DD_EDPT1(1.0),23/10/23 11:00:00,A,MIO_EUR,S13,B9,LT,2013,-920.3,
ESTAT:GOV_10DD_EDPT1(1.0),23/10/23 11:00:00,A,MIO_EUR,S13,B9,LT,2014,-220,
ESTAT:GOV_10DD_EDPT1(1.0),23/10/23 11:00:00,A,MIO_EUR,S13,B9,LT,2015,-111.8,
ESTAT:GOV_10DD_EDPT1(1.0),23/10/23 11:00:00,A,MIO_EUR,S13,B9,LT,2016,97.8,
ESTAT:GOV_10DD_EDPT1(1.0),23/10/23 11:00:00,A,MIO_EUR,S13,B9,LT,2017,176.4,
ESTAT:GOV_10DD_EDPT1(1.0),23/10/23 11:00:00,A,MIO_EUR,S13,B9,LT,2018,244.6,
ESTAT:GOV_10DD_EDPT1(1.0),23/10/23 11:00:00,A,MIO_EUR,S13,B9,LT,2019,238.7,
ESTAT:GOV_10DD_EDPT1(1.0),23/10/23 11:00:00,A,MIO_EUR,S13,B9,LT,2020,-3236.6,
ESTAT:GOV_10DD_EDPT1(1.0),23/10/23 11:00:00,A,MIO_EUR,S13,B9,LT,2021,-648.2,
ESTAT:GOV_10DD_EDPT1(1.0),23/10/23 11:00:00,A,MIO_EUR,S13,B9,LT,2022,-439.9,
ESTAT:GOV_10DD_EDPT1(1.0),23/10/23 11:00:00,A,MIO_EUR,S13,B9,LU,2013,414.2,
ESTAT:GOV_10DD_EDPT1(1.0),23/10/23 11:00:00,A,MIO_EUR,S13,B9,LU,2014,693.4,
ESTAT:GOV_10DD_EDPT1(1.0),23/10/23 11:00:00,A,MIO_EUR,S13,B9,LU,2015,722.3,
ESTAT:GOV_10DD_EDPT1(1.0),23/10/23 11:00:00,A,MIO_EUR,S13,B9,LU,2016,1064,
ESTAT:GOV_10DD_EDPT1(1.0),23/10/23 11:00:00,A,MIO_EUR,S13,B9,LU,2017,795.1,
ESTAT:GOV_10DD_EDPT1(1.0),23/10/23 11:00:00,A,MIO_EUR,S13,B9,LU,2018,1789.7,
ESTAT:GOV_10DD_EDPT1(1.0),23/10/23 11:00:00,A,MIO_EUR,S13,B9,LU,2019,1387,
ESTAT:GOV_10DD_EDPT1(1.0),23/10/23 11:00:00,A,MIO_EUR,S13,B9,LU,2020,-2222.4,
ESTAT:GOV_10DD_EDPT1(1.0),23/10/23 11:00:00,A,MIO_EUR,S13,B9,LU,2021,416.3,
ESTAT:GOV_10DD_EDPT1(1.0),23/10/23 11:00:00,A,MIO_EUR,S13,B9,LU,2022,-222.3,
ESTAT:GOV_10DD_EDPT1(1.0),23/10/23 11:00:00,A,MIO_EUR,S13,B9,LV,2013,-278.2,
ESTAT:GOV_10DD_EDPT1(1.0),23/10/23 11:00:00,A,MIO_EUR,S13,B9,LV,2014,-381.4,
ESTAT:GOV_10DD_EDPT1(1.0),23/10/23 11:00:00,A,MIO_EUR,S13,B9,LV,2015,-363,
ESTAT:GOV_10DD_EDPT1(1.0),23/10/23 11:00:00,A,MIO_EUR,S13,B9,LV,2016,-5.8,
ESTAT:GOV_10DD_EDPT1(1.0),23/10/23 11:00:00,A,MIO_EUR,S13,B9,LV,2017,-79.3,
ESTAT:GOV_10DD_EDPT1(1.0),23/10/23 11:00:00,A,MIO_EUR,S13,B9,LV,2018,-216.8,
ESTAT:GOV_10DD_EDPT1(1.0),23/10/23 11:00:00,A,MIO_EUR,S13,B9,LV,2019,-148.9,
ESTAT:GOV_10DD_EDPT1(1.0),23/10/23 11:00:00,A,MIO_EUR,S13,B9,LV,2020,-1342.8,
ESTAT:GOV_10DD_EDPT1(1.0),23/10/23 11:00:00,A,MIO_EUR,S13,B9,LV,2021,-2394.8,
ESTAT:GOV_10DD_EDPT1(1.0),23/10/23 11:00:00,A,MIO_EUR,S13,B9,LV,2022,-1789.3,
ESTAT:GOV_10DD_EDPT1(1.0),23/10/23 11:00:00,A,MIO_EUR,S13,B9,MT,2013,-177.5,
ESTAT:GOV_10DD_EDPT1(1.0),23/10/23 11:00:00,A,MIO_EUR,S13,B9,MT,2014,-132.9,
ESTAT:GOV_10DD_EDPT1(1.0),23/10/23 11:00:00,A,MIO_EUR,S13,B9,MT,2015,-85.7,
ESTAT:GOV_10DD_EDPT1(1.0),23/10/23 11:00:00,A,MIO_EUR,S13,B9,MT,2016,119.1,
ESTAT:GOV_10DD_EDPT1(1.0),23/10/23 11:00:00,A,MIO_EUR,S13,B9,MT,2017,393.2,
ESTAT:GOV_10DD_EDPT1(1.0),23/10/23 11:00:00,A,MIO_EUR,S13,B9,MT,2018,255.2,
ESTAT:GOV_10DD_EDPT1(1.0),23/10/23 11:00:00,A,MIO_EUR,S13,B9,MT,2019,73.3,
ESTAT:GOV_10DD_EDPT1(1.0),23/10/23 11:00:00,A,MIO_EUR,S13,B9,MT,2020,-1284.6,
ESTAT:GOV_10DD_EDPT1(1.0),23/10/23 11:00:00,A,MIO_EUR,S13,B9,MT,2021,-1140.7,
ESTAT:GOV_10DD_EDPT1(1.0),23/10/23 11:00:00,A,MIO_EUR,S13,B9,MT,2022,-982.2,
ESTAT:GOV_10DD_EDPT1(1.0),23/10/23 11:00:00,A,MIO_EUR,S13,B9,NL,2013,-19528,
ESTAT:GOV_10DD_EDPT1(1.0),23/10/23 11:00:00,A,MIO_EUR,S13,B9,NL,2014,-15136,
ESTAT:GOV_10DD_EDPT1(1.0),23/10/23 11:00:00,A,MIO_EUR,S13,B9,NL,2015,-13411,
ESTAT:GOV_10DD_EDPT1(1.0),23/10/23 11:00:00,A,MIO_EUR,S13,B9,NL,2016,899,
ESTAT:GOV_10DD_EDPT1(1.0),23/10/23 11:00:00,A,MIO_EUR,S13,B9,NL,2017,10121,
ESTAT:GOV_10DD_EDPT1(1.0),23/10/23 11:00:00,A,MIO_EUR,S13,B9,NL,2018,11628,
ESTAT:GOV_10DD_EDPT1(1.0),23/10/23 11:00:00,A,MIO_EUR,S13,B9,NL,2019,14628,
ESTAT:GOV_10DD_EDPT1(1.0),23/10/23 11:00:00,A,MIO_EUR,S13,B9,NL,2020,-29588,
ESTAT:GOV_10DD_EDPT1(1.0),23/10/23 11:00:00,A,MIO_EUR,S13,B9,NL,2021,-19466,
ESTAT:GOV_10DD_EDPT1(1.0),23/10/23 11:00:00,A,MIO_EUR,S13,B9,NL,2022,-898,
ESTAT:GOV_10DD_EDPT1(1.0),23/10/23 11:00:00,A,MIO_EUR,S13,B9,PL,2013,-16575.6,
ESTAT:GOV_10DD_EDPT1(1.0),23/10/23 11:00:00,A,MIO_EUR,S13,B9,PL,2014,-14910,
ESTAT:GOV_10DD_EDPT1(1.0),23/10/23 11:00:00,A,MIO_EUR,S13,B9,PL,2015,-11175.9,
ESTAT:GOV_10DD_EDPT1(1.0),23/10/23 11:00:00,A,MIO_EUR,S13,B9,PL,2016,-10189.8,
ESTAT:GOV_10DD_EDPT1(1.0),23/10/23 11:00:00,A,MIO_EUR,S13,B9,PL,2017,-6951.1,
ESTAT:GOV_10DD_EDPT1(1.0),23/10/23 11:00:00,A,MIO_EUR,S13,B9,PL,2018,-1244.9,
ESTAT:GOV_10DD_EDPT1(1.0),23/10/23 11:00:00,A,MIO_EUR,S13,B9,PL,2019,-3957.8,
ESTAT:GOV_10DD_EDPT1(1.0),23/10/23 11:00:00,A,MIO_EUR,S13,B9,PL,2020,-36424.5,
ESTAT:GOV_10DD_EDPT1(1.0),23/10/23 11:00:00,A,MIO_EUR,S13,B9,PL,2021,-10557,
ESTAT:GOV_10DD_EDPT1(1.0),23/10/23 11:00:00,A,MIO_EUR,S13,B9,PL,2022,-24078.2,
ESTAT:GOV_10DD_EDPT1(1.0),23/10/23 11:00:00,A,MIO_EUR,S13,B9,PT,2013,-8702.8,
ESTAT:GOV_10DD_EDPT1(1.0),23/10/23 11:00:00,A,MIO_EUR,S13,B9,PT,2014,-12729.9,
ESTAT:GOV_10DD_EDPT1(1.0),23/10/23 11:00:00,A,MIO_EUR,S13,B9,PT,2015,-7995,
ESTAT:GOV_10DD_EDPT1(1.0),23/10/23 11:00:00,A,MIO_EUR,S13,B9,PT,2016,-3608.6,
ESTAT:GOV_10DD_EDPT1(1.0),23/10/23 11:00:00,A,MIO_EUR,S13,B9,PT,2017,-5792.2,
ESTAT:GOV_10DD_EDPT1(1.0),23/10/23 11:00:00,A,MIO_EUR,S13,B9,PT,2018,-716.1,
ESTAT:GOV_10DD_EDPT1(1.0),23/10/23 11:00:00,A,MIO_EUR,S13,B9,PT,2019,247.2,
ESTAT:GOV_10DD_EDPT1(1.0),23/10/23 11:00:00,A,MIO_EUR,S13,B9,PT,2020,-11669,
ESTAT:GOV_10DD_EDPT1(1.0),23/10/23 11:00:00,A,MIO_EUR,S13,B9,PT,2021,-6215.3,
ESTAT:GOV_10DD_EDPT1(1.0),23/10/23 11:00:00,A,MIO_EUR,S13,B9,PT,2022,-779.1,
ESTAT:GOV_10DD_EDPT1(1.0),23/10/23 11:00:00,A,MIO_EUR,S13,B9,RO,2013,-3258,
ESTAT:GOV_10DD_EDPT1(1.0),23/10/23 11:00:00,A,MIO_EUR,S13,B9,RO,2014,-1795.5,
ESTAT:GOV_10DD_EDPT1(1.0),23/10/23 11:00:00,A,MIO_EUR,S13,B9,RO,2015,-866.6,
ESTAT:GOV_10DD_EDPT1(1.0),23/10/23 11:00:00,A,MIO_EUR,S13,B9,RO,2016,-4263.9,
ESTAT:GOV_10DD_EDPT1(1.0),23/10/23 11:00:00,A,MIO_EUR,S13,B9,RO,2017,-4726.9,
ESTAT:GOV_10DD_EDPT1(1.0),23/10/23 11:00:00,A,MIO_EUR,S13,B9,RO,2018,-5808.9,
ESTAT:GOV_10DD_EDPT1(1.0),23/10/23 11:00:00,A,MIO_EUR,S13,B9,RO,2019,-9688.4,
ESTAT:GOV_10DD_EDPT1(1.0),23/10/23 11:00:00,A,MIO_EUR,S13,B9,RO,2020,-20411.8,
ESTAT:GOV_10DD_EDPT1(1.0),23/10/23 11:00:00,A,MIO_EUR,S13,B9,RO,2021,-17295.1,
ESTAT:GOV_10DD_EDPT1(1.0),23/10/23 11:00:00,A,MIO_EUR,S13,B9,RO,2022,-17889.5,
ESTAT:GOV_10DD_EDPT1(1.0),23/10/23 11:00:00,A,MIO_EUR,S13,B9,SE,2013,-6587.1,
ESTAT:GOV_10DD_EDPT1(1.0),23/10/23 11:00:00,A,MIO_EUR,S13,B9,SE,2014,-6817.2,
ESTAT:GOV_10DD_EDPT1(1.0),23/10/23 11:00:00,A,MIO_EUR,S13,B9,SE,2015,-74.8,
ESTAT:GOV_10DD_EDPT1(1.0),23/10/23 11:00:00,A,MIO_EUR,S13,B9,SE,2016,4562.2,
ESTAT:GOV_10DD_EDPT1(1.0),23/10/23 11:00:00,A,MIO_EUR,S13,B9,SE,2017,6644.2,
ESTAT:GOV_10DD_EDPT1(1.0),23/10/23 11:00:00,A,MIO_EUR,S13,B9,SE,2018,3542.7,
ESTAT:GOV_10DD_EDPT1(1.0),23/10/23 11:00:00,A,MIO_EUR,S13,B9,SE,2019,2564.1,
ESTAT:GOV_10DD_EDPT1(1.0),23/10/23 11:00:00,A,MIO_EUR,S13,B9,SE,2020,-13475,
ESTAT:GOV_10DD_EDPT1(1.0),23/10/23 11:00:00,A,MIO_EUR,S13,B9,SE,2021,78.6,
ESTAT:GOV_10DD_EDPT1(1.0),23/10/23 11:00:00,A,MIO_EUR,S13,B9,SE,2022,6225.2,
ESTAT:GOV_10DD_EDPT1(1.0),23/10/23 11:00:00,A,MIO_EUR,S13,B9,SI,2013,-5314.5,
ESTAT:GOV_10DD_EDPT1(1.0),23/10/23 11:00:00,A,MIO_EUR,S13,B9,SI,2014,-2072.6,
ESTAT:GOV_10DD_EDPT1(1.0),23/10/23 11:00:00,A,MIO_EUR,S13,B9,SI,2015,-1106.3,
ESTAT:GOV_10DD_EDPT1(1.0),23/10/23 11:00:00,A,MIO_EUR,S13,B9,SI,2016,-776.2,
ESTAT:GOV_10DD_EDPT1(1.0),23/10/23 11:00:00,A,MIO_EUR,S13,B9,SI,2017,-22.8,
ESTAT:GOV_10DD_EDPT1(1.0),23/10/23 11:00:00,A,MIO_EUR,S13,B9,SI,2018,341.1,
ESTAT:GOV_10DD_EDPT1(1.0),23/10/23 11:00:00,A,MIO_EUR,S13,B9,SI,2019,347.6,
ESTAT:GOV_10DD_EDPT1(1.0),23/10/23 11:00:00,A,MIO_EUR,S13,B9,SI,2020,-3597.2,
ESTAT:GOV_10DD_EDPT1(1.0),23/10/23 11:00:00,A,MIO_EUR,S13,B9,SI,2021,-2413.6,
ESTAT:GOV_10DD_EDPT1(1.0),23/10/23 11:00:00,A,MIO_EUR,S13,B9,SI,2022,-1717.2,
ESTAT:GOV_10DD_EDPT1(1.0),23/10/23 11:00:00,A,MIO_EUR,S13,B9,SK,2013,-2143.8,
ESTAT:GOV_10DD_EDPT1(1.0),23/10/23 11:00:00,A,MIO_EUR,S13,B9,SK,2014,-2370.1,
ESTAT:GOV_10DD_EDPT1(1.0),23/10/23 11:00:00,A,MIO_EUR,S13,B9,SK,2015,-2135.4,
ESTAT:GOV_10DD_EDPT1(1.0),23/10/23 11:00:00,A,MIO_EUR,S13,B9,SK,2016,-2092.1,
ESTAT:GOV_10DD_EDPT1(1.0),23/10/23 11:00:00,A,MIO_EUR,S13,B9,SK,2017,-829.5,
ESTAT:GOV_10DD_EDPT1(1.0),23/10/23 11:00:00,A,MIO_EUR,S13,B9,SK,2018,-908.6,
ESTAT:GOV_10DD_EDPT1(1.0),23/10/23 11:00:00,A,MIO_EUR,S13,B9,SK,2019,-1140.1,
ESTAT:GOV_10DD_EDPT1(1.0),23/10/23 11:00:00,A,MIO_EUR,S13,B9,SK,2020,-4999.4,
ESTAT:GOV_10DD_EDPT1(1.0),23/10/23 11:00:00,A,MIO_EUR,S13,B9,SK,2021,-5194.7,
ESTAT:GOV_10DD_EDPT1(1.0),23/10/23 11:00:00,A,MIO_EUR,S13,B9,SK,2022,-2215.6,
