DATAFLOW,LAST UPDATE,freq,na_item,sector,unit,geo,TIME_PERIOD,OBS_VALUE,OBS_FLAG
ESTAT:TEINA205(1.0),1/3/2024 11:00,Q,B9,S13,MEUR_NSA,AT,2020-Q4,-12225.7,
ESTAT:TEINA205(1.0),1/3/2024 11:00,Q,B9,S13,MEUR_NSA,AT,2021-Q1,-12963,
ESTAT:TEINA205(1.0),1/3/2024 11:00,Q,B9,S13,MEUR_NSA,AT,2021-Q2,-7071.9,
ESTAT:TEINA205(1.0),1/3/2024 11:00,Q,B9,S13,MEUR_NSA,AT,2021-Q3,-448.4,
ESTAT:TEINA205(1.0),1/3/2024 11:00,Q,B9,S13,MEUR_NSA,AT,2021-Q4,-2975.4,
ESTAT:TEINA205(1.0),1/3/2024 11:00,Q,B9,S13,MEUR_NSA,AT,2022-Q1,-6305.7,
ESTAT:TEINA205(1.0),1/3/2024 11:00,Q,B9,S13,MEUR_NSA,AT,2022-Q2,33.5,
ESTAT:TEINA205(1.0),1/3/2024 11:00,Q,B9,S13,MEUR_NSA,AT,2022-Q3,-3866.6,
ESTAT:TEINA205(1.0),1/3/2024 11:00,Q,B9,S13,MEUR_NSA,AT,2022-Q4,-5701,
ESTAT:TEINA205(1.0),1/3/2024 11:00,Q,B9,S13,MEUR_NSA,AT,2023-Q1,-5394.7,p
ESTAT:TEINA205(1.0),1/3/2024 11:00,Q,B9,S13,MEUR_NSA,AT,2023-Q2,-2045.8,p
ESTAT:TEINA205(1.0),1/3/2024 11:00,Q,B9,S13,MEUR_NSA,AT,2023-Q3,-3166.1,p
ESTAT:TEINA205(1.0),1/3/2024 11:00,Q,B9,S13,MEUR_NSA,BE,2020-Q4,-5831.9,
ESTAT:TEINA205(1.0),1/3/2024 11:00,Q,B9,S13,MEUR_NSA,BE,2021-Q1,-12629,
ESTAT:TEINA205(1.0),1/3/2024 11:00,Q,B9,S13,MEUR_NSA,BE,2021-Q2,-2711.8,
ESTAT:TEINA205(1.0),1/3/2024 11:00,Q,B9,S13,MEUR_NSA,BE,2021-Q3,-12150.3,
ESTAT:TEINA205(1.0),1/3/2024 11:00,Q,B9,S13,MEUR_NSA,BE,2021-Q4,210.3,
ESTAT:TEINA205(1.0),1/3/2024 11:00,Q,B9,S13,MEUR_NSA,BE,2022-Q1,-9097,p
ESTAT:TEINA205(1.0),1/3/2024 11:00,Q,B9,S13,MEUR_NSA,BE,2022-Q2,406.4,p
ESTAT:TEINA205(1.0),1/3/2024 11:00,Q,B9,S13,MEUR_NSA,BE,2022-Q3,-10535.6,p
ESTAT:TEINA205(1.0),1/3/2024 11:00,Q,B9,S13,MEUR_NSA,BE,2022-Q4,-381.9,p
ESTAT:TEINA205(1.0),1/3/2024 11:00,Q,B9,S13,MEUR_NSA,BE,2023-Q1,-11697.1,p
ESTAT:TEINA205(1.0),1/3/2024 11:00,Q,B9,S13,MEUR_NSA,BE,2023-Q2,42,p
ESTAT:TEINA205(1.0),1/3/2024 11:00,Q,B9,S13,MEUR_NSA,BE,2023-Q3,-11479.5,p
ESTAT:TEINA205(1.0),1/3/2024 11:00,Q,B9,S13,MEUR_NSA,BG,2020-Q4,-2605.6,
ESTAT:TEINA205(1.0),1/3/2024 11:00,Q,B9,S13,MEUR_NSA,BG,2021-Q1,6.7,
ESTAT:TEINA205(1.0),1/3/2024 11:00,Q,B9,S13,MEUR_NSA,BG,2021-Q2,80.7,
ESTAT:TEINA205(1.0),1/3/2024 11:00,Q,B9,S13,MEUR_NSA,BG,2021-Q3,674.7,
ESTAT:TEINA205(1.0),1/3/2024 11:00,Q,B9,S13,MEUR_NSA,BG,2021-Q4,-3581.9,
ESTAT:TEINA205(1.0),1/3/2024 11:00,Q,B9,S13,MEUR_NSA,BG,2022-Q1,-311.3,p
ESTAT:TEINA205(1.0),1/3/2024 11:00,Q,B9,S13,MEUR_NSA,BG,2022-Q2,-297.9,p
ESTAT:TEINA205(1.0),1/3/2024 11:00,Q,B9,S13,MEUR_NSA,BG,2022-Q3,-371.8,p
ESTAT:TEINA205(1.0),1/3/2024 11:00,Q,B9,S13,MEUR_NSA,BG,2022-Q4,-1503.7,p
ESTAT:TEINA205(1.0),1/3/2024 11:00,Q,B9,S13,MEUR_NSA,BG,2023-Q1,-371,p
ESTAT:TEINA205(1.0),1/3/2024 11:00,Q,B9,S13,MEUR_NSA,BG,2023-Q2,-406.7,p
ESTAT:TEINA205(1.0),1/3/2024 11:00,Q,B9,S13,MEUR_NSA,BG,2023-Q3,-464.5,p
ESTAT:TEINA205(1.0),1/3/2024 11:00,Q,B9,S13,MEUR_NSA,CH,2020-Q4,-4617.3,
ESTAT:TEINA205(1.0),1/3/2024 11:00,Q,B9,S13,MEUR_NSA,CH,2021-Q1,-2934.3,
ESTAT:TEINA205(1.0),1/3/2024 11:00,Q,B9,S13,MEUR_NSA,CH,2021-Q2,-879.6,
ESTAT:TEINA205(1.0),1/3/2024 11:00,Q,B9,S13,MEUR_NSA,CH,2021-Q3,495.4,
ESTAT:TEINA205(1.0),1/3/2024 11:00,Q,B9,S13,MEUR_NSA,CH,2021-Q4,1236.6,
ESTAT:TEINA205(1.0),1/3/2024 11:00,Q,B9,S13,MEUR_NSA,CH,2022-Q1,1827.8,
ESTAT:TEINA205(1.0),1/3/2024 11:00,Q,B9,S13,MEUR_NSA,CH,2022-Q2,2219.4,
ESTAT:TEINA205(1.0),1/3/2024 11:00,Q,B9,S13,MEUR_NSA,CH,2022-Q3,2607,
ESTAT:TEINA205(1.0),1/3/2024 11:00,Q,B9,S13,MEUR_NSA,CH,2022-Q4,2711.2,
ESTAT:TEINA205(1.0),1/3/2024 11:00,Q,B9,S13,MEUR_NSA,CH,2023-Q1,2770.4,p
ESTAT:TEINA205(1.0),1/3/2024 11:00,Q,B9,S13,MEUR_NSA,CH,2023-Q2,2846.3,p
ESTAT:TEINA205(1.0),1/3/2024 11:00,Q,B9,S13,MEUR_NSA,CH,2023-Q3,2898,p
ESTAT:TEINA205(1.0),1/3/2024 11:00,Q,B9,S13,MEUR_NSA,CY,2020-Q4,-755.2,
ESTAT:TEINA205(1.0),1/3/2024 11:00,Q,B9,S13,MEUR_NSA,CY,2021-Q1,-115.1,
ESTAT:TEINA205(1.0),1/3/2024 11:00,Q,B9,S13,MEUR_NSA,CY,2021-Q2,-602.8,
ESTAT:TEINA205(1.0),1/3/2024 11:00,Q,B9,S13,MEUR_NSA,CY,2021-Q3,335.9,
ESTAT:TEINA205(1.0),1/3/2024 11:00,Q,B9,S13,MEUR_NSA,CY,2021-Q4,-80,
ESTAT:TEINA205(1.0),1/3/2024 11:00,Q,B9,S13,MEUR_NSA,CY,2022-Q1,259.4,
ESTAT:TEINA205(1.0),1/3/2024 11:00,Q,B9,S13,MEUR_NSA,CY,2022-Q2,-306.4,
ESTAT:TEINA205(1.0),1/3/2024 11:00,Q,B9,S13,MEUR_NSA,CY,2022-Q3,774.1,
ESTAT:TEINA205(1.0),1/3/2024 11:00,Q,B9,S13,MEUR_NSA,CY,2022-Q4,-50.8,
ESTAT:TEINA205(1.0),1/3/2024 11:00,Q,B9,S13,MEUR_NSA,CY,2023-Q1,445.6,p
ESTAT:TEINA205(1.0),1/3/2024 11:00,Q,B9,S13,MEUR_NSA,CY,2023-Q2,-185.8,p
ESTAT:TEINA205(1.0),1/3/2024 11:00,Q,B9,S13,MEUR_NSA,CY,2023-Q3,720,p
ESTAT:TEINA205(1.0),1/3/2024 11:00,Q,B9,S13,MEUR_NSA,CZ,2020-Q4,-5156.3,
ESTAT:TEINA205(1.0),1/3/2024 11:00,Q,B9,S13,MEUR_NSA,CZ,2021-Q1,-5026.9,
ESTAT:TEINA205(1.0),1/3/2024 11:00,Q,B9,S13,MEUR_NSA,CZ,2021-Q2,-1565.5,
ESTAT:TEINA205(1.0),1/3/2024 11:00,Q,B9,S13,MEUR_NSA,CZ,2021-Q3,-1673.5,
ESTAT:TEINA205(1.0),1/3/2024 11:00,Q,B9,S13,MEUR_NSA,CZ,2021-Q4,-3813.6,
ESTAT:TEINA205(1.0),1/3/2024 11:00,Q,B9,S13,MEUR_NSA,CZ,2022-Q1,-2588.2,
ESTAT:TEINA205(1.0),1/3/2024 11:00,Q,B9,S13,MEUR_NSA,CZ,2022-Q2,88.9,
ESTAT:TEINA205(1.0),1/3/2024 11:00,Q,B9,S13,MEUR_NSA,CZ,2022-Q3,-2282.7,
ESTAT:TEINA205(1.0),1/3/2024 11:00,Q,B9,S13,MEUR_NSA,CZ,2022-Q4,-4108.9,
ESTAT:TEINA205(1.0),1/3/2024 11:00,Q,B9,S13,MEUR_NSA,CZ,2023-Q1,-4371.2,p
ESTAT:TEINA205(1.0),1/3/2024 11:00,Q,B9,S13,MEUR_NSA,CZ,2023-Q2,1079,p
ESTAT:TEINA205(1.0),1/3/2024 11:00,Q,B9,S13,MEUR_NSA,CZ,2023-Q3,-1609.4,p
ESTAT:TEINA205(1.0),1/3/2024 11:00,Q,B9,S13,MEUR_NSA,DE,2020-Q4,-48312,p
ESTAT:TEINA205(1.0),1/3/2024 11:00,Q,B9,S13,MEUR_NSA,DE,2021-Q1,-39294,p
ESTAT:TEINA205(1.0),1/3/2024 11:00,Q,B9,S13,MEUR_NSA,DE,2021-Q2,-36616,p
ESTAT:TEINA205(1.0),1/3/2024 11:00,Q,B9,S13,MEUR_NSA,DE,2021-Q3,-23022,p
ESTAT:TEINA205(1.0),1/3/2024 11:00,Q,B9,S13,MEUR_NSA,DE,2021-Q4,-30809,p
ESTAT:TEINA205(1.0),1/3/2024 11:00,Q,B9,S13,MEUR_NSA,DE,2022-Q1,-5694,p
ESTAT:TEINA205(1.0),1/3/2024 11:00,Q,B9,S13,MEUR_NSA,DE,2022-Q2,1115,p
ESTAT:TEINA205(1.0),1/3/2024 11:00,Q,B9,S13,MEUR_NSA,DE,2022-Q3,-32469,p
ESTAT:TEINA205(1.0),1/3/2024 11:00,Q,B9,S13,MEUR_NSA,DE,2022-Q4,-59862,p
ESTAT:TEINA205(1.0),1/3/2024 11:00,Q,B9,S13,MEUR_NSA,DE,2023-Q1,-25849,p
ESTAT:TEINA205(1.0),1/3/2024 11:00,Q,B9,S13,MEUR_NSA,DE,2023-Q2,-7017,p
ESTAT:TEINA205(1.0),1/3/2024 11:00,Q,B9,S13,MEUR_NSA,DE,2023-Q3,-17746,p
ESTAT:TEINA205(1.0),1/3/2024 11:00,Q,B9,S13,MEUR_NSA,DK,2020-Q4,101.6,
ESTAT:TEINA205(1.0),1/3/2024 11:00,Q,B9,S13,MEUR_NSA,DK,2021-Q1,3293,
ESTAT:TEINA205(1.0),1/3/2024 11:00,Q,B9,S13,MEUR_NSA,DK,2021-Q2,4276.2,
ESTAT:TEINA205(1.0),1/3/2024 11:00,Q,B9,S13,MEUR_NSA,DK,2021-Q3,4182.3,
ESTAT:TEINA205(1.0),1/3/2024 11:00,Q,B9,S13,MEUR_NSA,DK,2021-Q4,2162,
ESTAT:TEINA205(1.0),1/3/2024 11:00,Q,B9,S13,MEUR_NSA,DK,2022-Q1,2817.9,
ESTAT:TEINA205(1.0),1/3/2024 11:00,Q,B9,S13,MEUR_NSA,DK,2022-Q2,3989.3,
ESTAT:TEINA205(1.0),1/3/2024 11:00,Q,B9,S13,MEUR_NSA,DK,2022-Q3,3278.3,
ESTAT:TEINA205(1.0),1/3/2024 11:00,Q,B9,S13,MEUR_NSA,DK,2022-Q4,2636.5,
ESTAT:TEINA205(1.0),1/3/2024 11:00,Q,B9,S13,MEUR_NSA,DK,2023-Q1,3458.9,p
ESTAT:TEINA205(1.0),1/3/2024 11:00,Q,B9,S13,MEUR_NSA,DK,2023-Q2,3298.5,p
ESTAT:TEINA205(1.0),1/3/2024 11:00,Q,B9,S13,MEUR_NSA,DK,2023-Q3,2855.3,p
ESTAT:TEINA205(1.0),1/3/2024 11:00,Q,B9,S13,MEUR_NSA,EA19,2020-Q4,-191921.2,
ESTAT:TEINA205(1.0),1/3/2024 11:00,Q,B9,S13,MEUR_NSA,EA19,2021-Q1,-248508.9,
ESTAT:TEINA205(1.0),1/3/2024 11:00,Q,B9,S13,MEUR_NSA,EA19,2021-Q2,-195076.1,
ESTAT:TEINA205(1.0),1/3/2024 11:00,Q,B9,S13,MEUR_NSA,EA19,2021-Q3,-116775.2,
ESTAT:TEINA205(1.0),1/3/2024 11:00,Q,B9,S13,MEUR_NSA,EA19,2021-Q4,-88945.4,
ESTAT:TEINA205(1.0),1/3/2024 11:00,Q,B9,S13,MEUR_NSA,EA19,2022-Q1,-128050.3,
ESTAT:TEINA205(1.0),1/3/2024 11:00,Q,B9,S13,MEUR_NSA,EA19,2022-Q2,-74591.4,
ESTAT:TEINA205(1.0),1/3/2024 11:00,Q,B9,S13,MEUR_NSA,EA19,2022-Q3,-129648.9,
ESTAT:TEINA205(1.0),1/3/2024 11:00,Q,B9,S13,MEUR_NSA,EA19,2022-Q4,-153534.8,
ESTAT:TEINA205(1.0),1/3/2024 11:00,Q,B9,S13,MEUR_NSA,EA19,2023-Q1,-146513.5,
ESTAT:TEINA205(1.0),1/3/2024 11:00,Q,B9,S13,MEUR_NSA,EA19,2023-Q2,-97729.1,
ESTAT:TEINA205(1.0),1/3/2024 11:00,Q,B9,S13,MEUR_NSA,EA19,2023-Q3,-91222.2,
ESTAT:TEINA205(1.0),1/3/2024 11:00,Q,B9,S13,MEUR_NSA,EA20,2020-Q4,-193138.2,
ESTAT:TEINA205(1.0),1/3/2024 11:00,Q,B9,S13,MEUR_NSA,EA20,2021-Q1,-249133.7,
ESTAT:TEINA205(1.0),1/3/2024 11:00,Q,B9,S13,MEUR_NSA,EA20,2021-Q2,-195802.5,
ESTAT:TEINA205(1.0),1/3/2024 11:00,Q,B9,S13,MEUR_NSA,EA20,2021-Q3,-116147.7,
ESTAT:TEINA205(1.0),1/3/2024 11:00,Q,B9,S13,MEUR_NSA,EA20,2021-Q4,-89678.1,
ESTAT:TEINA205(1.0),1/3/2024 11:00,Q,B9,S13,MEUR_NSA,EA20,2022-Q1,-128092.7,
ESTAT:TEINA205(1.0),1/3/2024 11:00,Q,B9,S13,MEUR_NSA,EA20,2022-Q2,-74351.3,
ESTAT:TEINA205(1.0),1/3/2024 11:00,Q,B9,S13,MEUR_NSA,EA20,2022-Q3,-128865.1,
ESTAT:TEINA205(1.0),1/3/2024 11:00,Q,B9,S13,MEUR_NSA,EA20,2022-Q4,-154438.4,
ESTAT:TEINA205(1.0),1/3/2024 11:00,Q,B9,S13,MEUR_NSA,EA20,2023-Q1,-146778.1,
ESTAT:TEINA205(1.0),1/3/2024 11:00,Q,B9,S13,MEUR_NSA,EA20,2023-Q2,-97639.7,
ESTAT:TEINA205(1.0),1/3/2024 11:00,Q,B9,S13,MEUR_NSA,EA20,2023-Q3,-89910.6,
ESTAT:TEINA205(1.0),1/3/2024 11:00,Q,B9,S13,MEUR_NSA,EE,2020-Q4,-431.4,
ESTAT:TEINA205(1.0),1/3/2024 11:00,Q,B9,S13,MEUR_NSA,EE,2021-Q1,-429.5,
ESTAT:TEINA205(1.0),1/3/2024 11:00,Q,B9,S13,MEUR_NSA,EE,2021-Q2,-232.5,
ESTAT:TEINA205(1.0),1/3/2024 11:00,Q,B9,S13,MEUR_NSA,EE,2021-Q3,-56.4,
ESTAT:TEINA205(1.0),1/3/2024 11:00,Q,B9,S13,MEUR_NSA,EE,2021-Q4,-48.2,
ESTAT:TEINA205(1.0),1/3/2024 11:00,Q,B9,S13,MEUR_NSA,EE,2022-Q1,-256.5,
ESTAT:TEINA205(1.0),1/3/2024 11:00,Q,B9,S13,MEUR_NSA,EE,2022-Q2,197.9,
ESTAT:TEINA205(1.0),1/3/2024 11:00,Q,B9,S13,MEUR_NSA,EE,2022-Q3,-3.7,
ESTAT:TEINA205(1.0),1/3/2024 11:00,Q,B9,S13,MEUR_NSA,EE,2022-Q4,-286.3,
ESTAT:TEINA205(1.0),1/3/2024 11:00,Q,B9,S13,MEUR_NSA,EE,2023-Q1,-382.7,p
ESTAT:TEINA205(1.0),1/3/2024 11:00,Q,B9,S13,MEUR_NSA,EE,2023-Q2,35.9,p
ESTAT:TEINA205(1.0),1/3/2024 11:00,Q,B9,S13,MEUR_NSA,EE,2023-Q3,-202.6,p
ESTAT:TEINA205(1.0),1/3/2024 11:00,Q,B9,S13,MEUR_NSA,EL,2020-Q4,-5711,
ESTAT:TEINA205(1.0),1/3/2024 11:00,Q,B9,S13,MEUR_NSA,EL,2021-Q1,-7226,
ESTAT:TEINA205(1.0),1/3/2024 11:00,Q,B9,S13,MEUR_NSA,EL,2021-Q2,-3383,
ESTAT:TEINA205(1.0),1/3/2024 11:00,Q,B9,S13,MEUR_NSA,EL,2021-Q3,-383,
ESTAT:TEINA205(1.0),1/3/2024 11:00,Q,B9,S13,MEUR_NSA,EL,2021-Q4,-1671,
ESTAT:TEINA205(1.0),1/3/2024 11:00,Q,B9,S13,MEUR_NSA,EL,2022-Q1,-4283,
ESTAT:TEINA205(1.0),1/3/2024 11:00,Q,B9,S13,MEUR_NSA,EL,2022-Q2,737,
ESTAT:TEINA205(1.0),1/3/2024 11:00,Q,B9,S13,MEUR_NSA,EL,2022-Q3,-1121,
ESTAT:TEINA205(1.0),1/3/2024 11:00,Q,B9,S13,MEUR_NSA,EL,2022-Q4,-225,
ESTAT:TEINA205(1.0),1/3/2024 11:00,Q,B9,S13,MEUR_NSA,EL,2023-Q1,-4628,p
ESTAT:TEINA205(1.0),1/3/2024 11:00,Q,B9,S13,MEUR_NSA,EL,2023-Q2,892,p
ESTAT:TEINA205(1.0),1/3/2024 11:00,Q,B9,S13,MEUR_NSA,EL,2023-Q3,1279,p
ESTAT:TEINA205(1.0),1/3/2024 11:00,Q,B9,S13,MEUR_NSA,ES,2020-Q4,-35580,
ESTAT:TEINA205(1.0),1/3/2024 11:00,Q,B9,S13,MEUR_NSA,ES,2021-Q1,-20688,
ESTAT:TEINA205(1.0),1/3/2024 11:00,Q,B9,S13,MEUR_NSA,ES,2021-Q2,-34439,
ESTAT:TEINA205(1.0),1/3/2024 11:00,Q,B9,S13,MEUR_NSA,ES,2021-Q3,939,
ESTAT:TEINA205(1.0),1/3/2024 11:00,Q,B9,S13,MEUR_NSA,ES,2021-Q4,-28074,
ESTAT:TEINA205(1.0),1/3/2024 11:00,Q,B9,S13,MEUR_NSA,ES,2022-Q1,-6066,
ESTAT:TEINA205(1.0),1/3/2024 11:00,Q,B9,S13,MEUR_NSA,ES,2022-Q2,-28797,
ESTAT:TEINA205(1.0),1/3/2024 11:00,Q,B9,S13,MEUR_NSA,ES,2022-Q3,8287,
ESTAT:TEINA205(1.0),1/3/2024 11:00,Q,B9,S13,MEUR_NSA,ES,2022-Q4,-37160,
ESTAT:TEINA205(1.0),1/3/2024 11:00,Q,B9,S13,MEUR_NSA,ES,2023-Q1,-3184,p
ESTAT:TEINA205(1.0),1/3/2024 11:00,Q,B9,S13,MEUR_NSA,ES,2023-Q2,-32175,p
ESTAT:TEINA205(1.0),1/3/2024 11:00,Q,B9,S13,MEUR_NSA,ES,2023-Q3,9935,p
ESTAT:TEINA205(1.0),1/3/2024 11:00,Q,B9,S13,MEUR_NSA,EU27_2020,2020-Q4,-230292.6,
ESTAT:TEINA205(1.0),1/3/2024 11:00,Q,B9,S13,MEUR_NSA,EU27_2020,2021-Q1,-260470.7,
ESTAT:TEINA205(1.0),1/3/2024 11:00,Q,B9,S13,MEUR_NSA,EU27_2020,2021-Q2,-196910.3,
ESTAT:TEINA205(1.0),1/3/2024 11:00,Q,B9,S13,MEUR_NSA,EU27_2020,2021-Q3,-115675.2,
ESTAT:TEINA205(1.0),1/3/2024 11:00,Q,B9,S13,MEUR_NSA,EU27_2020,2021-Q4,-117351.4,
ESTAT:TEINA205(1.0),1/3/2024 11:00,Q,B9,S13,MEUR_NSA,EU27_2020,2022-Q1,-133150.1,
ESTAT:TEINA205(1.0),1/3/2024 11:00,Q,B9,S13,MEUR_NSA,EU27_2020,2022-Q2,-65489.6,
ESTAT:TEINA205(1.0),1/3/2024 11:00,Q,B9,S13,MEUR_NSA,EU27_2020,2022-Q3,-138097.7,
ESTAT:TEINA205(1.0),1/3/2024 11:00,Q,B9,S13,MEUR_NSA,EU27_2020,2022-Q4,-192384.7,
ESTAT:TEINA205(1.0),1/3/2024 11:00,Q,B9,S13,MEUR_NSA,EU27_2020,2023-Q1,-161615.7,
ESTAT:TEINA205(1.0),1/3/2024 11:00,Q,B9,S13,MEUR_NSA,EU27_2020,2023-Q2,-103129,
ESTAT:TEINA205(1.0),1/3/2024 11:00,Q,B9,S13,MEUR_NSA,EU27_2020,2023-Q3,-105964,
ESTAT:TEINA205(1.0),1/3/2024 11:00,Q,B9,S13,MEUR_NSA,FI,2020-Q4,-4593,
ESTAT:TEINA205(1.0),1/3/2024 11:00,Q,B9,S13,MEUR_NSA,FI,2021-Q1,-3059,
ESTAT:TEINA205(1.0),1/3/2024 11:00,Q,B9,S13,MEUR_NSA,FI,2021-Q2,-164,
ESTAT:TEINA205(1.0),1/3/2024 11:00,Q,B9,S13,MEUR_NSA,FI,2021-Q3,-3336,
ESTAT:TEINA205(1.0),1/3/2024 11:00,Q,B9,S13,MEUR_NSA,FI,2021-Q4,-471,
ESTAT:TEINA205(1.0),1/3/2024 11:00,Q,B9,S13,MEUR_NSA,FI,2022-Q1,-966,
ESTAT:TEINA205(1.0),1/3/2024 11:00,Q,B9,S13,MEUR_NSA,FI,2022-Q2,2016,
ESTAT:TEINA205(1.0),1/3/2024 11:00,Q,B9,S13,MEUR_NSA,FI,2022-Q3,-2069,
ESTAT:TEINA205(1.0),1/3/2024 11:00,Q,B9,S13,MEUR_NSA,FI,2022-Q4,-368,
ESTAT:TEINA205(1.0),1/3/2024 11:00,Q,B9,S13,MEUR_NSA,FI,2023-Q1,-800,p
ESTAT:TEINA205(1.0),1/3/2024 11:00,Q,B9,S13,MEUR_NSA,FI,2023-Q2,70,p
ESTAT:TEINA205(1.0),1/3/2024 11:00,Q,B9,S13,MEUR_NSA,FI,2023-Q3,-3054,p
ESTAT:TEINA205(1.0),1/3/2024 11:00,Q,B9,S13,MEUR_NSA,FR,2020-Q4,-27918.3,
ESTAT:TEINA205(1.0),1/3/2024 11:00,Q,B9,S13,MEUR_NSA,FR,2021-Q1,-78416.8,
ESTAT:TEINA205(1.0),1/3/2024 11:00,Q,B9,S13,MEUR_NSA,FR,2021-Q2,-52313.1,
ESTAT:TEINA205(1.0),1/3/2024 11:00,Q,B9,S13,MEUR_NSA,FR,2021-Q3,-35918.9,
ESTAT:TEINA205(1.0),1/3/2024 11:00,Q,B9,S13,MEUR_NSA,FR,2021-Q4,4569.6,
ESTAT:TEINA205(1.0),1/3/2024 11:00,Q,B9,S13,MEUR_NSA,FR,2022-Q1,-48594.5,
ESTAT:TEINA205(1.0),1/3/2024 11:00,Q,B9,S13,MEUR_NSA,FR,2022-Q2,-27098.2,
ESTAT:TEINA205(1.0),1/3/2024 11:00,Q,B9,S13,MEUR_NSA,FR,2022-Q3,-41418.3,
ESTAT:TEINA205(1.0),1/3/2024 11:00,Q,B9,S13,MEUR_NSA,FR,2022-Q4,-9684.9,
ESTAT:TEINA205(1.0),1/3/2024 11:00,Q,B9,S13,MEUR_NSA,FR,2023-Q1,-46169.6,p
ESTAT:TEINA205(1.0),1/3/2024 11:00,Q,B9,S13,MEUR_NSA,FR,2023-Q2,-35464.3,p
ESTAT:TEINA205(1.0),1/3/2024 11:00,Q,B9,S13,MEUR_NSA,FR,2023-Q3,-41511.5,p
ESTAT:TEINA205(1.0),1/3/2024 11:00,Q,B9,S13,MEUR_NSA,HR,2020-Q4,-1217,
ESTAT:TEINA205(1.0),1/3/2024 11:00,Q,B9,S13,MEUR_NSA,HR,2021-Q1,-624.8,
ESTAT:TEINA205(1.0),1/3/2024 11:00,Q,B9,S13,MEUR_NSA,HR,2021-Q2,-726.4,
ESTAT:TEINA205(1.0),1/3/2024 11:00,Q,B9,S13,MEUR_NSA,HR,2021-Q3,627.5,
ESTAT:TEINA205(1.0),1/3/2024 11:00,Q,B9,S13,MEUR_NSA,HR,2021-Q4,-732.7,
ESTAT:TEINA205(1.0),1/3/2024 11:00,Q,B9,S13,MEUR_NSA,HR,2022-Q1,-42.4,
ESTAT:TEINA205(1.0),1/3/2024 11:00,Q,B9,S13,MEUR_NSA,HR,2022-Q2,240.1,
ESTAT:TEINA205(1.0),1/3/2024 11:00,Q,B9,S13,MEUR_NSA,HR,2022-Q3,783.8,
ESTAT:TEINA205(1.0),1/3/2024 11:00,Q,B9,S13,MEUR_NSA,HR,2022-Q4,-903.6,
ESTAT:TEINA205(1.0),1/3/2024 11:00,Q,B9,S13,MEUR_NSA,HR,2023-Q1,-264.6,p
ESTAT:TEINA205(1.0),1/3/2024 11:00,Q,B9,S13,MEUR_NSA,HR,2023-Q2,89.4,p
ESTAT:TEINA205(1.0),1/3/2024 11:00,Q,B9,S13,MEUR_NSA,HR,2023-Q3,1311.7,p
ESTAT:TEINA205(1.0),1/3/2024 11:00,Q,B9,S13,MEUR_NSA,HU,2020-Q4,-5947.9,
ESTAT:TEINA205(1.0),1/3/2024 11:00,Q,B9,S13,MEUR_NSA,HU,2021-Q1,-2393.7,
ESTAT:TEINA205(1.0),1/3/2024 11:00,Q,B9,S13,MEUR_NSA,HU,2021-Q2,-1852.1,
ESTAT:TEINA205(1.0),1/3/2024 11:00,Q,B9,S13,MEUR_NSA,HU,2021-Q3,-1908.3,
ESTAT:TEINA205(1.0),1/3/2024 11:00,Q,B9,S13,MEUR_NSA,HU,2021-Q4,-4812.8,
ESTAT:TEINA205(1.0),1/3/2024 11:00,Q,B9,S13,MEUR_NSA,HU,2022-Q1,-1118,
ESTAT:TEINA205(1.0),1/3/2024 11:00,Q,B9,S13,MEUR_NSA,HU,2022-Q2,-679.1,
ESTAT:TEINA205(1.0),1/3/2024 11:00,Q,B9,S13,MEUR_NSA,HU,2022-Q3,-2391.4,
ESTAT:TEINA205(1.0),1/3/2024 11:00,Q,B9,S13,MEUR_NSA,HU,2022-Q4,-6065.1,
ESTAT:TEINA205(1.0),1/3/2024 11:00,Q,B9,S13,MEUR_NSA,HU,2023-Q1,-4441.3,p
ESTAT:TEINA205(1.0),1/3/2024 11:00,Q,B9,S13,MEUR_NSA,HU,2023-Q2,-1529.7,p
ESTAT:TEINA205(1.0),1/3/2024 11:00,Q,B9,S13,MEUR_NSA,HU,2023-Q3,-1827.1,p
ESTAT:TEINA205(1.0),1/3/2024 11:00,Q,B9,S13,MEUR_NSA,IE,2020-Q4,-1930.5,
ESTAT:TEINA205(1.0),1/3/2024 11:00,Q,B9,S13,MEUR_NSA,IE,2021-Q1,-6222.9,
ESTAT:TEINA205(1.0),1/3/2024 11:00,Q,B9,S13,MEUR_NSA,IE,2021-Q2,-2464.5,
ESTAT:TEINA205(1.0),1/3/2024 11:00,Q,B9,S13,MEUR_NSA,IE,2021-Q3,-2587,
ESTAT:TEINA205(1.0),1/3/2024 11:00,Q,B9,S13,MEUR_NSA,IE,2021-Q4,4674.8,
ESTAT:TEINA205(1.0),1/3/2024 11:00,Q,B9,S13,MEUR_NSA,IE,2022-Q1,-361,
ESTAT:TEINA205(1.0),1/3/2024 11:00,Q,B9,S13,MEUR_NSA,IE,2022-Q2,1581.9,
ESTAT:TEINA205(1.0),1/3/2024 11:00,Q,B9,S13,MEUR_NSA,IE,2022-Q3,2011.6,
ESTAT:TEINA205(1.0),1/3/2024 11:00,Q,B9,S13,MEUR_NSA,IE,2022-Q4,5270.8,
ESTAT:TEINA205(1.0),1/3/2024 11:00,Q,B9,S13,MEUR_NSA,IE,2023-Q1,1605.3,p
ESTAT:TEINA205(1.0),1/3/2024 11:00,Q,B9,S13,MEUR_NSA,IE,2023-Q2,2351.2,p
ESTAT:TEINA205(1.0),1/3/2024 11:00,Q,B9,S13,MEUR_NSA,IE,2023-Q3,655.2,p
ESTAT:TEINA205(1.0),1/3/2024 11:00,Q,B9,S13,MEUR_NSA,IS,2020-Q4,-409.4,
ESTAT:TEINA205(1.0),1/3/2024 11:00,Q,B9,S13,MEUR_NSA,IS,2021-Q1,-375.2,
ESTAT:TEINA205(1.0),1/3/2024 11:00,Q,B9,S13,MEUR_NSA,IS,2021-Q2,-555.4,
ESTAT:TEINA205(1.0),1/3/2024 11:00,Q,B9,S13,MEUR_NSA,IS,2021-Q3,-401.1,
ESTAT:TEINA205(1.0),1/3/2024 11:00,Q,B9,S13,MEUR_NSA,IS,2021-Q4,-518.9,
ESTAT:TEINA205(1.0),1/3/2024 11:00,Q,B9,S13,MEUR_NSA,IS,2022-Q1,-24.8,
ESTAT:TEINA205(1.0),1/3/2024 11:00,Q,B9,S13,MEUR_NSA,IS,2022-Q2,-269.9,
ESTAT:TEINA205(1.0),1/3/2024 11:00,Q,B9,S13,MEUR_NSA,IS,2022-Q3,-361.1,
ESTAT:TEINA205(1.0),1/3/2024 11:00,Q,B9,S13,MEUR_NSA,IS,2022-Q4,-435,
ESTAT:TEINA205(1.0),1/3/2024 11:00,Q,B9,S13,MEUR_NSA,IS,2023-Q1,-114.1,p
ESTAT:TEINA205(1.0),1/3/2024 11:00,Q,B9,S13,MEUR_NSA,IS,2023-Q2,-253.8,p
ESTAT:TEINA205(1.0),1/3/2024 11:00,Q,B9,S13,MEUR_NSA,IS,2023-Q3,-223.1,p
ESTAT:TEINA205(1.0),1/3/2024 11:00,Q,B9,S13,MEUR_NSA,IT,2020-Q4,-26928.5,
ESTAT:TEINA205(1.0),1/3/2024 11:00,Q,B9,S13,MEUR_NSA,IT,2021-Q1,-60796.4,
ESTAT:TEINA205(1.0),1/3/2024 11:00,Q,B9,S13,MEUR_NSA,IT,2021-Q2,-41186.1,
ESTAT:TEINA205(1.0),1/3/2024 11:00,Q,B9,S13,MEUR_NSA,IT,2021-Q3,-34504.9,
ESTAT:TEINA205(1.0),1/3/2024 11:00,Q,B9,S13,MEUR_NSA,IT,2021-Q4,-23420.2,
ESTAT:TEINA205(1.0),1/3/2024 11:00,Q,B9,S13,MEUR_NSA,IT,2022-Q1,-51532.9,
ESTAT:TEINA205(1.0),1/3/2024 11:00,Q,B9,S13,MEUR_NSA,IT,2022-Q2,-27641.9,
ESTAT:TEINA205(1.0),1/3/2024 11:00,Q,B9,S13,MEUR_NSA,IT,2022-Q3,-45473.8,
ESTAT:TEINA205(1.0),1/3/2024 11:00,Q,B9,S13,MEUR_NSA,IT,2022-Q4,-31793.7,
ESTAT:TEINA205(1.0),1/3/2024 11:00,Q,B9,S13,MEUR_NSA,IT,2023-Q1,-55259.1,p
ESTAT:TEINA205(1.0),1/3/2024 11:00,Q,B9,S13,MEUR_NSA,IT,2023-Q2,-25662.9,p
ESTAT:TEINA205(1.0),1/3/2024 11:00,Q,B9,S13,MEUR_NSA,IT,2023-Q3,-25158.4,p
ESTAT:TEINA205(1.0),1/3/2024 11:00,Q,B9,S13,MEUR_NSA,LT,2020-Q4,-1714.9,
ESTAT:TEINA205(1.0),1/3/2024 11:00,Q,B9,S13,MEUR_NSA,LT,2021-Q1,-503.6,
ESTAT:TEINA205(1.0),1/3/2024 11:00,Q,B9,S13,MEUR_NSA,LT,2021-Q2,240.1,
ESTAT:TEINA205(1.0),1/3/2024 11:00,Q,B9,S13,MEUR_NSA,LT,2021-Q3,66.5,
ESTAT:TEINA205(1.0),1/3/2024 11:00,Q,B9,S13,MEUR_NSA,LT,2021-Q4,-451.1,
ESTAT:TEINA205(1.0),1/3/2024 11:00,Q,B9,S13,MEUR_NSA,LT,2022-Q1,90.7,
ESTAT:TEINA205(1.0),1/3/2024 11:00,Q,B9,S13,MEUR_NSA,LT,2022-Q2,755.5,
ESTAT:TEINA205(1.0),1/3/2024 11:00,Q,B9,S13,MEUR_NSA,LT,2022-Q3,100,
ESTAT:TEINA205(1.0),1/3/2024 11:00,Q,B9,S13,MEUR_NSA,LT,2022-Q4,-1386.1,
ESTAT:TEINA205(1.0),1/3/2024 11:00,Q,B9,S13,MEUR_NSA,LT,2023-Q1,-282.6,p
ESTAT:TEINA205(1.0),1/3/2024 11:00,Q,B9,S13,MEUR_NSA,LT,2023-Q2,699.5,p
ESTAT:TEINA205(1.0),1/3/2024 11:00,Q,B9,S13,MEUR_NSA,LT,2023-Q3,197.6,p
ESTAT:TEINA205(1.0),1/3/2024 11:00,Q,B9,S13,MEUR_NSA,LU,2020-Q4,-1049.5,
ESTAT:TEINA205(1.0),1/3/2024 11:00,Q,B9,S13,MEUR_NSA,LU,2021-Q1,384,
ESTAT:TEINA205(1.0),1/3/2024 11:00,Q,B9,S13,MEUR_NSA,LU,2021-Q2,395.5,
ESTAT:TEINA205(1.0),1/3/2024 11:00,Q,B9,S13,MEUR_NSA,LU,2021-Q3,-94.5,
ESTAT:TEINA205(1.0),1/3/2024 11:00,Q,B9,S13,MEUR_NSA,LU,2021-Q4,-266.7,
ESTAT:TEINA205(1.0),1/3/2024 11:00,Q,B9,S13,MEUR_NSA,LU,2022-Q1,396.8,
ESTAT:TEINA205(1.0),1/3/2024 11:00,Q,B9,S13,MEUR_NSA,LU,2022-Q2,526.5,
ESTAT:TEINA205(1.0),1/3/2024 11:00,Q,B9,S13,MEUR_NSA,LU,2022-Q3,-180,
ESTAT:TEINA205(1.0),1/3/2024 11:00,Q,B9,S13,MEUR_NSA,LU,2022-Q4,-967.3,
ESTAT:TEINA205(1.0),1/3/2024 11:00,Q,B9,S13,MEUR_NSA,LU,2023-Q1,184.9,p
ESTAT:TEINA205(1.0),1/3/2024 11:00,Q,B9,S13,MEUR_NSA,LU,2023-Q2,427,p
ESTAT:TEINA205(1.0),1/3/2024 11:00,Q,B9,S13,MEUR_NSA,LU,2023-Q3,48.1,p
ESTAT:TEINA205(1.0),1/3/2024 11:00,Q,B9,S13,MEUR_NSA,LV,2020-Q4,-730.6,
ESTAT:TEINA205(1.0),1/3/2024 11:00,Q,B9,S13,MEUR_NSA,LV,2021-Q1,-675,
ESTAT:TEINA205(1.0),1/3/2024 11:00,Q,B9,S13,MEUR_NSA,LV,2021-Q2,-430.3,
ESTAT:TEINA205(1.0),1/3/2024 11:00,Q,B9,S13,MEUR_NSA,LV,2021-Q3,-57.2,
ESTAT:TEINA205(1.0),1/3/2024 11:00,Q,B9,S13,MEUR_NSA,LV,2021-Q4,-1232.2,
ESTAT:TEINA205(1.0),1/3/2024 11:00,Q,B9,S13,MEUR_NSA,LV,2022-Q1,-160.6,
ESTAT:TEINA205(1.0),1/3/2024 11:00,Q,B9,S13,MEUR_NSA,LV,2022-Q2,-179.8,
ESTAT:TEINA205(1.0),1/3/2024 11:00,Q,B9,S13,MEUR_NSA,LV,2022-Q3,-42.5,
ESTAT:TEINA205(1.0),1/3/2024 11:00,Q,B9,S13,MEUR_NSA,LV,2022-Q4,-1406.4,
ESTAT:TEINA205(1.0),1/3/2024 11:00,Q,B9,S13,MEUR_NSA,LV,2023-Q1,-106,
ESTAT:TEINA205(1.0),1/3/2024 11:00,Q,B9,S13,MEUR_NSA,LV,2023-Q2,334.2,
ESTAT:TEINA205(1.0),1/3/2024 11:00,Q,B9,S13,MEUR_NSA,LV,2023-Q3,-148.3,
ESTAT:TEINA205(1.0),1/3/2024 11:00,Q,B9,S13,MEUR_NSA,MT,2020-Q4,-261.9,
ESTAT:TEINA205(1.0),1/3/2024 11:00,Q,B9,S13,MEUR_NSA,MT,2021-Q1,-363.2,
ESTAT:TEINA205(1.0),1/3/2024 11:00,Q,B9,S13,MEUR_NSA,MT,2021-Q2,-256.8,
ESTAT:TEINA205(1.0),1/3/2024 11:00,Q,B9,S13,MEUR_NSA,MT,2021-Q3,-252.2,
ESTAT:TEINA205(1.0),1/3/2024 11:00,Q,B9,S13,MEUR_NSA,MT,2021-Q4,-268.6,
ESTAT:TEINA205(1.0),1/3/2024 11:00,Q,B9,S13,MEUR_NSA,MT,2022-Q1,-360.8,
ESTAT:TEINA205(1.0),1/3/2024 11:00,Q,B9,S13,MEUR_NSA,MT,2022-Q2,-87.8,
ESTAT:TEINA205(1.0),1/3/2024 11:00,Q,B9,S13,MEUR_NSA,MT,2022-Q3,-184.5,
ESTAT:TEINA205(1.0),1/3/2024 11:00,Q,B9,S13,MEUR_NSA,MT,2022-Q4,-349,
ESTAT:TEINA205(1.0),1/3/2024 11:00,Q,B9,S13,MEUR_NSA,MT,2023-Q1,-237.5,p
ESTAT:TEINA205(1.0),1/3/2024 11:00,Q,B9,S13,MEUR_NSA,MT,2023-Q2,-13.9,p
ESTAT:TEINA205(1.0),1/3/2024 11:00,Q,B9,S13,MEUR_NSA,MT,2023-Q3,-44.5,p
ESTAT:TEINA205(1.0),1/3/2024 11:00,Q,B9,S13,MEUR_NSA,NL,2020-Q4,-10323,
ESTAT:TEINA205(1.0),1/3/2024 11:00,Q,B9,S13,MEUR_NSA,NL,2021-Q1,-654,
ESTAT:TEINA205(1.0),1/3/2024 11:00,Q,B9,S13,MEUR_NSA,NL,2021-Q2,-8815,
ESTAT:TEINA205(1.0),1/3/2024 11:00,Q,B9,S13,MEUR_NSA,NL,2021-Q3,-6353,
ESTAT:TEINA205(1.0),1/3/2024 11:00,Q,B9,S13,MEUR_NSA,NL,2021-Q4,-3644,
ESTAT:TEINA205(1.0),1/3/2024 11:00,Q,B9,S13,MEUR_NSA,NL,2022-Q1,5967,p
ESTAT:TEINA205(1.0),1/3/2024 11:00,Q,B9,S13,MEUR_NSA,NL,2022-Q2,2104,p
ESTAT:TEINA205(1.0),1/3/2024 11:00,Q,B9,S13,MEUR_NSA,NL,2022-Q3,-7385,p
ESTAT:TEINA205(1.0),1/3/2024 11:00,Q,B9,S13,MEUR_NSA,NL,2022-Q4,-1584,p
ESTAT:TEINA205(1.0),1/3/2024 11:00,Q,B9,S13,MEUR_NSA,NL,2023-Q1,6103,p
ESTAT:TEINA205(1.0),1/3/2024 11:00,Q,B9,S13,MEUR_NSA,NL,2023-Q2,1190,p
ESTAT:TEINA205(1.0),1/3/2024 11:00,Q,B9,S13,MEUR_NSA,NL,2023-Q3,-4659,p
ESTAT:TEINA205(1.0),1/3/2024 11:00,Q,B9,S13,MEUR_NSA,NO,2020-Q4,-5579.6,
ESTAT:TEINA205(1.0),1/3/2024 11:00,Q,B9,S13,MEUR_NSA,NO,2021-Q1,5786.5,
ESTAT:TEINA205(1.0),1/3/2024 11:00,Q,B9,S13,MEUR_NSA,NO,2021-Q2,5312.1,
ESTAT:TEINA205(1.0),1/3/2024 11:00,Q,B9,S13,MEUR_NSA,NO,2021-Q3,10332.4,
ESTAT:TEINA205(1.0),1/3/2024 11:00,Q,B9,S13,MEUR_NSA,NO,2021-Q4,22562.6,
ESTAT:TEINA205(1.0),1/3/2024 11:00,Q,B9,S13,MEUR_NSA,NO,2022-Q1,31939.5,
ESTAT:TEINA205(1.0),1/3/2024 11:00,Q,B9,S13,MEUR_NSA,NO,2022-Q2,34598.3,
ESTAT:TEINA205(1.0),1/3/2024 11:00,Q,B9,S13,MEUR_NSA,NO,2022-Q3,48889.6,
ESTAT:TEINA205(1.0),1/3/2024 11:00,Q,B9,S13,MEUR_NSA,NO,2022-Q4,29182.2,
ESTAT:TEINA205(1.0),1/3/2024 11:00,Q,B9,S13,MEUR_NSA,NO,2023-Q1,27288.2,p
ESTAT:TEINA205(1.0),1/3/2024 11:00,Q,B9,S13,MEUR_NSA,NO,2023-Q2,20563.8,p
ESTAT:TEINA205(1.0),1/3/2024 11:00,Q,B9,S13,MEUR_NSA,NO,2023-Q3,11346.6,p
ESTAT:TEINA205(1.0),1/3/2024 11:00,Q,B9,S13,MEUR_NSA,PL,2020-Q4,-9447.3,
ESTAT:TEINA205(1.0),1/3/2024 11:00,Q,B9,S13,MEUR_NSA,PL,2021-Q1,-1309.6,
ESTAT:TEINA205(1.0),1/3/2024 11:00,Q,B9,S13,MEUR_NSA,PL,2021-Q2,-1201.8,
ESTAT:TEINA205(1.0),1/3/2024 11:00,Q,B9,S13,MEUR_NSA,PL,2021-Q3,736.1,
ESTAT:TEINA205(1.0),1/3/2024 11:00,Q,B9,S13,MEUR_NSA,PL,2021-Q4,-8697.7,
ESTAT:TEINA205(1.0),1/3/2024 11:00,Q,B9,S13,MEUR_NSA,PL,2022-Q1,595.1,
ESTAT:TEINA205(1.0),1/3/2024 11:00,Q,B9,S13,MEUR_NSA,PL,2022-Q2,-1152.1,
ESTAT:TEINA205(1.0),1/3/2024 11:00,Q,B9,S13,MEUR_NSA,PL,2022-Q3,-4228.8,
ESTAT:TEINA205(1.0),1/3/2024 11:00,Q,B9,S13,MEUR_NSA,PL,2022-Q4,-19073.7,
ESTAT:TEINA205(1.0),1/3/2024 11:00,Q,B9,S13,MEUR_NSA,PL,2023-Q1,-2113.6,p
ESTAT:TEINA205(1.0),1/3/2024 11:00,Q,B9,S13,MEUR_NSA,PL,2023-Q2,-7170.6,p
ESTAT:TEINA205(1.0),1/3/2024 11:00,Q,B9,S13,MEUR_NSA,PL,2023-Q3,-10877.7,p
ESTAT:TEINA205(1.0),1/3/2024 11:00,Q,B9,S13,MEUR_NSA,PT,2020-Q4,-4259,
ESTAT:TEINA205(1.0),1/3/2024 11:00,Q,B9,S13,MEUR_NSA,PT,2021-Q1,-2805.7,
ESTAT:TEINA205(1.0),1/3/2024 11:00,Q,B9,S13,MEUR_NSA,PT,2021-Q2,-3029.5,
ESTAT:TEINA205(1.0),1/3/2024 11:00,Q,B9,S13,MEUR_NSA,PT,2021-Q3,1801.4,
ESTAT:TEINA205(1.0),1/3/2024 11:00,Q,B9,S13,MEUR_NSA,PT,2021-Q4,-2181.5,
ESTAT:TEINA205(1.0),1/3/2024 11:00,Q,B9,S13,MEUR_NSA,PT,2022-Q1,-362.4,
ESTAT:TEINA205(1.0),1/3/2024 11:00,Q,B9,S13,MEUR_NSA,PT,2022-Q2,875.6,
ESTAT:TEINA205(1.0),1/3/2024 11:00,Q,B9,S13,MEUR_NSA,PT,2022-Q3,4105.4,
ESTAT:TEINA205(1.0),1/3/2024 11:00,Q,B9,S13,MEUR_NSA,PT,2022-Q4,-5397.8,
ESTAT:TEINA205(1.0),1/3/2024 11:00,Q,B9,S13,MEUR_NSA,PT,2023-Q1,721.8,p
ESTAT:TEINA205(1.0),1/3/2024 11:00,Q,B9,S13,MEUR_NSA,PT,2023-Q2,636.6,p
ESTAT:TEINA205(1.0),1/3/2024 11:00,Q,B9,S13,MEUR_NSA,PT,2023-Q3,5235.9,p
ESTAT:TEINA205(1.0),1/3/2024 11:00,Q,B9,S13,MEUR_NSA,RO,2020-Q4,-7698.4,
ESTAT:TEINA205(1.0),1/3/2024 11:00,Q,B9,S13,MEUR_NSA,RO,2021-Q1,-4406.6,
ESTAT:TEINA205(1.0),1/3/2024 11:00,Q,B9,S13,MEUR_NSA,RO,2021-Q2,-3624,
ESTAT:TEINA205(1.0),1/3/2024 11:00,Q,B9,S13,MEUR_NSA,RO,2021-Q3,-2434.4,
ESTAT:TEINA205(1.0),1/3/2024 11:00,Q,B9,S13,MEUR_NSA,RO,2021-Q4,-6822.9,
ESTAT:TEINA205(1.0),1/3/2024 11:00,Q,B9,S13,MEUR_NSA,RO,2022-Q1,-4916.4,
ESTAT:TEINA205(1.0),1/3/2024 11:00,Q,B9,S13,MEUR_NSA,RO,2022-Q2,-1536.8,
ESTAT:TEINA205(1.0),1/3/2024 11:00,Q,B9,S13,MEUR_NSA,RO,2022-Q3,-4226.8,
ESTAT:TEINA205(1.0),1/3/2024 11:00,Q,B9,S13,MEUR_NSA,RO,2022-Q4,-7220.4,
ESTAT:TEINA205(1.0),1/3/2024 11:00,Q,B9,S13,MEUR_NSA,RO,2023-Q1,-5374.7,p
ESTAT:TEINA205(1.0),1/3/2024 11:00,Q,B9,S13,MEUR_NSA,RO,2023-Q2,-3656.4,p
ESTAT:TEINA205(1.0),1/3/2024 11:00,Q,B9,S13,MEUR_NSA,RO,2023-Q3,-3625.7,p
ESTAT:TEINA205(1.0),1/3/2024 11:00,Q,B9,S13,MEUR_NSA,SE,2020-Q4,-6400.5,
ESTAT:TEINA205(1.0),1/3/2024 11:00,Q,B9,S13,MEUR_NSA,SE,2021-Q1,-1500,
ESTAT:TEINA205(1.0),1/3/2024 11:00,Q,B9,S13,MEUR_NSA,SE,2021-Q2,2778.6,
ESTAT:TEINA205(1.0),1/3/2024 11:00,Q,B9,S13,MEUR_NSA,SE,2021-Q3,895.8,
ESTAT:TEINA205(1.0),1/3/2024 11:00,Q,B9,S13,MEUR_NSA,SE,2021-Q4,-2106.3,
ESTAT:TEINA205(1.0),1/3/2024 11:00,Q,B9,S13,MEUR_NSA,SE,2022-Q1,463.5,
ESTAT:TEINA205(1.0),1/3/2024 11:00,Q,B9,S13,MEUR_NSA,SE,2022-Q2,8449.3,
ESTAT:TEINA205(1.0),1/3/2024 11:00,Q,B9,S13,MEUR_NSA,SE,2022-Q3,990.5,
ESTAT:TEINA205(1.0),1/3/2024 11:00,Q,B9,S13,MEUR_NSA,SE,2022-Q4,-2611.1,
ESTAT:TEINA205(1.0),1/3/2024 11:00,Q,B9,S13,MEUR_NSA,SE,2023-Q1,-1624.7,p
ESTAT:TEINA205(1.0),1/3/2024 11:00,Q,B9,S13,MEUR_NSA,SE,2023-Q2,2896.7,p
ESTAT:TEINA205(1.0),1/3/2024 11:00,Q,B9,S13,MEUR_NSA,SE,2023-Q3,-504.2,p
ESTAT:TEINA205(1.0),1/3/2024 11:00,Q,B9,S13,MEUR_NSA,SI,2020-Q4,-1177.9,
ESTAT:TEINA205(1.0),1/3/2024 11:00,Q,B9,S13,MEUR_NSA,SI,2021-Q1,-818.5,
ESTAT:TEINA205(1.0),1/3/2024 11:00,Q,B9,S13,MEUR_NSA,SI,2021-Q2,-767,
ESTAT:TEINA205(1.0),1/3/2024 11:00,Q,B9,S13,MEUR_NSA,SI,2021-Q3,-244.6,
ESTAT:TEINA205(1.0),1/3/2024 11:00,Q,B9,S13,MEUR_NSA,SI,2021-Q4,-583.6,
ESTAT:TEINA205(1.0),1/3/2024 11:00,Q,B9,S13,MEUR_NSA,SI,2022-Q1,-383.9,
ESTAT:TEINA205(1.0),1/3/2024 11:00,Q,B9,S13,MEUR_NSA,SI,2022-Q2,-573.4,
ESTAT:TEINA205(1.0),1/3/2024 11:00,Q,B9,S13,MEUR_NSA,SI,2022-Q3,-147.4,
ESTAT:TEINA205(1.0),1/3/2024 11:00,Q,B9,S13,MEUR_NSA,SI,2022-Q4,-612.6,
ESTAT:TEINA205(1.0),1/3/2024 11:00,Q,B9,S13,MEUR_NSA,SI,2023-Q1,-553.8,p
ESTAT:TEINA205(1.0),1/3/2024 11:00,Q,B9,S13,MEUR_NSA,SI,2023-Q2,-598.1,p
ESTAT:TEINA205(1.0),1/3/2024 11:00,Q,B9,S13,MEUR_NSA,SI,2023-Q3,-382.2,p
ESTAT:TEINA205(1.0),1/3/2024 11:00,Q,B9,S13,MEUR_NSA,SK,2020-Q4,-2186.8,
ESTAT:TEINA205(1.0),1/3/2024 11:00,Q,B9,S13,MEUR_NSA,SK,2021-Q1,-1233.2,
ESTAT:TEINA205(1.0),1/3/2024 11:00,Q,B9,S13,MEUR_NSA,SK,2021-Q2,-1228.3,
ESTAT:TEINA205(1.0),1/3/2024 11:00,Q,B9,S13,MEUR_NSA,SK,2021-Q3,-509.7,
ESTAT:TEINA205(1.0),1/3/2024 11:00,Q,B9,S13,MEUR_NSA,SK,2021-Q4,-2223.4,
ESTAT:TEINA205(1.0),1/3/2024 11:00,Q,B9,S13,MEUR_NSA,SK,2022-Q1,-339.9,
ESTAT:TEINA205(1.0),1/3/2024 11:00,Q,B9,S13,MEUR_NSA,SK,2022-Q2,-256.2,
ESTAT:TEINA205(1.0),1/3/2024 11:00,Q,B9,S13,MEUR_NSA,SK,2022-Q3,-30.6,
ESTAT:TEINA205(1.0),1/3/2024 11:00,Q,B9,S13,MEUR_NSA,SK,2022-Q4,-1588.8,
ESTAT:TEINA205(1.0),1/3/2024 11:00,Q,B9,S13,MEUR_NSA,SK,2023-Q1,-1030,p
ESTAT:TEINA205(1.0),1/3/2024 11:00,Q,B9,S13,MEUR_NSA,SK,2023-Q2,-1244.6,p
ESTAT:TEINA205(1.0),1/3/2024 11:00,Q,B9,S13,MEUR_NSA,SK,2023-Q3,-1740.9,p
ESTAT:TEINA205(1.0),1/3/2024 11:00,Q,B9,S13,PC_GDP_NSA,AT,2020-Q4,-12.2,
ESTAT:TEINA205(1.0),1/3/2024 11:00,Q,B9,S13,PC_GDP_NSA,AT,2021-Q1,-14.1,
ESTAT:TEINA205(1.0),1/3/2024 11:00,Q,B9,S13,PC_GDP_NSA,AT,2021-Q2,-7,
ESTAT:TEINA205(1.0),1/3/2024 11:00,Q,B9,S13,PC_GDP_NSA,AT,2021-Q3,-0.4,
ESTAT:TEINA205(1.0),1/3/2024 11:00,Q,B9,S13,PC_GDP_NSA,AT,2021-Q4,-2.7,
ESTAT:TEINA205(1.0),1/3/2024 11:00,Q,B9,S13,PC_GDP_NSA,AT,2022-Q1,-6,
ESTAT:TEINA205(1.0),1/3/2024 11:00,Q,B9,S13,PC_GDP_NSA,AT,2022-Q2,0,
ESTAT:TEINA205(1.0),1/3/2024 11:00,Q,B9,S13,PC_GDP_NSA,AT,2022-Q3,-3.5,
ESTAT:TEINA205(1.0),1/3/2024 11:00,Q,B9,S13,PC_GDP_NSA,AT,2022-Q4,-4.8,
ESTAT:TEINA205(1.0),1/3/2024 11:00,Q,B9,S13,PC_GDP_NSA,AT,2023-Q1,-4.6,p
ESTAT:TEINA205(1.0),1/3/2024 11:00,Q,B9,S13,PC_GDP_NSA,AT,2023-Q2,-1.7,p
ESTAT:TEINA205(1.0),1/3/2024 11:00,Q,B9,S13,PC_GDP_NSA,AT,2023-Q3,-2.7,p
ESTAT:TEINA205(1.0),1/3/2024 11:00,Q,B9,S13,PC_GDP_NSA,BE,2020-Q4,-4.7,
ESTAT:TEINA205(1.0),1/3/2024 11:00,Q,B9,S13,PC_GDP_NSA,BE,2021-Q1,-10.6,
ESTAT:TEINA205(1.0),1/3/2024 11:00,Q,B9,S13,PC_GDP_NSA,BE,2021-Q2,-2.2,
ESTAT:TEINA205(1.0),1/3/2024 11:00,Q,B9,S13,PC_GDP_NSA,BE,2021-Q3,-9.8,
ESTAT:TEINA205(1.0),1/3/2024 11:00,Q,B9,S13,PC_GDP_NSA,BE,2021-Q4,0.2,
ESTAT:TEINA205(1.0),1/3/2024 11:00,Q,B9,S13,PC_GDP_NSA,BE,2022-Q1,-6.9,p
ESTAT:TEINA205(1.0),1/3/2024 11:00,Q,B9,S13,PC_GDP_NSA,BE,2022-Q2,0.3,p
ESTAT:TEINA205(1.0),1/3/2024 11:00,Q,B9,S13,PC_GDP_NSA,BE,2022-Q3,-7.8,p
ESTAT:TEINA205(1.0),1/3/2024 11:00,Q,B9,S13,PC_GDP_NSA,BE,2022-Q4,-0.3,p
ESTAT:TEINA205(1.0),1/3/2024 11:00,Q,B9,S13,PC_GDP_NSA,BE,2023-Q1,-8.2,p
ESTAT:TEINA205(1.0),1/3/2024 11:00,Q,B9,S13,PC_GDP_NSA,BE,2023-Q2,0,p
ESTAT:TEINA205(1.0),1/3/2024 11:00,Q,B9,S13,PC_GDP_NSA,BE,2023-Q3,-8.1,p
ESTAT:TEINA205(1.0),1/3/2024 11:00,Q,B9,S13,PC_GDP_NSA,BG,2020-Q4,-15,
ESTAT:TEINA205(1.0),1/3/2024 11:00,Q,B9,S13,PC_GDP_NSA,BG,2021-Q1,0,
ESTAT:TEINA205(1.0),1/3/2024 11:00,Q,B9,S13,PC_GDP_NSA,BG,2021-Q2,0.5,
ESTAT:TEINA205(1.0),1/3/2024 11:00,Q,B9,S13,PC_GDP_NSA,BG,2021-Q3,3.5,
ESTAT:TEINA205(1.0),1/3/2024 11:00,Q,B9,S13,PC_GDP_NSA,BG,2021-Q4,-17.5,
ESTAT:TEINA205(1.0),1/3/2024 11:00,Q,B9,S13,PC_GDP_NSA,BG,2022-Q1,-1.8,p
ESTAT:TEINA205(1.0),1/3/2024 11:00,Q,B9,S13,PC_GDP_NSA,BG,2022-Q2,-1.5,p
ESTAT:TEINA205(1.0),1/3/2024 11:00,Q,B9,S13,PC_GDP_NSA,BG,2022-Q3,-1.6,p
ESTAT:TEINA205(1.0),1/3/2024 11:00,Q,B9,S13,PC_GDP_NSA,BG,2022-Q4,-6,p
ESTAT:TEINA205(1.0),1/3/2024 11:00,Q,B9,S13,PC_GDP_NSA,BG,2023-Q1,-1.8,p
ESTAT:TEINA205(1.0),1/3/2024 11:00,Q,B9,S13,PC_GDP_NSA,BG,2023-Q2,-1.9,p
ESTAT:TEINA205(1.0),1/3/2024 11:00,Q,B9,S13,PC_GDP_NSA,BG,2023-Q3,-1.9,p
ESTAT:TEINA205(1.0),1/3/2024 11:00,Q,B9,S13,PC_GDP_NSA,CH,2020-Q4,-2.8,
ESTAT:TEINA205(1.0),1/3/2024 11:00,Q,B9,S13,PC_GDP_NSA,CH,2021-Q1,-1.8,
ESTAT:TEINA205(1.0),1/3/2024 11:00,Q,B9,S13,PC_GDP_NSA,CH,2021-Q2,-0.5,
ESTAT:TEINA205(1.0),1/3/2024 11:00,Q,B9,S13,PC_GDP_NSA,CH,2021-Q3,0.3,
ESTAT:TEINA205(1.0),1/3/2024 11:00,Q,B9,S13,PC_GDP_NSA,CH,2021-Q4,0.7,
ESTAT:TEINA205(1.0),1/3/2024 11:00,Q,B9,S13,PC_GDP_NSA,CH,2022-Q1,1,
ESTAT:TEINA205(1.0),1/3/2024 11:00,Q,B9,S13,PC_GDP_NSA,CH,2022-Q2,1.2,
ESTAT:TEINA205(1.0),1/3/2024 11:00,Q,B9,S13,PC_GDP_NSA,CH,2022-Q3,1.3,
ESTAT:TEINA205(1.0),1/3/2024 11:00,Q,B9,S13,PC_GDP_NSA,CH,2022-Q4,1.3,
ESTAT:TEINA205(1.0),1/3/2024 11:00,Q,B9,S13,PC_GDP_NSA,CH,2023-Q1,1.4,p
ESTAT:TEINA205(1.0),1/3/2024 11:00,Q,B9,S13,PC_GDP_NSA,CH,2023-Q2,1.4,p
ESTAT:TEINA205(1.0),1/3/2024 11:00,Q,B9,S13,PC_GDP_NSA,CH,2023-Q3,1.4,p
ESTAT:TEINA205(1.0),1/3/2024 11:00,Q,B9,S13,PC_GDP_NSA,CY,2020-Q4,-13.3,
ESTAT:TEINA205(1.0),1/3/2024 11:00,Q,B9,S13,PC_GDP_NSA,CY,2021-Q1,-2,
ESTAT:TEINA205(1.0),1/3/2024 11:00,Q,B9,S13,PC_GDP_NSA,CY,2021-Q2,-9.9,
ESTAT:TEINA205(1.0),1/3/2024 11:00,Q,B9,S13,PC_GDP_NSA,CY,2021-Q3,5.1,
ESTAT:TEINA205(1.0),1/3/2024 11:00,Q,B9,S13,PC_GDP_NSA,CY,2021-Q4,-1.2,
ESTAT:TEINA205(1.0),1/3/2024 11:00,Q,B9,S13,PC_GDP_NSA,CY,2022-Q1,4,
ESTAT:TEINA205(1.0),1/3/2024 11:00,Q,B9,S13,PC_GDP_NSA,CY,2022-Q2,-4.5,
ESTAT:TEINA205(1.0),1/3/2024 11:00,Q,B9,S13,PC_GDP_NSA,CY,2022-Q3,10.5,
ESTAT:TEINA205(1.0),1/3/2024 11:00,Q,B9,S13,PC_GDP_NSA,CY,2022-Q4,-0.7,
ESTAT:TEINA205(1.0),1/3/2024 11:00,Q,B9,S13,PC_GDP_NSA,CY,2023-Q1,6.4,p
ESTAT:TEINA205(1.0),1/3/2024 11:00,Q,B9,S13,PC_GDP_NSA,CY,2023-Q2,-2.6,p
ESTAT:TEINA205(1.0),1/3/2024 11:00,Q,B9,S13,PC_GDP_NSA,CY,2023-Q3,9.3,p
ESTAT:TEINA205(1.0),1/3/2024 11:00,Q,B9,S13,PC_GDP_NSA,CZ,2020-Q4,-9,
ESTAT:TEINA205(1.0),1/3/2024 11:00,Q,B9,S13,PC_GDP_NSA,CZ,2021-Q1,-9.5,
ESTAT:TEINA205(1.0),1/3/2024 11:00,Q,B9,S13,PC_GDP_NSA,CZ,2021-Q2,-2.6,
ESTAT:TEINA205(1.0),1/3/2024 11:00,Q,B9,S13,PC_GDP_NSA,CZ,2021-Q3,-2.7,
ESTAT:TEINA205(1.0),1/3/2024 11:00,Q,B9,S13,PC_GDP_NSA,CZ,2021-Q4,-6,
ESTAT:TEINA205(1.0),1/3/2024 11:00,Q,B9,S13,PC_GDP_NSA,CZ,2022-Q1,-4.1,
ESTAT:TEINA205(1.0),1/3/2024 11:00,Q,B9,S13,PC_GDP_NSA,CZ,2022-Q2,0.1,
ESTAT:TEINA205(1.0),1/3/2024 11:00,Q,B9,S13,PC_GDP_NSA,CZ,2022-Q3,-3.2,
ESTAT:TEINA205(1.0),1/3/2024 11:00,Q,B9,S13,PC_GDP_NSA,CZ,2022-Q4,-5.6,
ESTAT:TEINA205(1.0),1/3/2024 11:00,Q,B9,S13,PC_GDP_NSA,CZ,2023-Q1,-6.1,p
ESTAT:TEINA205(1.0),1/3/2024 11:00,Q,B9,S13,PC_GDP_NSA,CZ,2023-Q2,1.4,p
ESTAT:TEINA205(1.0),1/3/2024 11:00,Q,B9,S13,PC_GDP_NSA,CZ,2023-Q3,-2.1,p
ESTAT:TEINA205(1.0),1/3/2024 11:00,Q,B9,S13,PC_GDP_NSA,DE,2020-Q4,-5.4,p
ESTAT:TEINA205(1.0),1/3/2024 11:00,Q,B9,S13,PC_GDP_NSA,DE,2021-Q1,-4.5,p
ESTAT:TEINA205(1.0),1/3/2024 11:00,Q,B9,S13,PC_GDP_NSA,DE,2021-Q2,-4.2,p
ESTAT:TEINA205(1.0),1/3/2024 11:00,Q,B9,S13,PC_GDP_NSA,DE,2021-Q3,-2.5,p
ESTAT:TEINA205(1.0),1/3/2024 11:00,Q,B9,S13,PC_GDP_NSA,DE,2021-Q4,-3.3,p
ESTAT:TEINA205(1.0),1/3/2024 11:00,Q,B9,S13,PC_GDP_NSA,DE,2022-Q1,-0.6,p
ESTAT:TEINA205(1.0),1/3/2024 11:00,Q,B9,S13,PC_GDP_NSA,DE,2022-Q2,0.1,p
ESTAT:TEINA205(1.0),1/3/2024 11:00,Q,B9,S13,PC_GDP_NSA,DE,2022-Q3,-3.3,p
ESTAT:TEINA205(1.0),1/3/2024 11:00,Q,B9,S13,PC_GDP_NSA,DE,2022-Q4,-5.9,p
ESTAT:TEINA205(1.0),1/3/2024 11:00,Q,B9,S13,PC_GDP_NSA,DE,2023-Q1,-2.6,p
ESTAT:TEINA205(1.0),1/3/2024 11:00,Q,B9,S13,PC_GDP_NSA,DE,2023-Q2,-0.7,p
ESTAT:TEINA205(1.0),1/3/2024 11:00,Q,B9,S13,PC_GDP_NSA,DE,2023-Q3,-1.7,p
ESTAT:TEINA205(1.0),1/3/2024 11:00,Q,B9,S13,PC_GDP_NSA,DK,2020-Q4,0.1,
ESTAT:TEINA205(1.0),1/3/2024 11:00,Q,B9,S13,PC_GDP_NSA,DK,2021-Q1,4.2,
ESTAT:TEINA205(1.0),1/3/2024 11:00,Q,B9,S13,PC_GDP_NSA,DK,2021-Q2,5,
ESTAT:TEINA205(1.0),1/3/2024 11:00,Q,B9,S13,PC_GDP_NSA,DK,2021-Q3,4.9,
ESTAT:TEINA205(1.0),1/3/2024 11:00,Q,B9,S13,PC_GDP_NSA,DK,2021-Q4,2.3,
ESTAT:TEINA205(1.0),1/3/2024 11:00,Q,B9,S13,PC_GDP_NSA,DK,2022-Q1,3.2,
ESTAT:TEINA205(1.0),1/3/2024 11:00,Q,B9,S13,PC_GDP_NSA,DK,2022-Q2,4.2,
ESTAT:TEINA205(1.0),1/3/2024 11:00,Q,B9,S13,PC_GDP_NSA,DK,2022-Q3,3.4,
ESTAT:TEINA205(1.0),1/3/2024 11:00,Q,B9,S13,PC_GDP_NSA,DK,2022-Q4,2.7,
ESTAT:TEINA205(1.0),1/3/2024 11:00,Q,B9,S13,PC_GDP_NSA,DK,2023-Q1,3.7,p
ESTAT:TEINA205(1.0),1/3/2024 11:00,Q,B9,S13,PC_GDP_NSA,DK,2023-Q2,3.5,p
ESTAT:TEINA205(1.0),1/3/2024 11:00,Q,B9,S13,PC_GDP_NSA,DK,2023-Q3,3.2,p
ESTAT:TEINA205(1.0),1/3/2024 11:00,Q,B9,S13,PC_GDP_NSA,EA19,2020-Q4,-6.3,
ESTAT:TEINA205(1.0),1/3/2024 11:00,Q,B9,S13,PC_GDP_NSA,EA19,2021-Q1,-8.5,
ESTAT:TEINA205(1.0),1/3/2024 11:00,Q,B9,S13,PC_GDP_NSA,EA19,2021-Q2,-6.4,
ESTAT:TEINA205(1.0),1/3/2024 11:00,Q,B9,S13,PC_GDP_NSA,EA19,2021-Q3,-3.7,
ESTAT:TEINA205(1.0),1/3/2024 11:00,Q,B9,S13,PC_GDP_NSA,EA19,2021-Q4,-2.7,
ESTAT:TEINA205(1.0),1/3/2024 11:00,Q,B9,S13,PC_GDP_NSA,EA19,2022-Q1,-4,
ESTAT:TEINA205(1.0),1/3/2024 11:00,Q,B9,S13,PC_GDP_NSA,EA19,2022-Q2,-2.2,
ESTAT:TEINA205(1.0),1/3/2024 11:00,Q,B9,S13,PC_GDP_NSA,EA19,2022-Q3,-3.9,
ESTAT:TEINA205(1.0),1/3/2024 11:00,Q,B9,S13,PC_GDP_NSA,EA19,2022-Q4,-4.3,
ESTAT:TEINA205(1.0),1/3/2024 11:00,Q,B9,S13,PC_GDP_NSA,EA19,2023-Q1,-4.3,
ESTAT:TEINA205(1.0),1/3/2024 11:00,Q,B9,S13,PC_GDP_NSA,EA19,2023-Q2,-2.8,
ESTAT:TEINA205(1.0),1/3/2024 11:00,Q,B9,S13,PC_GDP_NSA,EA19,2023-Q3,-2.6,
ESTAT:TEINA205(1.0),1/3/2024 11:00,Q,B9,S13,PC_GDP_NSA,EA20,2020-Q4,-6.3,
ESTAT:TEINA205(1.0),1/3/2024 11:00,Q,B9,S13,PC_GDP_NSA,EA20,2021-Q1,-8.5,
ESTAT:TEINA205(1.0),1/3/2024 11:00,Q,B9,S13,PC_GDP_NSA,EA20,2021-Q2,-6.4,
ESTAT:TEINA205(1.0),1/3/2024 11:00,Q,B9,S13,PC_GDP_NSA,EA20,2021-Q3,-3.7,
ESTAT:TEINA205(1.0),1/3/2024 11:00,Q,B9,S13,PC_GDP_NSA,EA20,2021-Q4,-2.7,
ESTAT:TEINA205(1.0),1/3/2024 11:00,Q,B9,S13,PC_GDP_NSA,EA20,2022-Q1,-4,
ESTAT:TEINA205(1.0),1/3/2024 11:00,Q,B9,S13,PC_GDP_NSA,EA20,2022-Q2,-2.2,
ESTAT:TEINA205(1.0),1/3/2024 11:00,Q,B9,S13,PC_GDP_NSA,EA20,2022-Q3,-3.8,
ESTAT:TEINA205(1.0),1/3/2024 11:00,Q,B9,S13,PC_GDP_NSA,EA20,2022-Q4,-4.4,
ESTAT:TEINA205(1.0),1/3/2024 11:00,Q,B9,S13,PC_GDP_NSA,EA20,2023-Q1,-4.2,
ESTAT:TEINA205(1.0),1/3/2024 11:00,Q,B9,S13,PC_GDP_NSA,EA20,2023-Q2,-2.7,
ESTAT:TEINA205(1.0),1/3/2024 11:00,Q,B9,S13,PC_GDP_NSA,EA20,2023-Q3,-2.5,
ESTAT:TEINA205(1.0),1/3/2024 11:00,Q,B9,S13,PC_GDP_NSA,EE,2020-Q4,-5.8,
ESTAT:TEINA205(1.0),1/3/2024 11:00,Q,B9,S13,PC_GDP_NSA,EE,2021-Q1,-6.2,
ESTAT:TEINA205(1.0),1/3/2024 11:00,Q,B9,S13,PC_GDP_NSA,EE,2021-Q2,-3.1,
ESTAT:TEINA205(1.0),1/3/2024 11:00,Q,B9,S13,PC_GDP_NSA,EE,2021-Q3,-0.7,
ESTAT:TEINA205(1.0),1/3/2024 11:00,Q,B9,S13,PC_GDP_NSA,EE,2021-Q4,-0.6,
ESTAT:TEINA205(1.0),1/3/2024 11:00,Q,B9,S13,PC_GDP_NSA,EE,2022-Q1,-3.2,
ESTAT:TEINA205(1.0),1/3/2024 11:00,Q,B9,S13,PC_GDP_NSA,EE,2022-Q2,2.2,
ESTAT:TEINA205(1.0),1/3/2024 11:00,Q,B9,S13,PC_GDP_NSA,EE,2022-Q3,0,
ESTAT:TEINA205(1.0),1/3/2024 11:00,Q,B9,S13,PC_GDP_NSA,EE,2022-Q4,-3,
ESTAT:TEINA205(1.0),1/3/2024 11:00,Q,B9,S13,PC_GDP_NSA,EE,2023-Q1,-4.3,p
ESTAT:TEINA205(1.0),1/3/2024 11:00,Q,B9,S13,PC_GDP_NSA,EE,2023-Q2,0.4,p
ESTAT:TEINA205(1.0),1/3/2024 11:00,Q,B9,S13,PC_GDP_NSA,EE,2023-Q3,-2.1,p
ESTAT:TEINA205(1.0),1/3/2024 11:00,Q,B9,S13,PC_GDP_NSA,EL,2020-Q4,-13.5,
ESTAT:TEINA205(1.0),1/3/2024 11:00,Q,B9,S13,PC_GDP_NSA,EL,2021-Q1,-18.3,
ESTAT:TEINA205(1.0),1/3/2024 11:00,Q,B9,S13,PC_GDP_NSA,EL,2021-Q2,-7.8,
ESTAT:TEINA205(1.0),1/3/2024 11:00,Q,B9,S13,PC_GDP_NSA,EL,2021-Q3,-0.8,
ESTAT:TEINA205(1.0),1/3/2024 11:00,Q,B9,S13,PC_GDP_NSA,EL,2021-Q4,-3.5,
ESTAT:TEINA205(1.0),1/3/2024 11:00,Q,B9,S13,PC_GDP_NSA,EL,2022-Q1,-9.3,
ESTAT:TEINA205(1.0),1/3/2024 11:00,Q,B9,S13,PC_GDP_NSA,EL,2022-Q2,1.5,
ESTAT:TEINA205(1.0),1/3/2024 11:00,Q,B9,S13,PC_GDP_NSA,EL,2022-Q3,-2,
ESTAT:TEINA205(1.0),1/3/2024 11:00,Q,B9,S13,PC_GDP_NSA,EL,2022-Q4,-0.4,
ESTAT:TEINA205(1.0),1/3/2024 11:00,Q,B9,S13,PC_GDP_NSA,EL,2023-Q1,-9.3,p
ESTAT:TEINA205(1.0),1/3/2024 11:00,Q,B9,S13,PC_GDP_NSA,EL,2023-Q2,1.6,p
ESTAT:TEINA205(1.0),1/3/2024 11:00,Q,B9,S13,PC_GDP_NSA,EL,2023-Q3,2.1,p
ESTAT:TEINA205(1.0),1/3/2024 11:00,Q,B9,S13,PC_GDP_NSA,ES,2020-Q4,-11.9,
ESTAT:TEINA205(1.0),1/3/2024 11:00,Q,B9,S13,PC_GDP_NSA,ES,2021-Q1,-7.3,
ESTAT:TEINA205(1.0),1/3/2024 11:00,Q,B9,S13,PC_GDP_NSA,ES,2021-Q2,-11.4,
ESTAT:TEINA205(1.0),1/3/2024 11:00,Q,B9,S13,PC_GDP_NSA,ES,2021-Q3,0.3,
ESTAT:TEINA205(1.0),1/3/2024 11:00,Q,B9,S13,PC_GDP_NSA,ES,2021-Q4,-8.4,
ESTAT:TEINA205(1.0),1/3/2024 11:00,Q,B9,S13,PC_GDP_NSA,ES,2022-Q1,-1.9,
ESTAT:TEINA205(1.0),1/3/2024 11:00,Q,B9,S13,PC_GDP_NSA,ES,2022-Q2,-8.5,
ESTAT:TEINA205(1.0),1/3/2024 11:00,Q,B9,S13,PC_GDP_NSA,ES,2022-Q3,2.5,
ESTAT:TEINA205(1.0),1/3/2024 11:00,Q,B9,S13,PC_GDP_NSA,ES,2022-Q4,-10.3,
ESTAT:TEINA205(1.0),1/3/2024 11:00,Q,B9,S13,PC_GDP_NSA,ES,2023-Q1,-0.9,p
ESTAT:TEINA205(1.0),1/3/2024 11:00,Q,B9,S13,PC_GDP_NSA,ES,2023-Q2,-8.8,p
ESTAT:TEINA205(1.0),1/3/2024 11:00,Q,B9,S13,PC_GDP_NSA,ES,2023-Q3,2.8,p
ESTAT:TEINA205(1.0),1/3/2024 11:00,Q,B9,S13,PC_GDP_NSA,EU27_2020,2020-Q4,-6.4,
ESTAT:TEINA205(1.0),1/3/2024 11:00,Q,B9,S13,PC_GDP_NSA,EU27_2020,2021-Q1,-7.6,
ESTAT:TEINA205(1.0),1/3/2024 11:00,Q,B9,S13,PC_GDP_NSA,EU27_2020,2021-Q2,-5.5,
ESTAT:TEINA205(1.0),1/3/2024 11:00,Q,B9,S13,PC_GDP_NSA,EU27_2020,2021-Q3,-3.1,
ESTAT:TEINA205(1.0),1/3/2024 11:00,Q,B9,S13,PC_GDP_NSA,EU27_2020,2021-Q4,-3,
ESTAT:TEINA205(1.0),1/3/2024 11:00,Q,B9,S13,PC_GDP_NSA,EU27_2020,2022-Q1,-3.5,
ESTAT:TEINA205(1.0),1/3/2024 11:00,Q,B9,S13,PC_GDP_NSA,EU27_2020,2022-Q2,-1.7,
ESTAT:TEINA205(1.0),1/3/2024 11:00,Q,B9,S13,PC_GDP_NSA,EU27_2020,2022-Q3,-3.5,
ESTAT:TEINA205(1.0),1/3/2024 11:00,Q,B9,S13,PC_GDP_NSA,EU27_2020,2022-Q4,-4.6,
ESTAT:TEINA205(1.0),1/3/2024 11:00,Q,B9,S13,PC_GDP_NSA,EU27_2020,2023-Q1,-4,
ESTAT:TEINA205(1.0),1/3/2024 11:00,Q,B9,S13,PC_GDP_NSA,EU27_2020,2023-Q2,-2.5,
ESTAT:TEINA205(1.0),1/3/2024 11:00,Q,B9,S13,PC_GDP_NSA,EU27_2020,2023-Q3,-2.5,
ESTAT:TEINA205(1.0),1/3/2024 11:00,Q,B9,S13,PC_GDP_NSA,FI,2020-Q4,-7.3,
ESTAT:TEINA205(1.0),1/3/2024 11:00,Q,B9,S13,PC_GDP_NSA,FI,2021-Q1,-5.3,
ESTAT:TEINA205(1.0),1/3/2024 11:00,Q,B9,S13,PC_GDP_NSA,FI,2021-Q2,-0.3,
ESTAT:TEINA205(1.0),1/3/2024 11:00,Q,B9,S13,PC_GDP_NSA,FI,2021-Q3,-5.3,
ESTAT:TEINA205(1.0),1/3/2024 11:00,Q,B9,S13,PC_GDP_NSA,FI,2021-Q4,-0.7,
ESTAT:TEINA205(1.0),1/3/2024 11:00,Q,B9,S13,PC_GDP_NSA,FI,2022-Q1,-1.5,
ESTAT:TEINA205(1.0),1/3/2024 11:00,Q,B9,S13,PC_GDP_NSA,FI,2022-Q2,3,
ESTAT:TEINA205(1.0),1/3/2024 11:00,Q,B9,S13,PC_GDP_NSA,FI,2022-Q3,-3.1,
ESTAT:TEINA205(1.0),1/3/2024 11:00,Q,B9,S13,PC_GDP_NSA,FI,2022-Q4,-0.5,
ESTAT:TEINA205(1.0),1/3/2024 11:00,Q,B9,S13,PC_GDP_NSA,FI,2023-Q1,-1.2,p
ESTAT:TEINA205(1.0),1/3/2024 11:00,Q,B9,S13,PC_GDP_NSA,FI,2023-Q2,0.1,p
ESTAT:TEINA205(1.0),1/3/2024 11:00,Q,B9,S13,PC_GDP_NSA,FI,2023-Q3,-4.4,p
ESTAT:TEINA205(1.0),1/3/2024 11:00,Q,B9,S13,PC_GDP_NSA,FR,2020-Q4,-4.5,
ESTAT:TEINA205(1.0),1/3/2024 11:00,Q,B9,S13,PC_GDP_NSA,FR,2021-Q1,-13,
ESTAT:TEINA205(1.0),1/3/2024 11:00,Q,B9,S13,PC_GDP_NSA,FR,2021-Q2,-8.5,
ESTAT:TEINA205(1.0),1/3/2024 11:00,Q,B9,S13,PC_GDP_NSA,FR,2021-Q3,-5.8,
ESTAT:TEINA205(1.0),1/3/2024 11:00,Q,B9,S13,PC_GDP_NSA,FR,2021-Q4,0.7,
ESTAT:TEINA205(1.0),1/3/2024 11:00,Q,B9,S13,PC_GDP_NSA,FR,2022-Q1,-7.6,
ESTAT:TEINA205(1.0),1/3/2024 11:00,Q,B9,S13,PC_GDP_NSA,FR,2022-Q2,-4.1,
ESTAT:TEINA205(1.0),1/3/2024 11:00,Q,B9,S13,PC_GDP_NSA,FR,2022-Q3,-6.3,
ESTAT:TEINA205(1.0),1/3/2024 11:00,Q,B9,S13,PC_GDP_NSA,FR,2022-Q4,-1.4,
ESTAT:TEINA205(1.0),1/3/2024 11:00,Q,B9,S13,PC_GDP_NSA,FR,2023-Q1,-6.8,p
ESTAT:TEINA205(1.0),1/3/2024 11:00,Q,B9,S13,PC_GDP_NSA,FR,2023-Q2,-5.1,p
ESTAT:TEINA205(1.0),1/3/2024 11:00,Q,B9,S13,PC_GDP_NSA,FR,2023-Q3,-6,p
ESTAT:TEINA205(1.0),1/3/2024 11:00,Q,B9,S13,PC_GDP_NSA,HR,2020-Q4,-9.4,
ESTAT:TEINA205(1.0),1/3/2024 11:00,Q,B9,S13,PC_GDP_NSA,HR,2021-Q1,-5.1,
ESTAT:TEINA205(1.0),1/3/2024 11:00,Q,B9,S13,PC_GDP_NSA,HR,2021-Q2,-5.2,
ESTAT:TEINA205(1.0),1/3/2024 11:00,Q,B9,S13,PC_GDP_NSA,HR,2021-Q3,3.7,
ESTAT:TEINA205(1.0),1/3/2024 11:00,Q,B9,S13,PC_GDP_NSA,HR,2021-Q4,-4.9,
ESTAT:TEINA205(1.0),1/3/2024 11:00,Q,B9,S13,PC_GDP_NSA,HR,2022-Q1,-0.3,
ESTAT:TEINA205(1.0),1/3/2024 11:00,Q,B9,S13,PC_GDP_NSA,HR,2022-Q2,1.4,
ESTAT:TEINA205(1.0),1/3/2024 11:00,Q,B9,S13,PC_GDP_NSA,HR,2022-Q3,4,
ESTAT:TEINA205(1.0),1/3/2024 11:00,Q,B9,S13,PC_GDP_NSA,HR,2022-Q4,-5.2,
ESTAT:TEINA205(1.0),1/3/2024 11:00,Q,B9,S13,PC_GDP_NSA,HR,2023-Q1,-1.6,p
ESTAT:TEINA205(1.0),1/3/2024 11:00,Q,B9,S13,PC_GDP_NSA,HR,2023-Q2,0.5,p
ESTAT:TEINA205(1.0),1/3/2024 11:00,Q,B9,S13,PC_GDP_NSA,HR,2023-Q3,5.9,p
ESTAT:TEINA205(1.0),1/3/2024 11:00,Q,B9,S13,PC_GDP_NSA,HU,2020-Q4,-15.5,
ESTAT:TEINA205(1.0),1/3/2024 11:00,Q,B9,S13,PC_GDP_NSA,HU,2021-Q1,-7.6,
ESTAT:TEINA205(1.0),1/3/2024 11:00,Q,B9,S13,PC_GDP_NSA,HU,2021-Q2,-4.8,
ESTAT:TEINA205(1.0),1/3/2024 11:00,Q,B9,S13,PC_GDP_NSA,HU,2021-Q3,-4.8,
ESTAT:TEINA205(1.0),1/3/2024 11:00,Q,B9,S13,PC_GDP_NSA,HU,2021-Q4,-10.8,
ESTAT:TEINA205(1.0),1/3/2024 11:00,Q,B9,S13,PC_GDP_NSA,HU,2022-Q1,-3,
ESTAT:TEINA205(1.0),1/3/2024 11:00,Q,B9,S13,PC_GDP_NSA,HU,2022-Q2,-1.6,
ESTAT:TEINA205(1.0),1/3/2024 11:00,Q,B9,S13,PC_GDP_NSA,HU,2022-Q3,-5.6,
ESTAT:TEINA205(1.0),1/3/2024 11:00,Q,B9,S13,PC_GDP_NSA,HU,2022-Q4,-13.2,
ESTAT:TEINA205(1.0),1/3/2024 11:00,Q,B9,S13,PC_GDP_NSA,HU,2023-Q1,-11.1,p
ESTAT:TEINA205(1.0),1/3/2024 11:00,Q,B9,S13,PC_GDP_NSA,HU,2023-Q2,-3.1,p
ESTAT:TEINA205(1.0),1/3/2024 11:00,Q,B9,S13,PC_GDP_NSA,HU,2023-Q3,-3.6,p
ESTAT:TEINA205(1.0),1/3/2024 11:00,Q,B9,S13,PC_GDP_NSA,IE,2020-Q4,-2,
ESTAT:TEINA205(1.0),1/3/2024 11:00,Q,B9,S13,PC_GDP_NSA,IE,2021-Q1,-6,
ESTAT:TEINA205(1.0),1/3/2024 11:00,Q,B9,S13,PC_GDP_NSA,IE,2021-Q2,-2.4,
ESTAT:TEINA205(1.0),1/3/2024 11:00,Q,B9,S13,PC_GDP_NSA,IE,2021-Q3,-2.2,
ESTAT:TEINA205(1.0),1/3/2024 11:00,Q,B9,S13,PC_GDP_NSA,IE,2021-Q4,4.1,
ESTAT:TEINA205(1.0),1/3/2024 11:00,Q,B9,S13,PC_GDP_NSA,IE,2022-Q1,-0.3,
ESTAT:TEINA205(1.0),1/3/2024 11:00,Q,B9,S13,PC_GDP_NSA,IE,2022-Q2,1.3,
ESTAT:TEINA205(1.0),1/3/2024 11:00,Q,B9,S13,PC_GDP_NSA,IE,2022-Q3,1.5,
ESTAT:TEINA205(1.0),1/3/2024 11:00,Q,B9,S13,PC_GDP_NSA,IE,2022-Q4,4,
ESTAT:TEINA205(1.0),1/3/2024 11:00,Q,B9,S13,PC_GDP_NSA,IE,2023-Q1,1.3,p
ESTAT:TEINA205(1.0),1/3/2024 11:00,Q,B9,S13,PC_GDP_NSA,IE,2023-Q2,1.9,p
ESTAT:TEINA205(1.0),1/3/2024 11:00,Q,B9,S13,PC_GDP_NSA,IE,2023-Q3,0.5,p
ESTAT:TEINA205(1.0),1/3/2024 11:00,Q,B9,S13,PC_GDP_NSA,IS,2020-Q4,-8.6,
ESTAT:TEINA205(1.0),1/3/2024 11:00,Q,B9,S13,PC_GDP_NSA,IS,2021-Q1,-8,
ESTAT:TEINA205(1.0),1/3/2024 11:00,Q,B9,S13,PC_GDP_NSA,IS,2021-Q2,-10.6,
ESTAT:TEINA205(1.0),1/3/2024 11:00,Q,B9,S13,PC_GDP_NSA,IS,2021-Q3,-6.9,
ESTAT:TEINA205(1.0),1/3/2024 11:00,Q,B9,S13,PC_GDP_NSA,IS,2021-Q4,-8.8,
ESTAT:TEINA205(1.0),1/3/2024 11:00,Q,B9,S13,PC_GDP_NSA,IS,2022-Q1,-0.4,
ESTAT:TEINA205(1.0),1/3/2024 11:00,Q,B9,S13,PC_GDP_NSA,IS,2022-Q2,-4,
ESTAT:TEINA205(1.0),1/3/2024 11:00,Q,B9,S13,PC_GDP_NSA,IS,2022-Q3,-5,
ESTAT:TEINA205(1.0),1/3/2024 11:00,Q,B9,S13,PC_GDP_NSA,IS,2022-Q4,-6.6,
ESTAT:TEINA205(1.0),1/3/2024 11:00,Q,B9,S13,PC_GDP_NSA,IS,2023-Q1,-1.8,p
ESTAT:TEINA205(1.0),1/3/2024 11:00,Q,B9,S13,PC_GDP_NSA,IS,2023-Q2,-3.7,p
ESTAT:TEINA205(1.0),1/3/2024 11:00,Q,B9,S13,PC_GDP_NSA,IS,2023-Q3,-3,p
ESTAT:TEINA205(1.0),1/3/2024 11:00,Q,B9,S13,PC_GDP_NSA,IT,2020-Q4,-5.9,
ESTAT:TEINA205(1.0),1/3/2024 11:00,Q,B9,S13,PC_GDP_NSA,IT,2021-Q1,-14.5,
ESTAT:TEINA205(1.0),1/3/2024 11:00,Q,B9,S13,PC_GDP_NSA,IT,2021-Q2,-9.2,
ESTAT:TEINA205(1.0),1/3/2024 11:00,Q,B9,S13,PC_GDP_NSA,IT,2021-Q3,-7.5,
ESTAT:TEINA205(1.0),1/3/2024 11:00,Q,B9,S13,PC_GDP_NSA,IT,2021-Q4,-4.7,
ESTAT:TEINA205(1.0),1/3/2024 11:00,Q,B9,S13,PC_GDP_NSA,IT,2022-Q1,-11.3,
ESTAT:TEINA205(1.0),1/3/2024 11:00,Q,B9,S13,PC_GDP_NSA,IT,2022-Q2,-5.7,
ESTAT:TEINA205(1.0),1/3/2024 11:00,Q,B9,S13,PC_GDP_NSA,IT,2022-Q3,-9.4,
ESTAT:TEINA205(1.0),1/3/2024 11:00,Q,B9,S13,PC_GDP_NSA,IT,2022-Q4,-6.1,
ESTAT:TEINA205(1.0),1/3/2024 11:00,Q,B9,S13,PC_GDP_NSA,IT,2023-Q1,-11.3,p
ESTAT:TEINA205(1.0),1/3/2024 11:00,Q,B9,S13,PC_GDP_NSA,IT,2023-Q2,-5.1,p
ESTAT:TEINA205(1.0),1/3/2024 11:00,Q,B9,S13,PC_GDP_NSA,IT,2023-Q3,-5,p
ESTAT:TEINA205(1.0),1/3/2024 11:00,Q,B9,S13,PC_GDP_NSA,LT,2020-Q4,-13.1,
ESTAT:TEINA205(1.0),1/3/2024 11:00,Q,B9,S13,PC_GDP_NSA,LT,2021-Q1,-4.2,
ESTAT:TEINA205(1.0),1/3/2024 11:00,Q,B9,S13,PC_GDP_NSA,LT,2021-Q2,1.7,
ESTAT:TEINA205(1.0),1/3/2024 11:00,Q,B9,S13,PC_GDP_NSA,LT,2021-Q3,0.4,
ESTAT:TEINA205(1.0),1/3/2024 11:00,Q,B9,S13,PC_GDP_NSA,LT,2021-Q4,-3,
ESTAT:TEINA205(1.0),1/3/2024 11:00,Q,B9,S13,PC_GDP_NSA,LT,2022-Q1,0.6,
ESTAT:TEINA205(1.0),1/3/2024 11:00,Q,B9,S13,PC_GDP_NSA,LT,2022-Q2,4.6,
ESTAT:TEINA205(1.0),1/3/2024 11:00,Q,B9,S13,PC_GDP_NSA,LT,2022-Q3,0.5,
ESTAT:TEINA205(1.0),1/3/2024 11:00,Q,B9,S13,PC_GDP_NSA,LT,2022-Q4,-7.9,
ESTAT:TEINA205(1.0),1/3/2024 11:00,Q,B9,S13,PC_GDP_NSA,LT,2023-Q1,-1.7,p
ESTAT:TEINA205(1.0),1/3/2024 11:00,Q,B9,S13,PC_GDP_NSA,LT,2023-Q2,3.9,p
ESTAT:TEINA205(1.0),1/3/2024 11:00,Q,B9,S13,PC_GDP_NSA,LT,2023-Q3,1,p
ESTAT:TEINA205(1.0),1/3/2024 11:00,Q,B9,S13,PC_GDP_NSA,LU,2020-Q4,-6,
ESTAT:TEINA205(1.0),1/3/2024 11:00,Q,B9,S13,PC_GDP_NSA,LU,2021-Q1,2.3,
ESTAT:TEINA205(1.0),1/3/2024 11:00,Q,B9,S13,PC_GDP_NSA,LU,2021-Q2,2.2,
ESTAT:TEINA205(1.0),1/3/2024 11:00,Q,B9,S13,PC_GDP_NSA,LU,2021-Q3,-0.5,
ESTAT:TEINA205(1.0),1/3/2024 11:00,Q,B9,S13,PC_GDP_NSA,LU,2021-Q4,-1.3,
ESTAT:TEINA205(1.0),1/3/2024 11:00,Q,B9,S13,PC_GDP_NSA,LU,2022-Q1,2.1,
ESTAT:TEINA205(1.0),1/3/2024 11:00,Q,B9,S13,PC_GDP_NSA,LU,2022-Q2,2.7,
ESTAT:TEINA205(1.0),1/3/2024 11:00,Q,B9,S13,PC_GDP_NSA,LU,2022-Q3,-0.9,
ESTAT:TEINA205(1.0),1/3/2024 11:00,Q,B9,S13,PC_GDP_NSA,LU,2022-Q4,-4.8,
ESTAT:TEINA205(1.0),1/3/2024 11:00,Q,B9,S13,PC_GDP_NSA,LU,2023-Q1,1,p
ESTAT:TEINA205(1.0),1/3/2024 11:00,Q,B9,S13,PC_GDP_NSA,LU,2023-Q2,2.1,p
ESTAT:TEINA205(1.0),1/3/2024 11:00,Q,B9,S13,PC_GDP_NSA,LU,2023-Q3,0.2,p
ESTAT:TEINA205(1.0),1/3/2024 11:00,Q,B9,S13,PC_GDP_NSA,LV,2020-Q4,-9,
ESTAT:TEINA205(1.0),1/3/2024 11:00,Q,B9,S13,PC_GDP_NSA,LV,2021-Q1,-9.6,
ESTAT:TEINA205(1.0),1/3/2024 11:00,Q,B9,S13,PC_GDP_NSA,LV,2021-Q2,-5.3,
ESTAT:TEINA205(1.0),1/3/2024 11:00,Q,B9,S13,PC_GDP_NSA,LV,2021-Q3,-0.6,
ESTAT:TEINA205(1.0),1/3/2024 11:00,Q,B9,S13,PC_GDP_NSA,LV,2021-Q4,-13.3,
ESTAT:TEINA205(1.0),1/3/2024 11:00,Q,B9,S13,PC_GDP_NSA,LV,2022-Q1,-1.9,
ESTAT:TEINA205(1.0),1/3/2024 11:00,Q,B9,S13,PC_GDP_NSA,LV,2022-Q2,-1.9,
ESTAT:TEINA205(1.0),1/3/2024 11:00,Q,B9,S13,PC_GDP_NSA,LV,2022-Q3,-0.4,
ESTAT:TEINA205(1.0),1/3/2024 11:00,Q,B9,S13,PC_GDP_NSA,LV,2022-Q4,-13.3,
ESTAT:TEINA205(1.0),1/3/2024 11:00,Q,B9,S13,PC_GDP_NSA,LV,2023-Q1,-1.2,
ESTAT:TEINA205(1.0),1/3/2024 11:00,Q,B9,S13,PC_GDP_NSA,LV,2023-Q2,3.3,
ESTAT:TEINA205(1.0),1/3/2024 11:00,Q,B9,S13,PC_GDP_NSA,LV,2023-Q3,-1.4,
ESTAT:TEINA205(1.0),1/3/2024 11:00,Q,B9,S13,PC_GDP_NSA,MT,2020-Q4,-7.7,
ESTAT:TEINA205(1.0),1/3/2024 11:00,Q,B9,S13,PC_GDP_NSA,MT,2021-Q1,-10.2,
ESTAT:TEINA205(1.0),1/3/2024 11:00,Q,B9,S13,PC_GDP_NSA,MT,2021-Q2,-6.9,
ESTAT:TEINA205(1.0),1/3/2024 11:00,Q,B9,S13,PC_GDP_NSA,MT,2021-Q3,-6.2,
ESTAT:TEINA205(1.0),1/3/2024 11:00,Q,B9,S13,PC_GDP_NSA,MT,2021-Q4,-6.7,
ESTAT:TEINA205(1.0),1/3/2024 11:00,Q,B9,S13,PC_GDP_NSA,MT,2022-Q1,-9,
ESTAT:TEINA205(1.0),1/3/2024 11:00,Q,B9,S13,PC_GDP_NSA,MT,2022-Q2,-2,
ESTAT:TEINA205(1.0),1/3/2024 11:00,Q,B9,S13,PC_GDP_NSA,MT,2022-Q3,-4,
ESTAT:TEINA205(1.0),1/3/2024 11:00,Q,B9,S13,PC_GDP_NSA,MT,2022-Q4,-7.7,
ESTAT:TEINA205(1.0),1/3/2024 11:00,Q,B9,S13,PC_GDP_NSA,MT,2023-Q1,-5.3,p
ESTAT:TEINA205(1.0),1/3/2024 11:00,Q,B9,S13,PC_GDP_NSA,MT,2023-Q2,-0.3,p
ESTAT:TEINA205(1.0),1/3/2024 11:00,Q,B9,S13,PC_GDP_NSA,MT,2023-Q3,-0.9,p
ESTAT:TEINA205(1.0),1/3/2024 11:00,Q,B9,S13,PC_GDP_NSA,NL,2020-Q4,-5,
ESTAT:TEINA205(1.0),1/3/2024 11:00,Q,B9,S13,PC_GDP_NSA,NL,2021-Q1,-0.3,
ESTAT:TEINA205(1.0),1/3/2024 11:00,Q,B9,S13,PC_GDP_NSA,NL,2021-Q2,-4,
ESTAT:TEINA205(1.0),1/3/2024 11:00,Q,B9,S13,PC_GDP_NSA,NL,2021-Q3,-2.9,
ESTAT:TEINA205(1.0),1/3/2024 11:00,Q,B9,S13,PC_GDP_NSA,NL,2021-Q4,-1.6,
ESTAT:TEINA205(1.0),1/3/2024 11:00,Q,B9,S13,PC_GDP_NSA,NL,2022-Q1,2.6,p
ESTAT:TEINA205(1.0),1/3/2024 11:00,Q,B9,S13,PC_GDP_NSA,NL,2022-Q2,0.9,p
ESTAT:TEINA205(1.0),1/3/2024 11:00,Q,B9,S13,PC_GDP_NSA,NL,2022-Q3,-3.1,p
ESTAT:TEINA205(1.0),1/3/2024 11:00,Q,B9,S13,PC_GDP_NSA,NL,2022-Q4,-0.6,p
ESTAT:TEINA205(1.0),1/3/2024 11:00,Q,B9,S13,PC_GDP_NSA,NL,2023-Q1,2.4,p
ESTAT:TEINA205(1.0),1/3/2024 11:00,Q,B9,S13,PC_GDP_NSA,NL,2023-Q2,0.5,p
ESTAT:TEINA205(1.0),1/3/2024 11:00,Q,B9,S13,PC_GDP_NSA,NL,2023-Q3,-1.8,p
ESTAT:TEINA205(1.0),1/3/2024 11:00,Q,B9,S13,PC_GDP_NSA,NO,2020-Q4,-6.5,
ESTAT:TEINA205(1.0),1/3/2024 11:00,Q,B9,S13,PC_GDP_NSA,NO,2021-Q1,6.3,
ESTAT:TEINA205(1.0),1/3/2024 11:00,Q,B9,S13,PC_GDP_NSA,NO,2021-Q2,5.5,
ESTAT:TEINA205(1.0),1/3/2024 11:00,Q,B9,S13,PC_GDP_NSA,NO,2021-Q3,10.2,
ESTAT:TEINA205(1.0),1/3/2024 11:00,Q,B9,S13,PC_GDP_NSA,NO,2021-Q4,17.9,
ESTAT:TEINA205(1.0),1/3/2024 11:00,Q,B9,S13,PC_GDP_NSA,NO,2022-Q1,24,
ESTAT:TEINA205(1.0),1/3/2024 11:00,Q,B9,S13,PC_GDP_NSA,NO,2022-Q2,26.5,
ESTAT:TEINA205(1.0),1/3/2024 11:00,Q,B9,S13,PC_GDP_NSA,NO,2022-Q3,32,
ESTAT:TEINA205(1.0),1/3/2024 11:00,Q,B9,S13,PC_GDP_NSA,NO,2022-Q4,21.6,
ESTAT:TEINA205(1.0),1/3/2024 11:00,Q,B9,S13,PC_GDP_NSA,NO,2023-Q1,23.3,
ESTAT:TEINA205(1.0),1/3/2024 11:00,Q,B9,S13,PC_GDP_NSA,NO,2023-Q2,20.2,
ESTAT:TEINA205(1.0),1/3/2024 11:00,Q,B9,S13,PC_GDP_NSA,PL,2020-Q4,-6.4,
ESTAT:TEINA205(1.0),1/3/2024 11:00,Q,B9,S13,PC_GDP_NSA,PL,2021-Q1,-1,
ESTAT:TEINA205(1.0),1/3/2024 11:00,Q,B9,S13,PC_GDP_NSA,PL,2021-Q2,-0.9,
ESTAT:TEINA205(1.0),1/3/2024 11:00,Q,B9,S13,PC_GDP_NSA,PL,2021-Q3,0.5,
ESTAT:TEINA205(1.0),1/3/2024 11:00,Q,B9,S13,PC_GDP_NSA,PL,2021-Q4,-5.4,
ESTAT:TEINA205(1.0),1/3/2024 11:00,Q,B9,S13,PC_GDP_NSA,PL,2022-Q1,0.4,
ESTAT:TEINA205(1.0),1/3/2024 11:00,Q,B9,S13,PC_GDP_NSA,PL,2022-Q2,-0.7,
ESTAT:TEINA205(1.0),1/3/2024 11:00,Q,B9,S13,PC_GDP_NSA,PL,2022-Q3,-2.6,
ESTAT:TEINA205(1.0),1/3/2024 11:00,Q,B9,S13,PC_GDP_NSA,PL,2022-Q4,-10.3,
ESTAT:TEINA205(1.0),1/3/2024 11:00,Q,B9,S13,PC_GDP_NSA,PL,2023-Q1,-1.2,p
ESTAT:TEINA205(1.0),1/3/2024 11:00,Q,B9,S13,PC_GDP_NSA,PL,2023-Q2,-4,p
ESTAT:TEINA205(1.0),1/3/2024 11:00,Q,B9,S13,PC_GDP_NSA,PL,2023-Q3,-5.8,p
ESTAT:TEINA205(1.0),1/3/2024 11:00,Q,B9,S13,PC_GDP_NSA,PT,2020-Q4,-8.1,
ESTAT:TEINA205(1.0),1/3/2024 11:00,Q,B9,S13,PC_GDP_NSA,PT,2021-Q1,-5.7,
ESTAT:TEINA205(1.0),1/3/2024 11:00,Q,B9,S13,PC_GDP_NSA,PT,2021-Q2,-5.6,
ESTAT:TEINA205(1.0),1/3/2024 11:00,Q,B9,S13,PC_GDP_NSA,PT,2021-Q3,3.2,
ESTAT:TEINA205(1.0),1/3/2024 11:00,Q,B9,S13,PC_GDP_NSA,PT,2021-Q4,-3.8,
ESTAT:TEINA205(1.0),1/3/2024 11:00,Q,B9,S13,PC_GDP_NSA,PT,2022-Q1,-0.6,
ESTAT:TEINA205(1.0),1/3/2024 11:00,Q,B9,S13,PC_GDP_NSA,PT,2022-Q2,1.4,
ESTAT:TEINA205(1.0),1/3/2024 11:00,Q,B9,S13,PC_GDP_NSA,PT,2022-Q3,6.6,
ESTAT:TEINA205(1.0),1/3/2024 11:00,Q,B9,S13,PC_GDP_NSA,PT,2022-Q4,-8.5,
ESTAT:TEINA205(1.0),1/3/2024 11:00,Q,B9,S13,PC_GDP_NSA,PT,2023-Q1,1.2,p
ESTAT:TEINA205(1.0),1/3/2024 11:00,Q,B9,S13,PC_GDP_NSA,PT,2023-Q2,1,p
ESTAT:TEINA205(1.0),1/3/2024 11:00,Q,B9,S13,PC_GDP_NSA,PT,2023-Q3,7.7,p
ESTAT:TEINA205(1.0),1/3/2024 11:00,Q,B9,S13,PC_GDP_NSA,RO,2020-Q4,-11.3,
ESTAT:TEINA205(1.0),1/3/2024 11:00,Q,B9,S13,PC_GDP_NSA,RO,2021-Q1,-9.3,
ESTAT:TEINA205(1.0),1/3/2024 11:00,Q,B9,S13,PC_GDP_NSA,RO,2021-Q2,-6.5,
ESTAT:TEINA205(1.0),1/3/2024 11:00,Q,B9,S13,PC_GDP_NSA,RO,2021-Q3,-3.7,
ESTAT:TEINA205(1.0),1/3/2024 11:00,Q,B9,S13,PC_GDP_NSA,RO,2021-Q4,-9.4,
ESTAT:TEINA205(1.0),1/3/2024 11:00,Q,B9,S13,PC_GDP_NSA,RO,2022-Q1,-9,
ESTAT:TEINA205(1.0),1/3/2024 11:00,Q,B9,S13,PC_GDP_NSA,RO,2022-Q2,-2.3,
ESTAT:TEINA205(1.0),1/3/2024 11:00,Q,B9,S13,PC_GDP_NSA,RO,2022-Q3,-5.3,
ESTAT:TEINA205(1.0),1/3/2024 11:00,Q,B9,S13,PC_GDP_NSA,RO,2022-Q4,-8.5,
ESTAT:TEINA205(1.0),1/3/2024 11:00,Q,B9,S13,PC_GDP_NSA,RO,2023-Q1,-8.3,p
ESTAT:TEINA205(1.0),1/3/2024 11:00,Q,B9,S13,PC_GDP_NSA,RO,2023-Q2,-4.8,p
ESTAT:TEINA205(1.0),1/3/2024 11:00,Q,B9,S13,PC_GDP_NSA,RO,2023-Q3,-4.1,p
ESTAT:TEINA205(1.0),1/3/2024 11:00,Q,B9,S13,PC_GDP_NSA,SE,2020-Q4,-4.9,
ESTAT:TEINA205(1.0),1/3/2024 11:00,Q,B9,S13,PC_GDP_NSA,SE,2021-Q1,-1.2,
ESTAT:TEINA205(1.0),1/3/2024 11:00,Q,B9,S13,PC_GDP_NSA,SE,2021-Q2,2,
ESTAT:TEINA205(1.0),1/3/2024 11:00,Q,B9,S13,PC_GDP_NSA,SE,2021-Q3,0.7,
ESTAT:TEINA205(1.0),1/3/2024 11:00,Q,B9,S13,PC_GDP_NSA,SE,2021-Q4,-1.4,
ESTAT:TEINA205(1.0),1/3/2024 11:00,Q,B9,S13,PC_GDP_NSA,SE,2022-Q1,0.3,
ESTAT:TEINA205(1.0),1/3/2024 11:00,Q,B9,S13,PC_GDP_NSA,SE,2022-Q2,5.8,
ESTAT:TEINA205(1.0),1/3/2024 11:00,Q,B9,S13,PC_GDP_NSA,SE,2022-Q3,0.7,
ESTAT:TEINA205(1.0),1/3/2024 11:00,Q,B9,S13,PC_GDP_NSA,SE,2022-Q4,-1.8,
ESTAT:TEINA205(1.0),1/3/2024 11:00,Q,B9,S13,PC_GDP_NSA,SE,2023-Q1,-1.2,p
ESTAT:TEINA205(1.0),1/3/2024 11:00,Q,B9,S13,PC_GDP_NSA,SE,2023-Q2,2.1,p
ESTAT:TEINA205(1.0),1/3/2024 11:00,Q,B9,S13,PC_GDP_NSA,SE,2023-Q3,-0.4,p
ESTAT:TEINA205(1.0),1/3/2024 11:00,Q,B9,S13,PC_GDP_NSA,SI,2020-Q4,-9.6,
ESTAT:TEINA205(1.0),1/3/2024 11:00,Q,B9,S13,PC_GDP_NSA,SI,2021-Q1,-7,
ESTAT:TEINA205(1.0),1/3/2024 11:00,Q,B9,S13,PC_GDP_NSA,SI,2021-Q2,-5.8,
ESTAT:TEINA205(1.0),1/3/2024 11:00,Q,B9,S13,PC_GDP_NSA,SI,2021-Q3,-1.8,
ESTAT:TEINA205(1.0),1/3/2024 11:00,Q,B9,S13,PC_GDP_NSA,SI,2021-Q4,-4.2,
ESTAT:TEINA205(1.0),1/3/2024 11:00,Q,B9,S13,PC_GDP_NSA,SI,2022-Q1,-3,
ESTAT:TEINA205(1.0),1/3/2024 11:00,Q,B9,S13,PC_GDP_NSA,SI,2022-Q2,-4,
ESTAT:TEINA205(1.0),1/3/2024 11:00,Q,B9,S13,PC_GDP_NSA,SI,2022-Q3,-1,
ESTAT:TEINA205(1.0),1/3/2024 11:00,Q,B9,S13,PC_GDP_NSA,SI,2022-Q4,-4.1,
ESTAT:TEINA205(1.0),1/3/2024 11:00,Q,B9,S13,PC_GDP_NSA,SI,2023-Q1,-3.8,p
ESTAT:TEINA205(1.0),1/3/2024 11:00,Q,B9,S13,PC_GDP_NSA,SI,2023-Q2,-3.7,p
ESTAT:TEINA205(1.0),1/3/2024 11:00,Q,B9,S13,PC_GDP_NSA,SI,2023-Q3,-2.4,p
ESTAT:TEINA205(1.0),1/3/2024 11:00,Q,B9,S13,PC_GDP_NSA,SK,2020-Q4,-8.9,
ESTAT:TEINA205(1.0),1/3/2024 11:00,Q,B9,S13,PC_GDP_NSA,SK,2021-Q1,-5.5,
ESTAT:TEINA205(1.0),1/3/2024 11:00,Q,B9,S13,PC_GDP_NSA,SK,2021-Q2,-4.9,
ESTAT:TEINA205(1.0),1/3/2024 11:00,Q,B9,S13,PC_GDP_NSA,SK,2021-Q3,-1.9,
ESTAT:TEINA205(1.0),1/3/2024 11:00,Q,B9,S13,PC_GDP_NSA,SK,2021-Q4,-8.4,
ESTAT:TEINA205(1.0),1/3/2024 11:00,Q,B9,S13,PC_GDP_NSA,SK,2022-Q1,-1.4,
ESTAT:TEINA205(1.0),1/3/2024 11:00,Q,B9,S13,PC_GDP_NSA,SK,2022-Q2,-0.9,
ESTAT:TEINA205(1.0),1/3/2024 11:00,Q,B9,S13,PC_GDP_NSA,SK,2022-Q3,-0.1,
ESTAT:TEINA205(1.0),1/3/2024 11:00,Q,B9,S13,PC_GDP_NSA,SK,2022-Q4,-5.5,
ESTAT:TEINA205(1.0),1/3/2024 11:00,Q,B9,S13,PC_GDP_NSA,SK,2023-Q1,-3.7,p
ESTAT:TEINA205(1.0),1/3/2024 11:00,Q,B9,S13,PC_GDP_NSA,SK,2023-Q2,-4.1,p
ESTAT:TEINA205(1.0),1/3/2024 11:00,Q,B9,S13,PC_GDP_NSA,SK,2023-Q3,-5.4,p
ESTAT:TEINA205(1.0),1/3/2024 11:00,Q,B9,S13,PC_GDP_SCA,AT,2020-Q4,-11.2,
ESTAT:TEINA205(1.0),1/3/2024 11:00,Q,B9,S13,PC_GDP_SCA,AT,2021-Q1,-11.8,
ESTAT:TEINA205(1.0),1/3/2024 11:00,Q,B9,S13,PC_GDP_SCA,AT,2021-Q2,-7.4,
ESTAT:TEINA205(1.0),1/3/2024 11:00,Q,B9,S13,PC_GDP_SCA,AT,2021-Q3,-2.4,
ESTAT:TEINA205(1.0),1/3/2024 11:00,Q,B9,S13,PC_GDP_SCA,AT,2021-Q4,-2.2,
ESTAT:TEINA205(1.0),1/3/2024 11:00,Q,B9,S13,PC_GDP_SCA,AT,2022-Q1,-3.5,
ESTAT:TEINA205(1.0),1/3/2024 11:00,Q,B9,S13,PC_GDP_SCA,AT,2022-Q2,-0.2,
ESTAT:TEINA205(1.0),1/3/2024 11:00,Q,B9,S13,PC_GDP_SCA,AT,2022-Q3,-5.2,
ESTAT:TEINA205(1.0),1/3/2024 11:00,Q,B9,S13,PC_GDP_SCA,AT,2022-Q4,-5.2,
ESTAT:TEINA205(1.0),1/3/2024 11:00,Q,B9,S13,PC_GDP_SCA,AT,2023-Q1,-2.2,p
ESTAT:TEINA205(1.0),1/3/2024 11:00,Q,B9,S13,PC_GDP_SCA,AT,2023-Q2,-1.7,p
ESTAT:TEINA205(1.0),1/3/2024 11:00,Q,B9,S13,PC_GDP_SCA,AT,2023-Q3,-3.9,p
ESTAT:TEINA205(1.0),1/3/2024 11:00,Q,B9,S13,PC_GDP_SCA,BE,2020-Q4,-8.8,
ESTAT:TEINA205(1.0),1/3/2024 11:00,Q,B9,S13,PC_GDP_SCA,BE,2021-Q1,-5.6,
ESTAT:TEINA205(1.0),1/3/2024 11:00,Q,B9,S13,PC_GDP_SCA,BE,2021-Q2,-5.6,
ESTAT:TEINA205(1.0),1/3/2024 11:00,Q,B9,S13,PC_GDP_SCA,BE,2021-Q3,-6.9,
ESTAT:TEINA205(1.0),1/3/2024 11:00,Q,B9,S13,PC_GDP_SCA,BE,2021-Q4,-3.5,
ESTAT:TEINA205(1.0),1/3/2024 11:00,Q,B9,S13,PC_GDP_SCA,BE,2022-Q1,-2.1,p
ESTAT:TEINA205(1.0),1/3/2024 11:00,Q,B9,S13,PC_GDP_SCA,BE,2022-Q2,-3.8,p
ESTAT:TEINA205(1.0),1/3/2024 11:00,Q,B9,S13,PC_GDP_SCA,BE,2022-Q3,-4.3,p
ESTAT:TEINA205(1.0),1/3/2024 11:00,Q,B9,S13,PC_GDP_SCA,BE,2022-Q4,-4,p
ESTAT:TEINA205(1.0),1/3/2024 11:00,Q,B9,S13,PC_GDP_SCA,BE,2023-Q1,-3.7,p
ESTAT:TEINA205(1.0),1/3/2024 11:00,Q,B9,S13,PC_GDP_SCA,BE,2023-Q2,-4,p
ESTAT:TEINA205(1.0),1/3/2024 11:00,Q,B9,S13,PC_GDP_SCA,BE,2023-Q3,-4.1,p
ESTAT:TEINA205(1.0),1/3/2024 11:00,Q,B9,S13,PC_GDP_SCA,BG,2020-Q4,-6.4,
ESTAT:TEINA205(1.0),1/3/2024 11:00,Q,B9,S13,PC_GDP_SCA,BG,2021-Q1,-2.2,p
ESTAT:TEINA205(1.0),1/3/2024 11:00,Q,B9,S13,PC_GDP_SCA,BG,2021-Q2,-2,p
ESTAT:TEINA205(1.0),1/3/2024 11:00,Q,B9,S13,PC_GDP_SCA,BG,2021-Q3,-0.8,p
ESTAT:TEINA205(1.0),1/3/2024 11:00,Q,B9,S13,PC_GDP_SCA,BG,2021-Q4,-8.7,p
ESTAT:TEINA205(1.0),1/3/2024 11:00,Q,B9,S13,PC_GDP_SCA,BG,2022-Q1,-3.9,p
ESTAT:TEINA205(1.0),1/3/2024 11:00,Q,B9,S13,PC_GDP_SCA,BG,2022-Q2,-3.9,p
ESTAT:TEINA205(1.0),1/3/2024 11:00,Q,B9,S13,PC_GDP_SCA,BG,2022-Q3,-6.6,p
ESTAT:TEINA205(1.0),1/3/2024 11:00,Q,B9,S13,PC_GDP_SCA,BG,2022-Q4,3.3,p
ESTAT:TEINA205(1.0),1/3/2024 11:00,Q,B9,S13,PC_GDP_SCA,BG,2023-Q1,-3.7,p
ESTAT:TEINA205(1.0),1/3/2024 11:00,Q,B9,S13,PC_GDP_SCA,BG,2023-Q2,-4.4,p
ESTAT:TEINA205(1.0),1/3/2024 11:00,Q,B9,S13,PC_GDP_SCA,BG,2023-Q3,-6.6,p
ESTAT:TEINA205(1.0),1/3/2024 11:00,Q,B9,S13,PC_GDP_SCA,CH,2020-Q4,-2.8,
ESTAT:TEINA205(1.0),1/3/2024 11:00,Q,B9,S13,PC_GDP_SCA,CH,2021-Q1,-1.8,
ESTAT:TEINA205(1.0),1/3/2024 11:00,Q,B9,S13,PC_GDP_SCA,CH,2021-Q2,-0.5,
ESTAT:TEINA205(1.0),1/3/2024 11:00,Q,B9,S13,PC_GDP_SCA,CH,2021-Q3,0.3,
ESTAT:TEINA205(1.0),1/3/2024 11:00,Q,B9,S13,PC_GDP_SCA,CH,2021-Q4,0.7,
ESTAT:TEINA205(1.0),1/3/2024 11:00,Q,B9,S13,PC_GDP_SCA,CH,2022-Q1,1,
ESTAT:TEINA205(1.0),1/3/2024 11:00,Q,B9,S13,PC_GDP_SCA,CH,2022-Q2,1.2,
ESTAT:TEINA205(1.0),1/3/2024 11:00,Q,B9,S13,PC_GDP_SCA,CH,2022-Q3,1.3,
ESTAT:TEINA205(1.0),1/3/2024 11:00,Q,B9,S13,PC_GDP_SCA,CH,2022-Q4,1.4,
ESTAT:TEINA205(1.0),1/3/2024 11:00,Q,B9,S13,PC_GDP_SCA,CH,2023-Q1,1.4,p
ESTAT:TEINA205(1.0),1/3/2024 11:00,Q,B9,S13,PC_GDP_SCA,CH,2023-Q2,1.4,p
ESTAT:TEINA205(1.0),1/3/2024 11:00,Q,B9,S13,PC_GDP_SCA,CH,2023-Q3,1.4,p
ESTAT:TEINA205(1.0),1/3/2024 11:00,Q,B9,S13,PC_GDP_SCA,CY,2023-Q3,2.6,p
ESTAT:TEINA205(1.0),1/3/2024 11:00,Q,B9,S13,PC_GDP_SCA,CZ,2020-Q4,-7.1,
ESTAT:TEINA205(1.0),1/3/2024 11:00,Q,B9,S13,PC_GDP_SCA,CZ,2021-Q1,-7.3,
ESTAT:TEINA205(1.0),1/3/2024 11:00,Q,B9,S13,PC_GDP_SCA,CZ,2021-Q2,-5.1,
ESTAT:TEINA205(1.0),1/3/2024 11:00,Q,B9,S13,PC_GDP_SCA,CZ,2021-Q3,-4.3,
ESTAT:TEINA205(1.0),1/3/2024 11:00,Q,B9,S13,PC_GDP_SCA,CZ,2021-Q4,-3.8,
ESTAT:TEINA205(1.0),1/3/2024 11:00,Q,B9,S13,PC_GDP_SCA,CZ,2022-Q1,-2.4,
ESTAT:TEINA205(1.0),1/3/2024 11:00,Q,B9,S13,PC_GDP_SCA,CZ,2022-Q2,-2.8,
ESTAT:TEINA205(1.0),1/3/2024 11:00,Q,B9,S13,PC_GDP_SCA,CZ,2022-Q3,-4.3,
ESTAT:TEINA205(1.0),1/3/2024 11:00,Q,B9,S13,PC_GDP_SCA,CZ,2022-Q4,-3.3,
ESTAT:TEINA205(1.0),1/3/2024 11:00,Q,B9,S13,PC_GDP_SCA,CZ,2023-Q1,-3.3,p
ESTAT:TEINA205(1.0),1/3/2024 11:00,Q,B9,S13,PC_GDP_SCA,CZ,2023-Q2,-2.9,p
ESTAT:TEINA205(1.0),1/3/2024 11:00,Q,B9,S13,PC_GDP_SCA,CZ,2023-Q3,-3.1,p
ESTAT:TEINA205(1.0),1/3/2024 11:00,Q,B9,S13,PC_GDP_SCA,DE,2020-Q4,-5,p
ESTAT:TEINA205(1.0),1/3/2024 11:00,Q,B9,S13,PC_GDP_SCA,DE,2021-Q1,-4.4,p
ESTAT:TEINA205(1.0),1/3/2024 11:00,Q,B9,S13,PC_GDP_SCA,DE,2021-Q2,-5.4,p
ESTAT:TEINA205(1.0),1/3/2024 11:00,Q,B9,S13,PC_GDP_SCA,DE,2021-Q3,-1.7,p
ESTAT:TEINA205(1.0),1/3/2024 11:00,Q,B9,S13,PC_GDP_SCA,DE,2021-Q4,-3,p
ESTAT:TEINA205(1.0),1/3/2024 11:00,Q,B9,S13,PC_GDP_SCA,DE,2022-Q1,-0.4,p
ESTAT:TEINA205(1.0),1/3/2024 11:00,Q,B9,S13,PC_GDP_SCA,DE,2022-Q2,-1.2,p
ESTAT:TEINA205(1.0),1/3/2024 11:00,Q,B9,S13,PC_GDP_SCA,DE,2022-Q3,-2.6,p
ESTAT:TEINA205(1.0),1/3/2024 11:00,Q,B9,S13,PC_GDP_SCA,DE,2022-Q4,-5.7,p
ESTAT:TEINA205(1.0),1/3/2024 11:00,Q,B9,S13,PC_GDP_SCA,DE,2023-Q1,-2.4,p
ESTAT:TEINA205(1.0),1/3/2024 11:00,Q,B9,S13,PC_GDP_SCA,DE,2023-Q2,-1.9,p
ESTAT:TEINA205(1.0),1/3/2024 11:00,Q,B9,S13,PC_GDP_SCA,DE,2023-Q3,-0.9,p
ESTAT:TEINA205(1.0),1/3/2024 11:00,Q,B9,S13,PC_GDP_SCA,DK,2020-Q4,1.7,
ESTAT:TEINA205(1.0),1/3/2024 11:00,Q,B9,S13,PC_GDP_SCA,DK,2021-Q1,3.7,
ESTAT:TEINA205(1.0),1/3/2024 11:00,Q,B9,S13,PC_GDP_SCA,DK,2021-Q2,4.6,
ESTAT:TEINA205(1.0),1/3/2024 11:00,Q,B9,S13,PC_GDP_SCA,DK,2021-Q3,5,
ESTAT:TEINA205(1.0),1/3/2024 11:00,Q,B9,S13,PC_GDP_SCA,DK,2021-Q4,3.2,
ESTAT:TEINA205(1.0),1/3/2024 11:00,Q,B9,S13,PC_GDP_SCA,DK,2022-Q1,3.3,
ESTAT:TEINA205(1.0),1/3/2024 11:00,Q,B9,S13,PC_GDP_SCA,DK,2022-Q2,3.4,
ESTAT:TEINA205(1.0),1/3/2024 11:00,Q,B9,S13,PC_GDP_SCA,DK,2022-Q3,3.1,
ESTAT:TEINA205(1.0),1/3/2024 11:00,Q,B9,S13,PC_GDP_SCA,DK,2022-Q4,3.3,
ESTAT:TEINA205(1.0),1/3/2024 11:00,Q,B9,S13,PC_GDP_SCA,DK,2023-Q1,3.6,p
ESTAT:TEINA205(1.0),1/3/2024 11:00,Q,B9,S13,PC_GDP_SCA,DK,2023-Q2,2.8,p
ESTAT:TEINA205(1.0),1/3/2024 11:00,Q,B9,S13,PC_GDP_SCA,DK,2023-Q3,2.7,p
ESTAT:TEINA205(1.0),1/3/2024 11:00,Q,B9,S13,PC_GDP_SCA,EA19,2020-Q4,-7.5,
ESTAT:TEINA205(1.0),1/3/2024 11:00,Q,B9,S13,PC_GDP_SCA,EA19,2021-Q1,-6.9,
ESTAT:TEINA205(1.0),1/3/2024 11:00,Q,B9,S13,PC_GDP_SCA,EA19,2021-Q2,-6.6,
ESTAT:TEINA205(1.0),1/3/2024 11:00,Q,B9,S13,PC_GDP_SCA,EA19,2021-Q3,-4,
ESTAT:TEINA205(1.0),1/3/2024 11:00,Q,B9,S13,PC_GDP_SCA,EA19,2021-Q4,-3.6,
ESTAT:TEINA205(1.0),1/3/2024 11:00,Q,B9,S13,PC_GDP_SCA,EA19,2022-Q1,-2.7,
ESTAT:TEINA205(1.0),1/3/2024 11:00,Q,B9,S13,PC_GDP_SCA,EA19,2022-Q2,-2.6,
ESTAT:TEINA205(1.0),1/3/2024 11:00,Q,B9,S13,PC_GDP_SCA,EA19,2022-Q3,-4.1,
ESTAT:TEINA205(1.0),1/3/2024 11:00,Q,B9,S13,PC_GDP_SCA,EA19,2022-Q4,-5.1,
ESTAT:TEINA205(1.0),1/3/2024 11:00,Q,B9,S13,PC_GDP_SCA,EA19,2023-Q1,-3,
ESTAT:TEINA205(1.0),1/3/2024 11:00,Q,B9,S13,PC_GDP_SCA,EA19,2023-Q2,-3,
ESTAT:TEINA205(1.0),1/3/2024 11:00,Q,B9,S13,PC_GDP_SCA,EA19,2023-Q3,-2.8,
ESTAT:TEINA205(1.0),1/3/2024 11:00,Q,B9,S13,PC_GDP_SCA,EA20,2020-Q4,-7.5,
ESTAT:TEINA205(1.0),1/3/2024 11:00,Q,B9,S13,PC_GDP_SCA,EA20,2021-Q1,-6.9,
ESTAT:TEINA205(1.0),1/3/2024 11:00,Q,B9,S13,PC_GDP_SCA,EA20,2021-Q2,-6.6,
ESTAT:TEINA205(1.0),1/3/2024 11:00,Q,B9,S13,PC_GDP_SCA,EA20,2021-Q3,-4,
ESTAT:TEINA205(1.0),1/3/2024 11:00,Q,B9,S13,PC_GDP_SCA,EA20,2021-Q4,-3.6,
ESTAT:TEINA205(1.0),1/3/2024 11:00,Q,B9,S13,PC_GDP_SCA,EA20,2022-Q1,-2.6,
ESTAT:TEINA205(1.0),1/3/2024 11:00,Q,B9,S13,PC_GDP_SCA,EA20,2022-Q2,-2.6,
ESTAT:TEINA205(1.0),1/3/2024 11:00,Q,B9,S13,PC_GDP_SCA,EA20,2022-Q3,-4,
ESTAT:TEINA205(1.0),1/3/2024 11:00,Q,B9,S13,PC_GDP_SCA,EA20,2022-Q4,-5.1,
ESTAT:TEINA205(1.0),1/3/2024 11:00,Q,B9,S13,PC_GDP_SCA,EA20,2023-Q1,-3,
ESTAT:TEINA205(1.0),1/3/2024 11:00,Q,B9,S13,PC_GDP_SCA,EA20,2023-Q2,-3,
ESTAT:TEINA205(1.0),1/3/2024 11:00,Q,B9,S13,PC_GDP_SCA,EA20,2023-Q3,-2.8,
ESTAT:TEINA205(1.0),1/3/2024 11:00,Q,B9,S13,PC_GDP_SCA,EE,2020-Q4,-5.4,
ESTAT:TEINA205(1.0),1/3/2024 11:00,Q,B9,S13,PC_GDP_SCA,EE,2021-Q1,-3.9,
ESTAT:TEINA205(1.0),1/3/2024 11:00,Q,B9,S13,PC_GDP_SCA,EE,2021-Q2,-4.2,
ESTAT:TEINA205(1.0),1/3/2024 11:00,Q,B9,S13,PC_GDP_SCA,EE,2021-Q3,-2,
ESTAT:TEINA205(1.0),1/3/2024 11:00,Q,B9,S13,PC_GDP_SCA,EE,2021-Q4,0,
ESTAT:TEINA205(1.0),1/3/2024 11:00,Q,B9,S13,PC_GDP_SCA,EE,2022-Q1,-1.2,
ESTAT:TEINA205(1.0),1/3/2024 11:00,Q,B9,S13,PC_GDP_SCA,EE,2022-Q2,1.1,
ESTAT:TEINA205(1.0),1/3/2024 11:00,Q,B9,S13,PC_GDP_SCA,EE,2022-Q3,-1.1,
ESTAT:TEINA205(1.0),1/3/2024 11:00,Q,B9,S13,PC_GDP_SCA,EE,2022-Q4,-2.6,
ESTAT:TEINA205(1.0),1/3/2024 11:00,Q,B9,S13,PC_GDP_SCA,EE,2023-Q1,-2.5,p
ESTAT:TEINA205(1.0),1/3/2024 11:00,Q,B9,S13,PC_GDP_SCA,EE,2023-Q2,-0.7,p
ESTAT:TEINA205(1.0),1/3/2024 11:00,Q,B9,S13,PC_GDP_SCA,EE,2023-Q3,-3.2,p
ESTAT:TEINA205(1.0),1/3/2024 11:00,Q,B9,S13,PC_GDP_SCA,EL,2023-Q3,-0.6,p
ESTAT:TEINA205(1.0),1/3/2024 11:00,Q,B9,S13,PC_GDP_SCA,ES,2020-Q4,-7.8,
ESTAT:TEINA205(1.0),1/3/2024 11:00,Q,B9,S13,PC_GDP_SCA,ES,2021-Q1,-8.8,
ESTAT:TEINA205(1.0),1/3/2024 11:00,Q,B9,S13,PC_GDP_SCA,ES,2021-Q2,-7.4,
ESTAT:TEINA205(1.0),1/3/2024 11:00,Q,B9,S13,PC_GDP_SCA,ES,2021-Q3,-6.9,
ESTAT:TEINA205(1.0),1/3/2024 11:00,Q,B9,S13,PC_GDP_SCA,ES,2021-Q4,-4,
ESTAT:TEINA205(1.0),1/3/2024 11:00,Q,B9,S13,PC_GDP_SCA,ES,2022-Q1,-3.5,
ESTAT:TEINA205(1.0),1/3/2024 11:00,Q,B9,S13,PC_GDP_SCA,ES,2022-Q2,-4.6,
ESTAT:TEINA205(1.0),1/3/2024 11:00,Q,B9,S13,PC_GDP_SCA,ES,2022-Q3,-4.9,
ESTAT:TEINA205(1.0),1/3/2024 11:00,Q,B9,S13,PC_GDP_SCA,ES,2022-Q4,-5.9,
ESTAT:TEINA205(1.0),1/3/2024 11:00,Q,B9,S13,PC_GDP_SCA,ES,2023-Q1,-2.6,p
ESTAT:TEINA205(1.0),1/3/2024 11:00,Q,B9,S13,PC_GDP_SCA,ES,2023-Q2,-4.9,p
ESTAT:TEINA205(1.0),1/3/2024 11:00,Q,B9,S13,PC_GDP_SCA,ES,2023-Q3,-4.3,p
ESTAT:TEINA205(1.0),1/3/2024 11:00,Q,B9,S13,PC_GDP_SCA,EU27_2020,2020-Q4,-7,
ESTAT:TEINA205(1.0),1/3/2024 11:00,Q,B9,S13,PC_GDP_SCA,EU27_2020,2021-Q1,-6.2,
ESTAT:TEINA205(1.0),1/3/2024 11:00,Q,B9,S13,PC_GDP_SCA,EU27_2020,2021-Q2,-6,
ESTAT:TEINA205(1.0),1/3/2024 11:00,Q,B9,S13,PC_GDP_SCA,EU27_2020,2021-Q3,-3.5,
ESTAT:TEINA205(1.0),1/3/2024 11:00,Q,B9,S13,PC_GDP_SCA,EU27_2020,2021-Q4,-3.4,
ESTAT:TEINA205(1.0),1/3/2024 11:00,Q,B9,S13,PC_GDP_SCA,EU27_2020,2022-Q1,-2.3,
ESTAT:TEINA205(1.0),1/3/2024 11:00,Q,B9,S13,PC_GDP_SCA,EU27_2020,2022-Q2,-2.3,
ESTAT:TEINA205(1.0),1/3/2024 11:00,Q,B9,S13,PC_GDP_SCA,EU27_2020,2022-Q3,-3.8,
ESTAT:TEINA205(1.0),1/3/2024 11:00,Q,B9,S13,PC_GDP_SCA,EU27_2020,2022-Q4,-4.9,
ESTAT:TEINA205(1.0),1/3/2024 11:00,Q,B9,S13,PC_GDP_SCA,EU27_2020,2023-Q1,-2.8,
ESTAT:TEINA205(1.0),1/3/2024 11:00,Q,B9,S13,PC_GDP_SCA,EU27_2020,2023-Q2,-3,
ESTAT:TEINA205(1.0),1/3/2024 11:00,Q,B9,S13,PC_GDP_SCA,EU27_2020,2023-Q3,-2.8,
ESTAT:TEINA205(1.0),1/3/2024 11:00,Q,B9,S13,PC_GDP_SCA,FI,2020-Q4,-6.8,
ESTAT:TEINA205(1.0),1/3/2024 11:00,Q,B9,S13,PC_GDP_SCA,FI,2021-Q1,-5.7,
ESTAT:TEINA205(1.0),1/3/2024 11:00,Q,B9,S13,PC_GDP_SCA,FI,2021-Q2,-2.9,
ESTAT:TEINA205(1.0),1/3/2024 11:00,Q,B9,S13,PC_GDP_SCA,FI,2021-Q3,-2.2,
ESTAT:TEINA205(1.0),1/3/2024 11:00,Q,B9,S13,PC_GDP_SCA,FI,2021-Q4,-0.5,
ESTAT:TEINA205(1.0),1/3/2024 11:00,Q,B9,S13,PC_GDP_SCA,FI,2022-Q1,-1.9,
ESTAT:TEINA205(1.0),1/3/2024 11:00,Q,B9,S13,PC_GDP_SCA,FI,2022-Q2,0.5,
ESTAT:TEINA205(1.0),1/3/2024 11:00,Q,B9,S13,PC_GDP_SCA,FI,2022-Q3,-0.2,
ESTAT:TEINA205(1.0),1/3/2024 11:00,Q,B9,S13,PC_GDP_SCA,FI,2022-Q4,-0.5,
ESTAT:TEINA205(1.0),1/3/2024 11:00,Q,B9,S13,PC_GDP_SCA,FI,2023-Q1,-1.2,p
ESTAT:TEINA205(1.0),1/3/2024 11:00,Q,B9,S13,PC_GDP_SCA,FI,2023-Q2,-2.9,p
ESTAT:TEINA205(1.0),1/3/2024 11:00,Q,B9,S13,PC_GDP_SCA,FI,2023-Q3,-2.1,p
ESTAT:TEINA205(1.0),1/3/2024 11:00,Q,B9,S13,PC_GDP_SCA,FR,2020-Q4,-10.3,
ESTAT:TEINA205(1.0),1/3/2024 11:00,Q,B9,S13,PC_GDP_SCA,FR,2021-Q1,-8.9,
ESTAT:TEINA205(1.0),1/3/2024 11:00,Q,B9,S13,PC_GDP_SCA,FR,2021-Q2,-7.9,
ESTAT:TEINA205(1.0),1/3/2024 11:00,Q,B9,S13,PC_GDP_SCA,FR,2021-Q3,-4.7,
ESTAT:TEINA205(1.0),1/3/2024 11:00,Q,B9,S13,PC_GDP_SCA,FR,2021-Q4,-4.6,
ESTAT:TEINA205(1.0),1/3/2024 11:00,Q,B9,S13,PC_GDP_SCA,FR,2022-Q1,-4.6,
ESTAT:TEINA205(1.0),1/3/2024 11:00,Q,B9,S13,PC_GDP_SCA,FR,2022-Q2,-3.7,
ESTAT:TEINA205(1.0),1/3/2024 11:00,Q,B9,S13,PC_GDP_SCA,FR,2022-Q3,-4.8,
ESTAT:TEINA205(1.0),1/3/2024 11:00,Q,B9,S13,PC_GDP_SCA,FR,2022-Q4,-6.1,
ESTAT:TEINA205(1.0),1/3/2024 11:00,Q,B9,S13,PC_GDP_SCA,FR,2023-Q1,-4.4,p
ESTAT:TEINA205(1.0),1/3/2024 11:00,Q,B9,S13,PC_GDP_SCA,FR,2023-Q2,-4.4,p
ESTAT:TEINA205(1.0),1/3/2024 11:00,Q,B9,S13,PC_GDP_SCA,FR,2023-Q3,-4.8,p
ESTAT:TEINA205(1.0),1/3/2024 11:00,Q,B9,S13,PC_GDP_SCA,HR,2020-Q4,-4.5,
ESTAT:TEINA205(1.0),1/3/2024 11:00,Q,B9,S13,PC_GDP_SCA,HR,2021-Q1,-2.4,
ESTAT:TEINA205(1.0),1/3/2024 11:00,Q,B9,S13,PC_GDP_SCA,HR,2021-Q2,-6.8,
ESTAT:TEINA205(1.0),1/3/2024 11:00,Q,B9,S13,PC_GDP_SCA,HR,2021-Q3,-1.1,
ESTAT:TEINA205(1.0),1/3/2024 11:00,Q,B9,S13,PC_GDP_SCA,HR,2021-Q4,-0.2,
ESTAT:TEINA205(1.0),1/3/2024 11:00,Q,B9,S13,PC_GDP_SCA,HR,2022-Q1,1,
ESTAT:TEINA205(1.0),1/3/2024 11:00,Q,B9,S13,PC_GDP_SCA,HR,2022-Q2,0.5,
ESTAT:TEINA205(1.0),1/3/2024 11:00,Q,B9,S13,PC_GDP_SCA,HR,2022-Q3,-0.3,
ESTAT:TEINA205(1.0),1/3/2024 11:00,Q,B9,S13,PC_GDP_SCA,HR,2022-Q4,-0.4,
ESTAT:TEINA205(1.0),1/3/2024 11:00,Q,B9,S13,PC_GDP_SCA,HR,2023-Q1,-0.6,p
ESTAT:TEINA205(1.0),1/3/2024 11:00,Q,B9,S13,PC_GDP_SCA,HR,2023-Q2,0.1,p
ESTAT:TEINA205(1.0),1/3/2024 11:00,Q,B9,S13,PC_GDP_SCA,HR,2023-Q3,2.2,p
ESTAT:TEINA205(1.0),1/3/2024 11:00,Q,B9,S13,PC_GDP_SCA,HU,2020-Q4,-10.5,
ESTAT:TEINA205(1.0),1/3/2024 11:00,Q,B9,S13,PC_GDP_SCA,HU,2021-Q1,-8.7,
ESTAT:TEINA205(1.0),1/3/2024 11:00,Q,B9,S13,PC_GDP_SCA,HU,2021-Q2,-7.6,
ESTAT:TEINA205(1.0),1/3/2024 11:00,Q,B9,S13,PC_GDP_SCA,HU,2021-Q3,-6.9,
ESTAT:TEINA205(1.0),1/3/2024 11:00,Q,B9,S13,PC_GDP_SCA,HU,2021-Q4,-5.7,
ESTAT:TEINA205(1.0),1/3/2024 11:00,Q,B9,S13,PC_GDP_SCA,HU,2022-Q1,-3.7,
ESTAT:TEINA205(1.0),1/3/2024 11:00,Q,B9,S13,PC_GDP_SCA,HU,2022-Q2,-4.6,
ESTAT:TEINA205(1.0),1/3/2024 11:00,Q,B9,S13,PC_GDP_SCA,HU,2022-Q3,-7.6,
ESTAT:TEINA205(1.0),1/3/2024 11:00,Q,B9,S13,PC_GDP_SCA,HU,2022-Q4,-8.7,
ESTAT:TEINA205(1.0),1/3/2024 11:00,Q,B9,S13,PC_GDP_SCA,HU,2023-Q1,-10,p
ESTAT:TEINA205(1.0),1/3/2024 11:00,Q,B9,S13,PC_GDP_SCA,HU,2023-Q2,-6.1,p
ESTAT:TEINA205(1.0),1/3/2024 11:00,Q,B9,S13,PC_GDP_SCA,HU,2023-Q3,-5.7,p
ESTAT:TEINA205(1.0),1/3/2024 11:00,Q,B9,S13,PC_GDP_SCA,IE,2020-Q4,-5.5,
ESTAT:TEINA205(1.0),1/3/2024 11:00,Q,B9,S13,PC_GDP_SCA,IE,2021-Q1,-4.5,
ESTAT:TEINA205(1.0),1/3/2024 11:00,Q,B9,S13,PC_GDP_SCA,IE,2021-Q2,-2,
ESTAT:TEINA205(1.0),1/3/2024 11:00,Q,B9,S13,PC_GDP_SCA,IE,2021-Q3,-1.1,
ESTAT:TEINA205(1.0),1/3/2024 11:00,Q,B9,S13,PC_GDP_SCA,IE,2021-Q4,1.2,
ESTAT:TEINA205(1.0),1/3/2024 11:00,Q,B9,S13,PC_GDP_SCA,IE,2022-Q1,1.1,
ESTAT:TEINA205(1.0),1/3/2024 11:00,Q,B9,S13,PC_GDP_SCA,IE,2022-Q2,1.6,
ESTAT:TEINA205(1.0),1/3/2024 11:00,Q,B9,S13,PC_GDP_SCA,IE,2022-Q3,2.5,
ESTAT:TEINA205(1.0),1/3/2024 11:00,Q,B9,S13,PC_GDP_SCA,IE,2022-Q4,1.4,
ESTAT:TEINA205(1.0),1/3/2024 11:00,Q,B9,S13,PC_GDP_SCA,IE,2023-Q1,2.5,p
ESTAT:TEINA205(1.0),1/3/2024 11:00,Q,B9,S13,PC_GDP_SCA,IE,2023-Q2,2.2,p
ESTAT:TEINA205(1.0),1/3/2024 11:00,Q,B9,S13,PC_GDP_SCA,IE,2023-Q3,1.6,p
ESTAT:TEINA205(1.0),1/3/2024 11:00,Q,B9,S13,PC_GDP_SCA,LT,2020-Q4,-8.2,
ESTAT:TEINA205(1.0),1/3/2024 11:00,Q,B9,S13,PC_GDP_SCA,LT,2021-Q1,-2.8,
ESTAT:TEINA205(1.0),1/3/2024 11:00,Q,B9,S13,PC_GDP_SCA,LT,2021-Q2,-1.4,
ESTAT:TEINA205(1.0),1/3/2024 11:00,Q,B9,S13,PC_GDP_SCA,LT,2021-Q3,-0.4,
ESTAT:TEINA205(1.0),1/3/2024 11:00,Q,B9,S13,PC_GDP_SCA,LT,2021-Q4,-0.3,
ESTAT:TEINA205(1.0),1/3/2024 11:00,Q,B9,S13,PC_GDP_SCA,LT,2022-Q1,1.6,
ESTAT:TEINA205(1.0),1/3/2024 11:00,Q,B9,S13,PC_GDP_SCA,LT,2022-Q2,0.9,
ESTAT:TEINA205(1.0),1/3/2024 11:00,Q,B9,S13,PC_GDP_SCA,LT,2022-Q3,0.4,
ESTAT:TEINA205(1.0),1/3/2024 11:00,Q,B9,S13,PC_GDP_SCA,LT,2022-Q4,-5.4,
ESTAT:TEINA205(1.0),1/3/2024 11:00,Q,B9,S13,PC_GDP_SCA,LT,2023-Q1,-0.9,p
ESTAT:TEINA205(1.0),1/3/2024 11:00,Q,B9,S13,PC_GDP_SCA,LT,2023-Q2,0.3,p
ESTAT:TEINA205(1.0),1/3/2024 11:00,Q,B9,S13,PC_GDP_SCA,LT,2023-Q3,0.8,p
ESTAT:TEINA205(1.0),1/3/2024 11:00,Q,B9,S13,PC_GDP_SCA,LU,2020-Q4,-3,
ESTAT:TEINA205(1.0),1/3/2024 11:00,Q,B9,S13,PC_GDP_SCA,LU,2021-Q1,1.9,
ESTAT:TEINA205(1.0),1/3/2024 11:00,Q,B9,S13,PC_GDP_SCA,LU,2021-Q2,-0.6,
ESTAT:TEINA205(1.0),1/3/2024 11:00,Q,B9,S13,PC_GDP_SCA,LU,2021-Q3,-0.5,
ESTAT:TEINA205(1.0),1/3/2024 11:00,Q,B9,S13,PC_GDP_SCA,LU,2021-Q4,1.8,
ESTAT:TEINA205(1.0),1/3/2024 11:00,Q,B9,S13,PC_GDP_SCA,LU,2022-Q1,1.3,
ESTAT:TEINA205(1.0),1/3/2024 11:00,Q,B9,S13,PC_GDP_SCA,LU,2022-Q2,0.2,
ESTAT:TEINA205(1.0),1/3/2024 11:00,Q,B9,S13,PC_GDP_SCA,LU,2022-Q3,-0.7,
ESTAT:TEINA205(1.0),1/3/2024 11:00,Q,B9,S13,PC_GDP_SCA,LU,2022-Q4,-1.8,
ESTAT:TEINA205(1.0),1/3/2024 11:00,Q,B9,S13,PC_GDP_SCA,LU,2023-Q1,0,p
ESTAT:TEINA205(1.0),1/3/2024 11:00,Q,B9,S13,PC_GDP_SCA,LU,2023-Q2,-0.2,p
ESTAT:TEINA205(1.0),1/3/2024 11:00,Q,B9,S13,PC_GDP_SCA,LU,2023-Q3,0.5,p
ESTAT:TEINA205(1.0),1/3/2024 11:00,Q,B9,S13,PC_GDP_SCA,LV,2020-Q4,-2.2,
ESTAT:TEINA205(1.0),1/3/2024 11:00,Q,B9,S13,PC_GDP_SCA,LV,2021-Q1,-11.4,
ESTAT:TEINA205(1.0),1/3/2024 11:00,Q,B9,S13,PC_GDP_SCA,LV,2021-Q2,-8.2,
ESTAT:TEINA205(1.0),1/3/2024 11:00,Q,B9,S13,PC_GDP_SCA,LV,2021-Q3,-4.1,
ESTAT:TEINA205(1.0),1/3/2024 11:00,Q,B9,S13,PC_GDP_SCA,LV,2021-Q4,-5.6,
ESTAT:TEINA205(1.0),1/3/2024 11:00,Q,B9,S13,PC_GDP_SCA,LV,2022-Q1,-3.7,
ESTAT:TEINA205(1.0),1/3/2024 11:00,Q,B9,S13,PC_GDP_SCA,LV,2022-Q2,-4.8,
ESTAT:TEINA205(1.0),1/3/2024 11:00,Q,B9,S13,PC_GDP_SCA,LV,2022-Q3,-3.7,
ESTAT:TEINA205(1.0),1/3/2024 11:00,Q,B9,S13,PC_GDP_SCA,LV,2022-Q4,-5.3,
ESTAT:TEINA205(1.0),1/3/2024 11:00,Q,B9,S13,PC_GDP_SCA,LV,2023-Q1,-3,p
ESTAT:TEINA205(1.0),1/3/2024 11:00,Q,B9,S13,PC_GDP_SCA,LV,2023-Q2,-0.2,p
ESTAT:TEINA205(1.0),1/3/2024 11:00,Q,B9,S13,PC_GDP_SCA,LV,2023-Q3,-5,p
ESTAT:TEINA205(1.0),1/3/2024 11:00,Q,B9,S13,PC_GDP_SCA,MT,2020-Q4,-8.1,
ESTAT:TEINA205(1.0),1/3/2024 11:00,Q,B9,S13,PC_GDP_SCA,MT,2021-Q1,-6.4,
ESTAT:TEINA205(1.0),1/3/2024 11:00,Q,B9,S13,PC_GDP_SCA,MT,2021-Q2,-7.8,
ESTAT:TEINA205(1.0),1/3/2024 11:00,Q,B9,S13,PC_GDP_SCA,MT,2021-Q3,-7.5,
ESTAT:TEINA205(1.0),1/3/2024 11:00,Q,B9,S13,PC_GDP_SCA,MT,2021-Q4,-7.7,
ESTAT:TEINA205(1.0),1/3/2024 11:00,Q,B9,S13,PC_GDP_SCA,MT,2022-Q1,-6.1,
ESTAT:TEINA205(1.0),1/3/2024 11:00,Q,B9,S13,PC_GDP_SCA,MT,2022-Q2,-3.1,
ESTAT:TEINA205(1.0),1/3/2024 11:00,Q,B9,S13,PC_GDP_SCA,MT,2022-Q3,-5.1,
ESTAT:TEINA205(1.0),1/3/2024 11:00,Q,B9,S13,PC_GDP_SCA,MT,2022-Q4,-6.9,
ESTAT:TEINA205(1.0),1/3/2024 11:00,Q,B9,S13,PC_GDP_SCA,MT,2023-Q1,-2.3,p
ESTAT:TEINA205(1.0),1/3/2024 11:00,Q,B9,S13,PC_GDP_SCA,MT,2023-Q2,-2.9,p
ESTAT:TEINA205(1.0),1/3/2024 11:00,Q,B9,S13,PC_GDP_SCA,MT,2023-Q3,-2.2,p
ESTAT:TEINA205(1.0),1/3/2024 11:00,Q,B9,S13,PC_GDP_SCA,NL,2020-Q4,-3.9,
ESTAT:TEINA205(1.0),1/3/2024 11:00,Q,B9,S13,PC_GDP_SCA,NL,2021-Q1,-3.8,
ESTAT:TEINA205(1.0),1/3/2024 11:00,Q,B9,S13,PC_GDP_SCA,NL,2021-Q2,-3.3,
ESTAT:TEINA205(1.0),1/3/2024 11:00,Q,B9,S13,PC_GDP_SCA,NL,2021-Q3,-1.3,
ESTAT:TEINA205(1.0),1/3/2024 11:00,Q,B9,S13,PC_GDP_SCA,NL,2021-Q4,-0.7,
ESTAT:TEINA205(1.0),1/3/2024 11:00,Q,B9,S13,PC_GDP_SCA,NL,2022-Q1,-0.3,p
ESTAT:TEINA205(1.0),1/3/2024 11:00,Q,B9,S13,PC_GDP_SCA,NL,2022-Q2,1.1,p
ESTAT:TEINA205(1.0),1/3/2024 11:00,Q,B9,S13,PC_GDP_SCA,NL,2022-Q3,-1.2,p
ESTAT:TEINA205(1.0),1/3/2024 11:00,Q,B9,S13,PC_GDP_SCA,NL,2022-Q4,0,p
ESTAT:TEINA205(1.0),1/3/2024 11:00,Q,B9,S13,PC_GDP_SCA,NL,2023-Q1,-0.2,p
ESTAT:TEINA205(1.0),1/3/2024 11:00,Q,B9,S13,PC_GDP_SCA,NL,2023-Q2,0.3,p
ESTAT:TEINA205(1.0),1/3/2024 11:00,Q,B9,S13,PC_GDP_SCA,NL,2023-Q3,0.4,p
ESTAT:TEINA205(1.0),1/3/2024 11:00,Q,B9,S13,PC_GDP_SCA,PL,2020-Q4,-3,
ESTAT:TEINA205(1.0),1/3/2024 11:00,Q,B9,S13,PC_GDP_SCA,PL,2021-Q1,-2.6,
ESTAT:TEINA205(1.0),1/3/2024 11:00,Q,B9,S13,PC_GDP_SCA,PL,2021-Q2,-1.5,
ESTAT:TEINA205(1.0),1/3/2024 11:00,Q,B9,S13,PC_GDP_SCA,PL,2021-Q3,-0.6,
ESTAT:TEINA205(1.0),1/3/2024 11:00,Q,B9,S13,PC_GDP_SCA,PL,2021-Q4,-2.8,
ESTAT:TEINA205(1.0),1/3/2024 11:00,Q,B9,S13,PC_GDP_SCA,PL,2022-Q1,-0.8,
ESTAT:TEINA205(1.0),1/3/2024 11:00,Q,B9,S13,PC_GDP_SCA,PL,2022-Q2,-1.1,
ESTAT:TEINA205(1.0),1/3/2024 11:00,Q,B9,S13,PC_GDP_SCA,PL,2022-Q3,-3.6,
ESTAT:TEINA205(1.0),1/3/2024 11:00,Q,B9,S13,PC_GDP_SCA,PL,2022-Q4,-8.3,
ESTAT:TEINA205(1.0),1/3/2024 11:00,Q,B9,S13,PC_GDP_SCA,PL,2023-Q1,-2.5,p
ESTAT:TEINA205(1.0),1/3/2024 11:00,Q,B9,S13,PC_GDP_SCA,PL,2023-Q2,-4.7,p
ESTAT:TEINA205(1.0),1/3/2024 11:00,Q,B9,S13,PC_GDP_SCA,PL,2023-Q3,-5.5,p
ESTAT:TEINA205(1.0),1/3/2024 11:00,Q,B9,S13,PC_GDP_SCA,PT,2020-Q4,-5.3,
ESTAT:TEINA205(1.0),1/3/2024 11:00,Q,B9,S13,PC_GDP_SCA,PT,2021-Q1,-4.7,
ESTAT:TEINA205(1.0),1/3/2024 11:00,Q,B9,S13,PC_GDP_SCA,PT,2021-Q2,-4.5,
ESTAT:TEINA205(1.0),1/3/2024 11:00,Q,B9,S13,PC_GDP_SCA,PT,2021-Q3,-1.7,
ESTAT:TEINA205(1.0),1/3/2024 11:00,Q,B9,S13,PC_GDP_SCA,PT,2021-Q4,-0.9,
ESTAT:TEINA205(1.0),1/3/2024 11:00,Q,B9,S13,PC_GDP_SCA,PT,2022-Q1,0.4,
ESTAT:TEINA205(1.0),1/3/2024 11:00,Q,B9,S13,PC_GDP_SCA,PT,2022-Q2,2.7,
ESTAT:TEINA205(1.0),1/3/2024 11:00,Q,B9,S13,PC_GDP_SCA,PT,2022-Q3,1.4,
ESTAT:TEINA205(1.0),1/3/2024 11:00,Q,B9,S13,PC_GDP_SCA,PT,2022-Q4,-5.5,
ESTAT:TEINA205(1.0),1/3/2024 11:00,Q,B9,S13,PC_GDP_SCA,PT,2023-Q1,2.2,p
ESTAT:TEINA205(1.0),1/3/2024 11:00,Q,B9,S13,PC_GDP_SCA,PT,2023-Q2,2.2,p
ESTAT:TEINA205(1.0),1/3/2024 11:00,Q,B9,S13,PC_GDP_SCA,PT,2023-Q3,2.5,p
ESTAT:TEINA205(1.0),1/3/2024 11:00,Q,B9,S13,PC_GDP_SCA,RO,2020-Q4,-10.4,
ESTAT:TEINA205(1.0),1/3/2024 11:00,Q,B9,S13,PC_GDP_SCA,RO,2021-Q1,-6.7,
ESTAT:TEINA205(1.0),1/3/2024 11:00,Q,B9,S13,PC_GDP_SCA,RO,2021-Q2,-9.4,
ESTAT:TEINA205(1.0),1/3/2024 11:00,Q,B9,S13,PC_GDP_SCA,RO,2021-Q3,-4.4,
ESTAT:TEINA205(1.0),1/3/2024 11:00,Q,B9,S13,PC_GDP_SCA,RO,2021-Q4,-8.7,
ESTAT:TEINA205(1.0),1/3/2024 11:00,Q,B9,S13,PC_GDP_SCA,RO,2022-Q1,-5.8,
ESTAT:TEINA205(1.0),1/3/2024 11:00,Q,B9,S13,PC_GDP_SCA,RO,2022-Q2,-5.3,
ESTAT:TEINA205(1.0),1/3/2024 11:00,Q,B9,S13,PC_GDP_SCA,RO,2022-Q3,-5.7,
ESTAT:TEINA205(1.0),1/3/2024 11:00,Q,B9,S13,PC_GDP_SCA,RO,2022-Q4,-8.5,
ESTAT:TEINA205(1.0),1/3/2024 11:00,Q,B9,S13,PC_GDP_SCA,RO,2023-Q1,-5.3,p
ESTAT:TEINA205(1.0),1/3/2024 11:00,Q,B9,S13,PC_GDP_SCA,RO,2023-Q2,-7.6,p
ESTAT:TEINA205(1.0),1/3/2024 11:00,Q,B9,S13,PC_GDP_SCA,RO,2023-Q3,-4.2,p
ESTAT:TEINA205(1.0),1/3/2024 11:00,Q,B9,S13,PC_GDP_SCA,SE,2020-Q4,-2.5,
ESTAT:TEINA205(1.0),1/3/2024 11:00,Q,B9,S13,PC_GDP_SCA,SE,2021-Q1,-0.4,
ESTAT:TEINA205(1.0),1/3/2024 11:00,Q,B9,S13,PC_GDP_SCA,SE,2021-Q2,-1,
ESTAT:TEINA205(1.0),1/3/2024 11:00,Q,B9,S13,PC_GDP_SCA,SE,2021-Q3,0.7,
ESTAT:TEINA205(1.0),1/3/2024 11:00,Q,B9,S13,PC_GDP_SCA,SE,2021-Q4,0.7,
ESTAT:TEINA205(1.0),1/3/2024 11:00,Q,B9,S13,PC_GDP_SCA,SE,2022-Q1,1.3,
ESTAT:TEINA205(1.0),1/3/2024 11:00,Q,B9,S13,PC_GDP_SCA,SE,2022-Q2,2.7,
ESTAT:TEINA205(1.0),1/3/2024 11:00,Q,B9,S13,PC_GDP_SCA,SE,2022-Q3,0.8,
ESTAT:TEINA205(1.0),1/3/2024 11:00,Q,B9,S13,PC_GDP_SCA,SE,2022-Q4,0.1,
ESTAT:TEINA205(1.0),1/3/2024 11:00,Q,B9,S13,PC_GDP_SCA,SE,2023-Q1,-0.1,p
ESTAT:TEINA205(1.0),1/3/2024 11:00,Q,B9,S13,PC_GDP_SCA,SE,2023-Q2,-0.8,p
ESTAT:TEINA205(1.0),1/3/2024 11:00,Q,B9,S13,PC_GDP_SCA,SE,2023-Q3,-0.3,p
ESTAT:TEINA205(1.0),1/3/2024 11:00,Q,B9,S13,PC_GDP_SCA,SI,2020-Q4,-9.3,
ESTAT:TEINA205(1.0),1/3/2024 11:00,Q,B9,S13,PC_GDP_SCA,SI,2021-Q1,-5.3,
ESTAT:TEINA205(1.0),1/3/2024 11:00,Q,B9,S13,PC_GDP_SCA,SI,2021-Q2,-5.2,
ESTAT:TEINA205(1.0),1/3/2024 11:00,Q,B9,S13,PC_GDP_SCA,SI,2021-Q3,-5.2,
ESTAT:TEINA205(1.0),1/3/2024 11:00,Q,B9,S13,PC_GDP_SCA,SI,2021-Q4,-4.2,
ESTAT:TEINA205(1.0),1/3/2024 11:00,Q,B9,S13,PC_GDP_SCA,SI,2022-Q1,-2.4,
ESTAT:TEINA205(1.0),1/3/2024 11:00,Q,B9,S13,PC_GDP_SCA,SI,2022-Q2,-3.4,
ESTAT:TEINA205(1.0),1/3/2024 11:00,Q,B9,S13,PC_GDP_SCA,SI,2022-Q3,-3.3,
ESTAT:TEINA205(1.0),1/3/2024 11:00,Q,B9,S13,PC_GDP_SCA,SI,2022-Q4,-2.8,
ESTAT:TEINA205(1.0),1/3/2024 11:00,Q,B9,S13,PC_GDP_SCA,SI,2023-Q1,-3.4,p
ESTAT:TEINA205(1.0),1/3/2024 11:00,Q,B9,S13,PC_GDP_SCA,SI,2023-Q2,-3,p
ESTAT:TEINA205(1.0),1/3/2024 11:00,Q,B9,S13,PC_GDP_SCA,SI,2023-Q3,-4,p
ESTAT:TEINA205(1.0),1/3/2024 11:00,Q,B9,S13,PC_GDP_SCA,SK,2020-Q4,-5.7,
ESTAT:TEINA205(1.0),1/3/2024 11:00,Q,B9,S13,PC_GDP_SCA,SK,2021-Q1,-6.2,
ESTAT:TEINA205(1.0),1/3/2024 11:00,Q,B9,S13,PC_GDP_SCA,SK,2021-Q2,-5.9,
ESTAT:TEINA205(1.0),1/3/2024 11:00,Q,B9,S13,PC_GDP_SCA,SK,2021-Q3,-3.3,
ESTAT:TEINA205(1.0),1/3/2024 11:00,Q,B9,S13,PC_GDP_SCA,SK,2021-Q4,-5.3,
ESTAT:TEINA205(1.0),1/3/2024 11:00,Q,B9,S13,PC_GDP_SCA,SK,2022-Q1,-2,
ESTAT:TEINA205(1.0),1/3/2024 11:00,Q,B9,S13,PC_GDP_SCA,SK,2022-Q2,-1.8,
ESTAT:TEINA205(1.0),1/3/2024 11:00,Q,B9,S13,PC_GDP_SCA,SK,2022-Q3,-1.4,
ESTAT:TEINA205(1.0),1/3/2024 11:00,Q,B9,S13,PC_GDP_SCA,SK,2022-Q4,-2.8,
ESTAT:TEINA205(1.0),1/3/2024 11:00,Q,B9,S13,PC_GDP_SCA,SK,2023-Q1,-4.3,p
ESTAT:TEINA205(1.0),1/3/2024 11:00,Q,B9,S13,PC_GDP_SCA,SK,2023-Q2,-5.1,p
ESTAT:TEINA205(1.0),1/3/2024 11:00,Q,B9,S13,PC_GDP_SCA,SK,2023-Q3,-7,p
