DATAFLOW,LAST UPDATE,freq,age,unit,sex,geo,TIME_PERIOD,OBS_VALUE,OBS_FLAG
ESTAT:TPS00203(1.0),14/12/23 23:00:00,A,Y15-74,PC_ACT,T,AT,2011,4.9,
ESTAT:TPS00203(1.0),14/12/23 23:00:00,A,Y15-74,PC_ACT,T,AT,2012,5.2,
ESTAT:TPS00203(1.0),14/12/23 23:00:00,A,Y15-74,PC_ACT,T,AT,2013,5.7,
ESTAT:TPS00203(1.0),14/12/23 23:00:00,A,Y15-74,PC_ACT,T,AT,2014,6,
ESTAT:TPS00203(1.0),14/12/23 23:00:00,A,Y15-74,PC_ACT,T,AT,2015,6.1,
ESTAT:TPS00203(1.0),14/12/23 23:00:00,A,Y15-74,PC_ACT,T,AT,2016,6.5,
ESTAT:TPS00203(1.0),14/12/23 23:00:00,A,Y15-74,PC_ACT,T,AT,2017,5.9,
ESTAT:TPS00203(1.0),14/12/23 23:00:00,A,Y15-74,PC_ACT,T,AT,2018,5.2,
ESTAT:TPS00203(1.0),14/12/23 23:00:00,A,Y15-74,PC_ACT,T,AT,2019,4.8,
ESTAT:TPS00203(1.0),14/12/23 23:00:00,A,Y15-74,PC_ACT,T,AT,2020,6,
ESTAT:TPS00203(1.0),14/12/23 23:00:00,A,Y15-74,PC_ACT,T,AT,2021,6.2,
ESTAT:TPS00203(1.0),14/12/23 23:00:00,A,Y15-74,PC_ACT,T,AT,2022,4.8,
ESTAT:TPS00203(1.0),14/12/23 23:00:00,A,Y15-74,PC_ACT,T,BE,2011,7.2,
ESTAT:TPS00203(1.0),14/12/23 23:00:00,A,Y15-74,PC_ACT,T,BE,2012,7.6,
ESTAT:TPS00203(1.0),14/12/23 23:00:00,A,Y15-74,PC_ACT,T,BE,2013,8.6,
ESTAT:TPS00203(1.0),14/12/23 23:00:00,A,Y15-74,PC_ACT,T,BE,2014,8.7,
ESTAT:TPS00203(1.0),14/12/23 23:00:00,A,Y15-74,PC_ACT,T,BE,2015,8.7,
ESTAT:TPS00203(1.0),14/12/23 23:00:00,A,Y15-74,PC_ACT,T,BE,2016,7.9,
ESTAT:TPS00203(1.0),14/12/23 23:00:00,A,Y15-74,PC_ACT,T,BE,2017,7.2,b
ESTAT:TPS00203(1.0),14/12/23 23:00:00,A,Y15-74,PC_ACT,T,BE,2018,6,
ESTAT:TPS00203(1.0),14/12/23 23:00:00,A,Y15-74,PC_ACT,T,BE,2019,5.5,
ESTAT:TPS00203(1.0),14/12/23 23:00:00,A,Y15-74,PC_ACT,T,BE,2020,5.8,
ESTAT:TPS00203(1.0),14/12/23 23:00:00,A,Y15-74,PC_ACT,T,BE,2021,6.3,
ESTAT:TPS00203(1.0),14/12/23 23:00:00,A,Y15-74,PC_ACT,T,BE,2022,5.6,
ESTAT:TPS00203(1.0),14/12/23 23:00:00,A,Y15-74,PC_ACT,T,BG,2011,12.3,b
ESTAT:TPS00203(1.0),14/12/23 23:00:00,A,Y15-74,PC_ACT,T,BG,2012,13.3,
ESTAT:TPS00203(1.0),14/12/23 23:00:00,A,Y15-74,PC_ACT,T,BG,2013,13.9,
ESTAT:TPS00203(1.0),14/12/23 23:00:00,A,Y15-74,PC_ACT,T,BG,2014,12.4,
ESTAT:TPS00203(1.0),14/12/23 23:00:00,A,Y15-74,PC_ACT,T,BG,2015,10.1,
ESTAT:TPS00203(1.0),14/12/23 23:00:00,A,Y15-74,PC_ACT,T,BG,2016,8.6,
ESTAT:TPS00203(1.0),14/12/23 23:00:00,A,Y15-74,PC_ACT,T,BG,2017,7.2,
ESTAT:TPS00203(1.0),14/12/23 23:00:00,A,Y15-74,PC_ACT,T,BG,2018,6.2,
ESTAT:TPS00203(1.0),14/12/23 23:00:00,A,Y15-74,PC_ACT,T,BG,2019,5.2,
ESTAT:TPS00203(1.0),14/12/23 23:00:00,A,Y15-74,PC_ACT,T,BG,2020,6.1,
ESTAT:TPS00203(1.0),14/12/23 23:00:00,A,Y15-74,PC_ACT,T,BG,2021,5.3,
ESTAT:TPS00203(1.0),14/12/23 23:00:00,A,Y15-74,PC_ACT,T,BG,2022,4.3,
ESTAT:TPS00203(1.0),14/12/23 23:00:00,A,Y15-74,PC_ACT,T,CH,2011,4.4,
ESTAT:TPS00203(1.0),14/12/23 23:00:00,A,Y15-74,PC_ACT,T,CH,2012,4.5,
ESTAT:TPS00203(1.0),14/12/23 23:00:00,A,Y15-74,PC_ACT,T,CH,2013,4.8,
ESTAT:TPS00203(1.0),14/12/23 23:00:00,A,Y15-74,PC_ACT,T,CH,2014,4.9,
ESTAT:TPS00203(1.0),14/12/23 23:00:00,A,Y15-74,PC_ACT,T,CH,2015,4.8,
ESTAT:TPS00203(1.0),14/12/23 23:00:00,A,Y15-74,PC_ACT,T,CH,2016,5,
ESTAT:TPS00203(1.0),14/12/23 23:00:00,A,Y15-74,PC_ACT,T,CH,2017,4.8,
ESTAT:TPS00203(1.0),14/12/23 23:00:00,A,Y15-74,PC_ACT,T,CH,2018,4.7,
ESTAT:TPS00203(1.0),14/12/23 23:00:00,A,Y15-74,PC_ACT,T,CH,2019,4.4,
ESTAT:TPS00203(1.0),14/12/23 23:00:00,A,Y15-74,PC_ACT,T,CH,2020,4.8,
ESTAT:TPS00203(1.0),14/12/23 23:00:00,A,Y15-74,PC_ACT,T,CH,2021,5.1,
ESTAT:TPS00203(1.0),14/12/23 23:00:00,A,Y15-74,PC_ACT,T,CH,2022,4.3,
ESTAT:TPS00203(1.0),14/12/23 23:00:00,A,Y15-74,PC_ACT,T,CY,2011,7.9,
ESTAT:TPS00203(1.0),14/12/23 23:00:00,A,Y15-74,PC_ACT,T,CY,2012,11.9,
ESTAT:TPS00203(1.0),14/12/23 23:00:00,A,Y15-74,PC_ACT,T,CY,2013,15.9,
ESTAT:TPS00203(1.0),14/12/23 23:00:00,A,Y15-74,PC_ACT,T,CY,2014,16.1,
ESTAT:TPS00203(1.0),14/12/23 23:00:00,A,Y15-74,PC_ACT,T,CY,2015,15,
ESTAT:TPS00203(1.0),14/12/23 23:00:00,A,Y15-74,PC_ACT,T,CY,2016,13,
ESTAT:TPS00203(1.0),14/12/23 23:00:00,A,Y15-74,PC_ACT,T,CY,2017,11.1,
ESTAT:TPS00203(1.0),14/12/23 23:00:00,A,Y15-74,PC_ACT,T,CY,2018,8.4,
ESTAT:TPS00203(1.0),14/12/23 23:00:00,A,Y15-74,PC_ACT,T,CY,2019,7.1,
ESTAT:TPS00203(1.0),14/12/23 23:00:00,A,Y15-74,PC_ACT,T,CY,2020,7.6,
ESTAT:TPS00203(1.0),14/12/23 23:00:00,A,Y15-74,PC_ACT,T,CY,2021,7.5,
ESTAT:TPS00203(1.0),14/12/23 23:00:00,A,Y15-74,PC_ACT,T,CY,2022,6.8,
ESTAT:TPS00203(1.0),14/12/23 23:00:00,A,Y15-74,PC_ACT,T,CZ,2011,6.7,b
ESTAT:TPS00203(1.0),14/12/23 23:00:00,A,Y15-74,PC_ACT,T,CZ,2012,7,
ESTAT:TPS00203(1.0),14/12/23 23:00:00,A,Y15-74,PC_ACT,T,CZ,2013,7,
ESTAT:TPS00203(1.0),14/12/23 23:00:00,A,Y15-74,PC_ACT,T,CZ,2014,6.1,
ESTAT:TPS00203(1.0),14/12/23 23:00:00,A,Y15-74,PC_ACT,T,CZ,2015,5.1,
ESTAT:TPS00203(1.0),14/12/23 23:00:00,A,Y15-74,PC_ACT,T,CZ,2016,4,
ESTAT:TPS00203(1.0),14/12/23 23:00:00,A,Y15-74,PC_ACT,T,CZ,2017,2.9,
ESTAT:TPS00203(1.0),14/12/23 23:00:00,A,Y15-74,PC_ACT,T,CZ,2018,2.2,
ESTAT:TPS00203(1.0),14/12/23 23:00:00,A,Y15-74,PC_ACT,T,CZ,2019,2,
ESTAT:TPS00203(1.0),14/12/23 23:00:00,A,Y15-74,PC_ACT,T,CZ,2020,2.6,
ESTAT:TPS00203(1.0),14/12/23 23:00:00,A,Y15-74,PC_ACT,T,CZ,2021,2.8,
ESTAT:TPS00203(1.0),14/12/23 23:00:00,A,Y15-74,PC_ACT,T,CZ,2022,2.2,
ESTAT:TPS00203(1.0),14/12/23 23:00:00,A,Y15-74,PC_ACT,T,DE,2011,5.5,b
ESTAT:TPS00203(1.0),14/12/23 23:00:00,A,Y15-74,PC_ACT,T,DE,2012,5.1,
ESTAT:TPS00203(1.0),14/12/23 23:00:00,A,Y15-74,PC_ACT,T,DE,2013,5,
ESTAT:TPS00203(1.0),14/12/23 23:00:00,A,Y15-74,PC_ACT,T,DE,2014,4.7,
ESTAT:TPS00203(1.0),14/12/23 23:00:00,A,Y15-74,PC_ACT,T,DE,2015,4.4,
ESTAT:TPS00203(1.0),14/12/23 23:00:00,A,Y15-74,PC_ACT,T,DE,2016,3.9,
ESTAT:TPS00203(1.0),14/12/23 23:00:00,A,Y15-74,PC_ACT,T,DE,2017,3.6,
ESTAT:TPS00203(1.0),14/12/23 23:00:00,A,Y15-74,PC_ACT,T,DE,2018,3.2,
ESTAT:TPS00203(1.0),14/12/23 23:00:00,A,Y15-74,PC_ACT,T,DE,2019,3,
ESTAT:TPS00203(1.0),14/12/23 23:00:00,A,Y15-74,PC_ACT,T,DE,2020,3.7,b
ESTAT:TPS00203(1.0),14/12/23 23:00:00,A,Y15-74,PC_ACT,T,DE,2021,3.7,
ESTAT:TPS00203(1.0),14/12/23 23:00:00,A,Y15-74,PC_ACT,T,DE,2022,3.1,
ESTAT:TPS00203(1.0),14/12/23 23:00:00,A,Y15-74,PC_ACT,T,DK,2011,7.8,
ESTAT:TPS00203(1.0),14/12/23 23:00:00,A,Y15-74,PC_ACT,T,DK,2012,7.8,
ESTAT:TPS00203(1.0),14/12/23 23:00:00,A,Y15-74,PC_ACT,T,DK,2013,7.4,
ESTAT:TPS00203(1.0),14/12/23 23:00:00,A,Y15-74,PC_ACT,T,DK,2014,6.9,
ESTAT:TPS00203(1.0),14/12/23 23:00:00,A,Y15-74,PC_ACT,T,DK,2015,6.3,
ESTAT:TPS00203(1.0),14/12/23 23:00:00,A,Y15-74,PC_ACT,T,DK,2016,6,b
ESTAT:TPS00203(1.0),14/12/23 23:00:00,A,Y15-74,PC_ACT,T,DK,2017,5.8,b
ESTAT:TPS00203(1.0),14/12/23 23:00:00,A,Y15-74,PC_ACT,T,DK,2018,5.1,
ESTAT:TPS00203(1.0),14/12/23 23:00:00,A,Y15-74,PC_ACT,T,DK,2019,5,
ESTAT:TPS00203(1.0),14/12/23 23:00:00,A,Y15-74,PC_ACT,T,DK,2020,5.6,
ESTAT:TPS00203(1.0),14/12/23 23:00:00,A,Y15-74,PC_ACT,T,DK,2021,5.1,
ESTAT:TPS00203(1.0),14/12/23 23:00:00,A,Y15-74,PC_ACT,T,DK,2022,4.5,
ESTAT:TPS00203(1.0),14/12/23 23:00:00,A,Y15-74,PC_ACT,T,EA20,2011,10.3,
ESTAT:TPS00203(1.0),14/12/23 23:00:00,A,Y15-74,PC_ACT,T,EA20,2012,11.5,
ESTAT:TPS00203(1.0),14/12/23 23:00:00,A,Y15-74,PC_ACT,T,EA20,2013,12.2,
ESTAT:TPS00203(1.0),14/12/23 23:00:00,A,Y15-74,PC_ACT,T,EA20,2014,11.7,
ESTAT:TPS00203(1.0),14/12/23 23:00:00,A,Y15-74,PC_ACT,T,EA20,2015,11,
ESTAT:TPS00203(1.0),14/12/23 23:00:00,A,Y15-74,PC_ACT,T,EA20,2016,10.1,
ESTAT:TPS00203(1.0),14/12/23 23:00:00,A,Y15-74,PC_ACT,T,EA20,2017,9.1,
ESTAT:TPS00203(1.0),14/12/23 23:00:00,A,Y15-74,PC_ACT,T,EA20,2018,8.2,
ESTAT:TPS00203(1.0),14/12/23 23:00:00,A,Y15-74,PC_ACT,T,EA20,2019,7.6,
ESTAT:TPS00203(1.0),14/12/23 23:00:00,A,Y15-74,PC_ACT,T,EA20,2020,8,
ESTAT:TPS00203(1.0),14/12/23 23:00:00,A,Y15-74,PC_ACT,T,EA20,2021,7.7,
ESTAT:TPS00203(1.0),14/12/23 23:00:00,A,Y15-74,PC_ACT,T,EA20,2022,6.8,
ESTAT:TPS00203(1.0),14/12/23 23:00:00,A,Y15-74,PC_ACT,T,EE,2011,12.3,
ESTAT:TPS00203(1.0),14/12/23 23:00:00,A,Y15-74,PC_ACT,T,EE,2012,9.9,
ESTAT:TPS00203(1.0),14/12/23 23:00:00,A,Y15-74,PC_ACT,T,EE,2013,8.6,
ESTAT:TPS00203(1.0),14/12/23 23:00:00,A,Y15-74,PC_ACT,T,EE,2014,7.3,
ESTAT:TPS00203(1.0),14/12/23 23:00:00,A,Y15-74,PC_ACT,T,EE,2015,6.4,
ESTAT:TPS00203(1.0),14/12/23 23:00:00,A,Y15-74,PC_ACT,T,EE,2016,6.8,
ESTAT:TPS00203(1.0),14/12/23 23:00:00,A,Y15-74,PC_ACT,T,EE,2017,5.8,
ESTAT:TPS00203(1.0),14/12/23 23:00:00,A,Y15-74,PC_ACT,T,EE,2018,5.4,
ESTAT:TPS00203(1.0),14/12/23 23:00:00,A,Y15-74,PC_ACT,T,EE,2019,4.5,
ESTAT:TPS00203(1.0),14/12/23 23:00:00,A,Y15-74,PC_ACT,T,EE,2020,6.9,
ESTAT:TPS00203(1.0),14/12/23 23:00:00,A,Y15-74,PC_ACT,T,EE,2021,6.2,
ESTAT:TPS00203(1.0),14/12/23 23:00:00,A,Y15-74,PC_ACT,T,EE,2022,5.6,
ESTAT:TPS00203(1.0),14/12/23 23:00:00,A,Y15-74,PC_ACT,T,EL,2011,18.1,
ESTAT:TPS00203(1.0),14/12/23 23:00:00,A,Y15-74,PC_ACT,T,EL,2012,24.8,
ESTAT:TPS00203(1.0),14/12/23 23:00:00,A,Y15-74,PC_ACT,T,EL,2013,27.8,
ESTAT:TPS00203(1.0),14/12/23 23:00:00,A,Y15-74,PC_ACT,T,EL,2014,26.6,
ESTAT:TPS00203(1.0),14/12/23 23:00:00,A,Y15-74,PC_ACT,T,EL,2015,25,
ESTAT:TPS00203(1.0),14/12/23 23:00:00,A,Y15-74,PC_ACT,T,EL,2016,23.9,
ESTAT:TPS00203(1.0),14/12/23 23:00:00,A,Y15-74,PC_ACT,T,EL,2017,21.8,
ESTAT:TPS00203(1.0),14/12/23 23:00:00,A,Y15-74,PC_ACT,T,EL,2018,19.7,
ESTAT:TPS00203(1.0),14/12/23 23:00:00,A,Y15-74,PC_ACT,T,EL,2019,17.9,
ESTAT:TPS00203(1.0),14/12/23 23:00:00,A,Y15-74,PC_ACT,T,EL,2020,17.6,
ESTAT:TPS00203(1.0),14/12/23 23:00:00,A,Y15-74,PC_ACT,T,EL,2021,14.7,
ESTAT:TPS00203(1.0),14/12/23 23:00:00,A,Y15-74,PC_ACT,T,EL,2022,12.5,
ESTAT:TPS00203(1.0),14/12/23 23:00:00,A,Y15-74,PC_ACT,T,ES,2011,21.4,
ESTAT:TPS00203(1.0),14/12/23 23:00:00,A,Y15-74,PC_ACT,T,ES,2012,24.8,
ESTAT:TPS00203(1.0),14/12/23 23:00:00,A,Y15-74,PC_ACT,T,ES,2013,26.1,
ESTAT:TPS00203(1.0),14/12/23 23:00:00,A,Y15-74,PC_ACT,T,ES,2014,24.5,
ESTAT:TPS00203(1.0),14/12/23 23:00:00,A,Y15-74,PC_ACT,T,ES,2015,22.1,
ESTAT:TPS00203(1.0),14/12/23 23:00:00,A,Y15-74,PC_ACT,T,ES,2016,19.6,
ESTAT:TPS00203(1.0),14/12/23 23:00:00,A,Y15-74,PC_ACT,T,ES,2017,17.2,
ESTAT:TPS00203(1.0),14/12/23 23:00:00,A,Y15-74,PC_ACT,T,ES,2018,15.3,
ESTAT:TPS00203(1.0),14/12/23 23:00:00,A,Y15-74,PC_ACT,T,ES,2019,14.1,
ESTAT:TPS00203(1.0),14/12/23 23:00:00,A,Y15-74,PC_ACT,T,ES,2020,15.5,
ESTAT:TPS00203(1.0),14/12/23 23:00:00,A,Y15-74,PC_ACT,T,ES,2021,14.8,d
ESTAT:TPS00203(1.0),14/12/23 23:00:00,A,Y15-74,PC_ACT,T,ES,2022,12.9,d
ESTAT:TPS00203(1.0),14/12/23 23:00:00,A,Y15-74,PC_ACT,T,EU27_2020,2011,10.1,
ESTAT:TPS00203(1.0),14/12/23 23:00:00,A,Y15-74,PC_ACT,T,EU27_2020,2012,11.1,
ESTAT:TPS00203(1.0),14/12/23 23:00:00,A,Y15-74,PC_ACT,T,EU27_2020,2013,11.6,
ESTAT:TPS00203(1.0),14/12/23 23:00:00,A,Y15-74,PC_ACT,T,EU27_2020,2014,11,
ESTAT:TPS00203(1.0),14/12/23 23:00:00,A,Y15-74,PC_ACT,T,EU27_2020,2015,10.2,
ESTAT:TPS00203(1.0),14/12/23 23:00:00,A,Y15-74,PC_ACT,T,EU27_2020,2016,9.3,
ESTAT:TPS00203(1.0),14/12/23 23:00:00,A,Y15-74,PC_ACT,T,EU27_2020,2017,8.3,
ESTAT:TPS00203(1.0),14/12/23 23:00:00,A,Y15-74,PC_ACT,T,EU27_2020,2018,7.4,
ESTAT:TPS00203(1.0),14/12/23 23:00:00,A,Y15-74,PC_ACT,T,EU27_2020,2019,6.8,
ESTAT:TPS00203(1.0),14/12/23 23:00:00,A,Y15-74,PC_ACT,T,EU27_2020,2020,7.2,
ESTAT:TPS00203(1.0),14/12/23 23:00:00,A,Y15-74,PC_ACT,T,EU27_2020,2021,7.1,
ESTAT:TPS00203(1.0),14/12/23 23:00:00,A,Y15-74,PC_ACT,T,EU27_2020,2022,6.2,
ESTAT:TPS00203(1.0),14/12/23 23:00:00,A,Y15-74,PC_ACT,T,FI,2011,8,
ESTAT:TPS00203(1.0),14/12/23 23:00:00,A,Y15-74,PC_ACT,T,FI,2012,7.9,
ESTAT:TPS00203(1.0),14/12/23 23:00:00,A,Y15-74,PC_ACT,T,FI,2013,8.3,
ESTAT:TPS00203(1.0),14/12/23 23:00:00,A,Y15-74,PC_ACT,T,FI,2014,8.7,
ESTAT:TPS00203(1.0),14/12/23 23:00:00,A,Y15-74,PC_ACT,T,FI,2015,9.4,
ESTAT:TPS00203(1.0),14/12/23 23:00:00,A,Y15-74,PC_ACT,T,FI,2016,8.9,
ESTAT:TPS00203(1.0),14/12/23 23:00:00,A,Y15-74,PC_ACT,T,FI,2017,8.7,
ESTAT:TPS00203(1.0),14/12/23 23:00:00,A,Y15-74,PC_ACT,T,FI,2018,7.5,
ESTAT:TPS00203(1.0),14/12/23 23:00:00,A,Y15-74,PC_ACT,T,FI,2019,6.8,
ESTAT:TPS00203(1.0),14/12/23 23:00:00,A,Y15-74,PC_ACT,T,FI,2020,7.7,
ESTAT:TPS00203(1.0),14/12/23 23:00:00,A,Y15-74,PC_ACT,T,FI,2021,7.7,
ESTAT:TPS00203(1.0),14/12/23 23:00:00,A,Y15-74,PC_ACT,T,FI,2022,6.8,
ESTAT:TPS00203(1.0),14/12/23 23:00:00,A,Y15-74,PC_ACT,T,FR,2011,9.2,
ESTAT:TPS00203(1.0),14/12/23 23:00:00,A,Y15-74,PC_ACT,T,FR,2012,9.8,
ESTAT:TPS00203(1.0),14/12/23 23:00:00,A,Y15-74,PC_ACT,T,FR,2013,10.3,
ESTAT:TPS00203(1.0),14/12/23 23:00:00,A,Y15-74,PC_ACT,T,FR,2014,10.3,
ESTAT:TPS00203(1.0),14/12/23 23:00:00,A,Y15-74,PC_ACT,T,FR,2015,10.3,
ESTAT:TPS00203(1.0),14/12/23 23:00:00,A,Y15-74,PC_ACT,T,FR,2016,10.1,
ESTAT:TPS00203(1.0),14/12/23 23:00:00,A,Y15-74,PC_ACT,T,FR,2017,9.4,
ESTAT:TPS00203(1.0),14/12/23 23:00:00,A,Y15-74,PC_ACT,T,FR,2018,9,
ESTAT:TPS00203(1.0),14/12/23 23:00:00,A,Y15-74,PC_ACT,T,FR,2019,8.4,
ESTAT:TPS00203(1.0),14/12/23 23:00:00,A,Y15-74,PC_ACT,T,FR,2020,8,
ESTAT:TPS00203(1.0),14/12/23 23:00:00,A,Y15-74,PC_ACT,T,FR,2021,7.9,d
ESTAT:TPS00203(1.0),14/12/23 23:00:00,A,Y15-74,PC_ACT,T,FR,2022,7.3,d
ESTAT:TPS00203(1.0),14/12/23 23:00:00,A,Y15-74,PC_ACT,T,HR,2011,13.7,
ESTAT:TPS00203(1.0),14/12/23 23:00:00,A,Y15-74,PC_ACT,T,HR,2012,16,
ESTAT:TPS00203(1.0),14/12/23 23:00:00,A,Y15-74,PC_ACT,T,HR,2013,17.3,
ESTAT:TPS00203(1.0),14/12/23 23:00:00,A,Y15-74,PC_ACT,T,HR,2014,17.3,
ESTAT:TPS00203(1.0),14/12/23 23:00:00,A,Y15-74,PC_ACT,T,HR,2015,16.2,
ESTAT:TPS00203(1.0),14/12/23 23:00:00,A,Y15-74,PC_ACT,T,HR,2016,13.1,
ESTAT:TPS00203(1.0),14/12/23 23:00:00,A,Y15-74,PC_ACT,T,HR,2017,11.2,
ESTAT:TPS00203(1.0),14/12/23 23:00:00,A,Y15-74,PC_ACT,T,HR,2018,8.5,
ESTAT:TPS00203(1.0),14/12/23 23:00:00,A,Y15-74,PC_ACT,T,HR,2019,6.6,
ESTAT:TPS00203(1.0),14/12/23 23:00:00,A,Y15-74,PC_ACT,T,HR,2020,7.5,
ESTAT:TPS00203(1.0),14/12/23 23:00:00,A,Y15-74,PC_ACT,T,HR,2021,7.6,
ESTAT:TPS00203(1.0),14/12/23 23:00:00,A,Y15-74,PC_ACT,T,HR,2022,7,
ESTAT:TPS00203(1.0),14/12/23 23:00:00,A,Y15-74,PC_ACT,T,HU,2011,10.7,
ESTAT:TPS00203(1.0),14/12/23 23:00:00,A,Y15-74,PC_ACT,T,HU,2012,10.7,
ESTAT:TPS00203(1.0),14/12/23 23:00:00,A,Y15-74,PC_ACT,T,HU,2013,9.8,
ESTAT:TPS00203(1.0),14/12/23 23:00:00,A,Y15-74,PC_ACT,T,HU,2014,7.5,
ESTAT:TPS00203(1.0),14/12/23 23:00:00,A,Y15-74,PC_ACT,T,HU,2015,6.6,
ESTAT:TPS00203(1.0),14/12/23 23:00:00,A,Y15-74,PC_ACT,T,HU,2016,5,
ESTAT:TPS00203(1.0),14/12/23 23:00:00,A,Y15-74,PC_ACT,T,HU,2017,4,
ESTAT:TPS00203(1.0),14/12/23 23:00:00,A,Y15-74,PC_ACT,T,HU,2018,3.6,
ESTAT:TPS00203(1.0),14/12/23 23:00:00,A,Y15-74,PC_ACT,T,HU,2019,3.3,
ESTAT:TPS00203(1.0),14/12/23 23:00:00,A,Y15-74,PC_ACT,T,HU,2020,4.1,
ESTAT:TPS00203(1.0),14/12/23 23:00:00,A,Y15-74,PC_ACT,T,HU,2021,4.1,
ESTAT:TPS00203(1.0),14/12/23 23:00:00,A,Y15-74,PC_ACT,T,HU,2022,3.6,
ESTAT:TPS00203(1.0),14/12/23 23:00:00,A,Y15-74,PC_ACT,T,IE,2011,15.4,
ESTAT:TPS00203(1.0),14/12/23 23:00:00,A,Y15-74,PC_ACT,T,IE,2012,15.5,
ESTAT:TPS00203(1.0),14/12/23 23:00:00,A,Y15-74,PC_ACT,T,IE,2013,13.8,
ESTAT:TPS00203(1.0),14/12/23 23:00:00,A,Y15-74,PC_ACT,T,IE,2014,11.9,
ESTAT:TPS00203(1.0),14/12/23 23:00:00,A,Y15-74,PC_ACT,T,IE,2015,9.9,
ESTAT:TPS00203(1.0),14/12/23 23:00:00,A,Y15-74,PC_ACT,T,IE,2016,8.4,
ESTAT:TPS00203(1.0),14/12/23 23:00:00,A,Y15-74,PC_ACT,T,IE,2017,6.7,
ESTAT:TPS00203(1.0),14/12/23 23:00:00,A,Y15-74,PC_ACT,T,IE,2018,5.8,
ESTAT:TPS00203(1.0),14/12/23 23:00:00,A,Y15-74,PC_ACT,T,IE,2019,5,
ESTAT:TPS00203(1.0),14/12/23 23:00:00,A,Y15-74,PC_ACT,T,IE,2020,5.9,
ESTAT:TPS00203(1.0),14/12/23 23:00:00,A,Y15-74,PC_ACT,T,IE,2021,6.2,
ESTAT:TPS00203(1.0),14/12/23 23:00:00,A,Y15-74,PC_ACT,T,IE,2022,4.5,
ESTAT:TPS00203(1.0),14/12/23 23:00:00,A,Y15-74,PC_ACT,T,IS,2011,7,
ESTAT:TPS00203(1.0),14/12/23 23:00:00,A,Y15-74,PC_ACT,T,IS,2012,6,
ESTAT:TPS00203(1.0),14/12/23 23:00:00,A,Y15-74,PC_ACT,T,IS,2013,5.4,
ESTAT:TPS00203(1.0),14/12/23 23:00:00,A,Y15-74,PC_ACT,T,IS,2014,4.9,
ESTAT:TPS00203(1.0),14/12/23 23:00:00,A,Y15-74,PC_ACT,T,IS,2015,4,
ESTAT:TPS00203(1.0),14/12/23 23:00:00,A,Y15-74,PC_ACT,T,IS,2016,3,
ESTAT:TPS00203(1.0),14/12/23 23:00:00,A,Y15-74,PC_ACT,T,IS,2017,2.7,
ESTAT:TPS00203(1.0),14/12/23 23:00:00,A,Y15-74,PC_ACT,T,IS,2018,2.7,
ESTAT:TPS00203(1.0),14/12/23 23:00:00,A,Y15-74,PC_ACT,T,IS,2019,3.5,
ESTAT:TPS00203(1.0),14/12/23 23:00:00,A,Y15-74,PC_ACT,T,IS,2020,5.5,b
ESTAT:TPS00203(1.0),14/12/23 23:00:00,A,Y15-74,PC_ACT,T,IS,2021,6.1,
ESTAT:TPS00203(1.0),14/12/23 23:00:00,A,Y15-74,PC_ACT,T,IS,2022,3.8,
ESTAT:TPS00203(1.0),14/12/23 23:00:00,A,Y15-74,PC_ACT,T,IT,2011,8.5,
ESTAT:TPS00203(1.0),14/12/23 23:00:00,A,Y15-74,PC_ACT,T,IT,2012,10.9,
ESTAT:TPS00203(1.0),14/12/23 23:00:00,A,Y15-74,PC_ACT,T,IT,2013,12.4,
ESTAT:TPS00203(1.0),14/12/23 23:00:00,A,Y15-74,PC_ACT,T,IT,2014,12.9,
ESTAT:TPS00203(1.0),14/12/23 23:00:00,A,Y15-74,PC_ACT,T,IT,2015,12,
ESTAT:TPS00203(1.0),14/12/23 23:00:00,A,Y15-74,PC_ACT,T,IT,2016,11.7,
ESTAT:TPS00203(1.0),14/12/23 23:00:00,A,Y15-74,PC_ACT,T,IT,2017,11.3,
ESTAT:TPS00203(1.0),14/12/23 23:00:00,A,Y15-74,PC_ACT,T,IT,2018,10.6,
ESTAT:TPS00203(1.0),14/12/23 23:00:00,A,Y15-74,PC_ACT,T,IT,2019,9.9,
ESTAT:TPS00203(1.0),14/12/23 23:00:00,A,Y15-74,PC_ACT,T,IT,2020,9.3,
ESTAT:TPS00203(1.0),14/12/23 23:00:00,A,Y15-74,PC_ACT,T,IT,2021,9.5,
ESTAT:TPS00203(1.0),14/12/23 23:00:00,A,Y15-74,PC_ACT,T,IT,2022,8.1,
ESTAT:TPS00203(1.0),14/12/23 23:00:00,A,Y15-74,PC_ACT,T,LT,2011,15.4,
ESTAT:TPS00203(1.0),14/12/23 23:00:00,A,Y15-74,PC_ACT,T,LT,2012,13.4,
ESTAT:TPS00203(1.0),14/12/23 23:00:00,A,Y15-74,PC_ACT,T,LT,2013,11.8,
ESTAT:TPS00203(1.0),14/12/23 23:00:00,A,Y15-74,PC_ACT,T,LT,2014,10.7,
ESTAT:TPS00203(1.0),14/12/23 23:00:00,A,Y15-74,PC_ACT,T,LT,2015,9.1,
ESTAT:TPS00203(1.0),14/12/23 23:00:00,A,Y15-74,PC_ACT,T,LT,2016,7.9,
ESTAT:TPS00203(1.0),14/12/23 23:00:00,A,Y15-74,PC_ACT,T,LT,2017,7.1,
ESTAT:TPS00203(1.0),14/12/23 23:00:00,A,Y15-74,PC_ACT,T,LT,2018,6.2,
ESTAT:TPS00203(1.0),14/12/23 23:00:00,A,Y15-74,PC_ACT,T,LT,2019,6.3,
ESTAT:TPS00203(1.0),14/12/23 23:00:00,A,Y15-74,PC_ACT,T,LT,2020,8.5,
ESTAT:TPS00203(1.0),14/12/23 23:00:00,A,Y15-74,PC_ACT,T,LT,2021,7.1,
ESTAT:TPS00203(1.0),14/12/23 23:00:00,A,Y15-74,PC_ACT,T,LT,2022,6,
ESTAT:TPS00203(1.0),14/12/23 23:00:00,A,Y15-74,PC_ACT,T,LU,2011,4.9,
ESTAT:TPS00203(1.0),14/12/23 23:00:00,A,Y15-74,PC_ACT,T,LU,2012,5.1,
ESTAT:TPS00203(1.0),14/12/23 23:00:00,A,Y15-74,PC_ACT,T,LU,2013,5.9,
ESTAT:TPS00203(1.0),14/12/23 23:00:00,A,Y15-74,PC_ACT,T,LU,2014,5.9,
ESTAT:TPS00203(1.0),14/12/23 23:00:00,A,Y15-74,PC_ACT,T,LU,2015,6.7,b
ESTAT:TPS00203(1.0),14/12/23 23:00:00,A,Y15-74,PC_ACT,T,LU,2016,6.3,
ESTAT:TPS00203(1.0),14/12/23 23:00:00,A,Y15-74,PC_ACT,T,LU,2017,5.5,
ESTAT:TPS00203(1.0),14/12/23 23:00:00,A,Y15-74,PC_ACT,T,LU,2018,5.6,
ESTAT:TPS00203(1.0),14/12/23 23:00:00,A,Y15-74,PC_ACT,T,LU,2019,5.6,
ESTAT:TPS00203(1.0),14/12/23 23:00:00,A,Y15-74,PC_ACT,T,LU,2020,6.8,
ESTAT:TPS00203(1.0),14/12/23 23:00:00,A,Y15-74,PC_ACT,T,LU,2021,5.3,
ESTAT:TPS00203(1.0),14/12/23 23:00:00,A,Y15-74,PC_ACT,T,LU,2022,4.6,
ESTAT:TPS00203(1.0),14/12/23 23:00:00,A,Y15-74,PC_ACT,T,LV,2011,16.3,
ESTAT:TPS00203(1.0),14/12/23 23:00:00,A,Y15-74,PC_ACT,T,LV,2012,15.1,
ESTAT:TPS00203(1.0),14/12/23 23:00:00,A,Y15-74,PC_ACT,T,LV,2013,11.9,
ESTAT:TPS00203(1.0),14/12/23 23:00:00,A,Y15-74,PC_ACT,T,LV,2014,10.9,
ESTAT:TPS00203(1.0),14/12/23 23:00:00,A,Y15-74,PC_ACT,T,LV,2015,9.9,
ESTAT:TPS00203(1.0),14/12/23 23:00:00,A,Y15-74,PC_ACT,T,LV,2016,9.7,
ESTAT:TPS00203(1.0),14/12/23 23:00:00,A,Y15-74,PC_ACT,T,LV,2017,8.7,
ESTAT:TPS00203(1.0),14/12/23 23:00:00,A,Y15-74,PC_ACT,T,LV,2018,7.4,
ESTAT:TPS00203(1.0),14/12/23 23:00:00,A,Y15-74,PC_ACT,T,LV,2019,6.3,
ESTAT:TPS00203(1.0),14/12/23 23:00:00,A,Y15-74,PC_ACT,T,LV,2020,8.1,
ESTAT:TPS00203(1.0),14/12/23 23:00:00,A,Y15-74,PC_ACT,T,LV,2021,7.6,
ESTAT:TPS00203(1.0),14/12/23 23:00:00,A,Y15-74,PC_ACT,T,LV,2022,6.9,
ESTAT:TPS00203(1.0),14/12/23 23:00:00,A,Y15-74,PC_ACT,T,ME,2011,19.7,
ESTAT:TPS00203(1.0),14/12/23 23:00:00,A,Y15-74,PC_ACT,T,ME,2012,20,
ESTAT:TPS00203(1.0),14/12/23 23:00:00,A,Y15-74,PC_ACT,T,ME,2013,19.5,
ESTAT:TPS00203(1.0),14/12/23 23:00:00,A,Y15-74,PC_ACT,T,ME,2014,18,
ESTAT:TPS00203(1.0),14/12/23 23:00:00,A,Y15-74,PC_ACT,T,ME,2015,17.6,
ESTAT:TPS00203(1.0),14/12/23 23:00:00,A,Y15-74,PC_ACT,T,ME,2016,17.8,
ESTAT:TPS00203(1.0),14/12/23 23:00:00,A,Y15-74,PC_ACT,T,ME,2017,16.1,
ESTAT:TPS00203(1.0),14/12/23 23:00:00,A,Y15-74,PC_ACT,T,ME,2018,15.2,
ESTAT:TPS00203(1.0),14/12/23 23:00:00,A,Y15-74,PC_ACT,T,ME,2019,15.2,
ESTAT:TPS00203(1.0),14/12/23 23:00:00,A,Y15-74,PC_ACT,T,ME,2020,17.9,
ESTAT:TPS00203(1.0),14/12/23 23:00:00,A,Y15-74,PC_ACT,T,MK,2011,31.4,
ESTAT:TPS00203(1.0),14/12/23 23:00:00,A,Y15-74,PC_ACT,T,MK,2012,31,
ESTAT:TPS00203(1.0),14/12/23 23:00:00,A,Y15-74,PC_ACT,T,MK,2013,29,
ESTAT:TPS00203(1.0),14/12/23 23:00:00,A,Y15-74,PC_ACT,T,MK,2014,28,
ESTAT:TPS00203(1.0),14/12/23 23:00:00,A,Y15-74,PC_ACT,T,MK,2015,26.1,
ESTAT:TPS00203(1.0),14/12/23 23:00:00,A,Y15-74,PC_ACT,T,MK,2016,23.7,
ESTAT:TPS00203(1.0),14/12/23 23:00:00,A,Y15-74,PC_ACT,T,MK,2017,22.4,
ESTAT:TPS00203(1.0),14/12/23 23:00:00,A,Y15-74,PC_ACT,T,MK,2018,20.8,
ESTAT:TPS00203(1.0),14/12/23 23:00:00,A,Y15-74,PC_ACT,T,MK,2019,17.3,
ESTAT:TPS00203(1.0),14/12/23 23:00:00,A,Y15-74,PC_ACT,T,MK,2020,16.4,
ESTAT:TPS00203(1.0),14/12/23 23:00:00,A,Y15-74,PC_ACT,T,MT,2011,6.4,
ESTAT:TPS00203(1.0),14/12/23 23:00:00,A,Y15-74,PC_ACT,T,MT,2012,6.2,
ESTAT:TPS00203(1.0),14/12/23 23:00:00,A,Y15-74,PC_ACT,T,MT,2013,6.1,
ESTAT:TPS00203(1.0),14/12/23 23:00:00,A,Y15-74,PC_ACT,T,MT,2014,5.7,
ESTAT:TPS00203(1.0),14/12/23 23:00:00,A,Y15-74,PC_ACT,T,MT,2015,5.4,
ESTAT:TPS00203(1.0),14/12/23 23:00:00,A,Y15-74,PC_ACT,T,MT,2016,4.7,
ESTAT:TPS00203(1.0),14/12/23 23:00:00,A,Y15-74,PC_ACT,T,MT,2017,4,
ESTAT:TPS00203(1.0),14/12/23 23:00:00,A,Y15-74,PC_ACT,T,MT,2018,3.7,
ESTAT:TPS00203(1.0),14/12/23 23:00:00,A,Y15-74,PC_ACT,T,MT,2019,3.6,
ESTAT:TPS00203(1.0),14/12/23 23:00:00,A,Y15-74,PC_ACT,T,MT,2020,4.4,
ESTAT:TPS00203(1.0),14/12/23 23:00:00,A,Y15-74,PC_ACT,T,MT,2021,3.4,
ESTAT:TPS00203(1.0),14/12/23 23:00:00,A,Y15-74,PC_ACT,T,MT,2022,2.9,
ESTAT:TPS00203(1.0),14/12/23 23:00:00,A,Y15-74,PC_ACT,T,NL,2011,6,
ESTAT:TPS00203(1.0),14/12/23 23:00:00,A,Y15-74,PC_ACT,T,NL,2012,6.8,
ESTAT:TPS00203(1.0),14/12/23 23:00:00,A,Y15-74,PC_ACT,T,NL,2013,8.2,
ESTAT:TPS00203(1.0),14/12/23 23:00:00,A,Y15-74,PC_ACT,T,NL,2014,8.4,
ESTAT:TPS00203(1.0),14/12/23 23:00:00,A,Y15-74,PC_ACT,T,NL,2015,7.9,
ESTAT:TPS00203(1.0),14/12/23 23:00:00,A,Y15-74,PC_ACT,T,NL,2016,7,
ESTAT:TPS00203(1.0),14/12/23 23:00:00,A,Y15-74,PC_ACT,T,NL,2017,5.9,
ESTAT:TPS00203(1.0),14/12/23 23:00:00,A,Y15-74,PC_ACT,T,NL,2018,4.9,
ESTAT:TPS00203(1.0),14/12/23 23:00:00,A,Y15-74,PC_ACT,T,NL,2019,4.4,
ESTAT:TPS00203(1.0),14/12/23 23:00:00,A,Y15-74,PC_ACT,T,NL,2020,4.9,
ESTAT:TPS00203(1.0),14/12/23 23:00:00,A,Y15-74,PC_ACT,T,NL,2021,4.2,
ESTAT:TPS00203(1.0),14/12/23 23:00:00,A,Y15-74,PC_ACT,T,NL,2022,3.5,
ESTAT:TPS00203(1.0),14/12/23 23:00:00,A,Y15-74,PC_ACT,T,NO,2011,3.6,
ESTAT:TPS00203(1.0),14/12/23 23:00:00,A,Y15-74,PC_ACT,T,NO,2012,3.5,
ESTAT:TPS00203(1.0),14/12/23 23:00:00,A,Y15-74,PC_ACT,T,NO,2013,3.9,
ESTAT:TPS00203(1.0),14/12/23 23:00:00,A,Y15-74,PC_ACT,T,NO,2014,3.8,
ESTAT:TPS00203(1.0),14/12/23 23:00:00,A,Y15-74,PC_ACT,T,NO,2015,4.7,
ESTAT:TPS00203(1.0),14/12/23 23:00:00,A,Y15-74,PC_ACT,T,NO,2016,4.9,
ESTAT:TPS00203(1.0),14/12/23 23:00:00,A,Y15-74,PC_ACT,T,NO,2017,4.4,
ESTAT:TPS00203(1.0),14/12/23 23:00:00,A,Y15-74,PC_ACT,T,NO,2018,4,
ESTAT:TPS00203(1.0),14/12/23 23:00:00,A,Y15-74,PC_ACT,T,NO,2019,3.9,
ESTAT:TPS00203(1.0),14/12/23 23:00:00,A,Y15-74,PC_ACT,T,NO,2020,4.7,
ESTAT:TPS00203(1.0),14/12/23 23:00:00,A,Y15-74,PC_ACT,T,NO,2021,4.4,
ESTAT:TPS00203(1.0),14/12/23 23:00:00,A,Y15-74,PC_ACT,T,NO,2022,3.2,
ESTAT:TPS00203(1.0),14/12/23 23:00:00,A,Y15-74,PC_ACT,T,PL,2011,10,
ESTAT:TPS00203(1.0),14/12/23 23:00:00,A,Y15-74,PC_ACT,T,PL,2012,10.4,
ESTAT:TPS00203(1.0),14/12/23 23:00:00,A,Y15-74,PC_ACT,T,PL,2013,10.6,
ESTAT:TPS00203(1.0),14/12/23 23:00:00,A,Y15-74,PC_ACT,T,PL,2014,9.2,
ESTAT:TPS00203(1.0),14/12/23 23:00:00,A,Y15-74,PC_ACT,T,PL,2015,7.7,
ESTAT:TPS00203(1.0),14/12/23 23:00:00,A,Y15-74,PC_ACT,T,PL,2016,6.3,
ESTAT:TPS00203(1.0),14/12/23 23:00:00,A,Y15-74,PC_ACT,T,PL,2017,5,
ESTAT:TPS00203(1.0),14/12/23 23:00:00,A,Y15-74,PC_ACT,T,PL,2018,3.9,
ESTAT:TPS00203(1.0),14/12/23 23:00:00,A,Y15-74,PC_ACT,T,PL,2019,3.3,
ESTAT:TPS00203(1.0),14/12/23 23:00:00,A,Y15-74,PC_ACT,T,PL,2020,3.2,
ESTAT:TPS00203(1.0),14/12/23 23:00:00,A,Y15-74,PC_ACT,T,PL,2021,3.4,
ESTAT:TPS00203(1.0),14/12/23 23:00:00,A,Y15-74,PC_ACT,T,PL,2022,2.9,
ESTAT:TPS00203(1.0),14/12/23 23:00:00,A,Y15-74,PC_ACT,T,PT,2011,13.5,
ESTAT:TPS00203(1.0),14/12/23 23:00:00,A,Y15-74,PC_ACT,T,PT,2012,16.6,
ESTAT:TPS00203(1.0),14/12/23 23:00:00,A,Y15-74,PC_ACT,T,PT,2013,17.2,
ESTAT:TPS00203(1.0),14/12/23 23:00:00,A,Y15-74,PC_ACT,T,PT,2014,14.6,
ESTAT:TPS00203(1.0),14/12/23 23:00:00,A,Y15-74,PC_ACT,T,PT,2015,13,
ESTAT:TPS00203(1.0),14/12/23 23:00:00,A,Y15-74,PC_ACT,T,PT,2016,11.5,
ESTAT:TPS00203(1.0),14/12/23 23:00:00,A,Y15-74,PC_ACT,T,PT,2017,9.2,
ESTAT:TPS00203(1.0),14/12/23 23:00:00,A,Y15-74,PC_ACT,T,PT,2018,7.2,
ESTAT:TPS00203(1.0),14/12/23 23:00:00,A,Y15-74,PC_ACT,T,PT,2019,6.7,
ESTAT:TPS00203(1.0),14/12/23 23:00:00,A,Y15-74,PC_ACT,T,PT,2020,7,
ESTAT:TPS00203(1.0),14/12/23 23:00:00,A,Y15-74,PC_ACT,T,PT,2021,6.7,
ESTAT:TPS00203(1.0),14/12/23 23:00:00,A,Y15-74,PC_ACT,T,PT,2022,6.2,
ESTAT:TPS00203(1.0),14/12/23 23:00:00,A,Y15-74,PC_ACT,T,RO,2011,9.1,
ESTAT:TPS00203(1.0),14/12/23 23:00:00,A,Y15-74,PC_ACT,T,RO,2012,8.7,
ESTAT:TPS00203(1.0),14/12/23 23:00:00,A,Y15-74,PC_ACT,T,RO,2013,9,
ESTAT:TPS00203(1.0),14/12/23 23:00:00,A,Y15-74,PC_ACT,T,RO,2014,8.6,
ESTAT:TPS00203(1.0),14/12/23 23:00:00,A,Y15-74,PC_ACT,T,RO,2015,8.4,
ESTAT:TPS00203(1.0),14/12/23 23:00:00,A,Y15-74,PC_ACT,T,RO,2016,7.2,
ESTAT:TPS00203(1.0),14/12/23 23:00:00,A,Y15-74,PC_ACT,T,RO,2017,6.1,
ESTAT:TPS00203(1.0),14/12/23 23:00:00,A,Y15-74,PC_ACT,T,RO,2018,5.3,
ESTAT:TPS00203(1.0),14/12/23 23:00:00,A,Y15-74,PC_ACT,T,RO,2019,4.9,
ESTAT:TPS00203(1.0),14/12/23 23:00:00,A,Y15-74,PC_ACT,T,RO,2020,6.1,
ESTAT:TPS00203(1.0),14/12/23 23:00:00,A,Y15-74,PC_ACT,T,RO,2021,5.6,
ESTAT:TPS00203(1.0),14/12/23 23:00:00,A,Y15-74,PC_ACT,T,RO,2022,5.6,
ESTAT:TPS00203(1.0),14/12/23 23:00:00,A,Y15-74,PC_ACT,T,RS,2011,25,
ESTAT:TPS00203(1.0),14/12/23 23:00:00,A,Y15-74,PC_ACT,T,RS,2012,26,
ESTAT:TPS00203(1.0),14/12/23 23:00:00,A,Y15-74,PC_ACT,T,RS,2013,24.2,
ESTAT:TPS00203(1.0),14/12/23 23:00:00,A,Y15-74,PC_ACT,T,RS,2014,20.7,
ESTAT:TPS00203(1.0),14/12/23 23:00:00,A,Y15-74,PC_ACT,T,RS,2015,19,
ESTAT:TPS00203(1.0),14/12/23 23:00:00,A,Y15-74,PC_ACT,T,RS,2016,16.5,
ESTAT:TPS00203(1.0),14/12/23 23:00:00,A,Y15-74,PC_ACT,T,RS,2017,14.6,
ESTAT:TPS00203(1.0),14/12/23 23:00:00,A,Y15-74,PC_ACT,T,RS,2018,13.8,
ESTAT:TPS00203(1.0),14/12/23 23:00:00,A,Y15-74,PC_ACT,T,RS,2019,11.3,
ESTAT:TPS00203(1.0),14/12/23 23:00:00,A,Y15-74,PC_ACT,T,RS,2020,9.8,
ESTAT:TPS00203(1.0),14/12/23 23:00:00,A,Y15-74,PC_ACT,T,RS,2021,11.1,
ESTAT:TPS00203(1.0),14/12/23 23:00:00,A,Y15-74,PC_ACT,T,RS,2022,9.4,
ESTAT:TPS00203(1.0),14/12/23 23:00:00,A,Y15-74,PC_ACT,T,SE,2011,8,
ESTAT:TPS00203(1.0),14/12/23 23:00:00,A,Y15-74,PC_ACT,T,SE,2012,8.1,
ESTAT:TPS00203(1.0),14/12/23 23:00:00,A,Y15-74,PC_ACT,T,SE,2013,8.2,
ESTAT:TPS00203(1.0),14/12/23 23:00:00,A,Y15-74,PC_ACT,T,SE,2014,8.1,
ESTAT:TPS00203(1.0),14/12/23 23:00:00,A,Y15-74,PC_ACT,T,SE,2015,7.6,
ESTAT:TPS00203(1.0),14/12/23 23:00:00,A,Y15-74,PC_ACT,T,SE,2016,7.1,
ESTAT:TPS00203(1.0),14/12/23 23:00:00,A,Y15-74,PC_ACT,T,SE,2017,6.8,
ESTAT:TPS00203(1.0),14/12/23 23:00:00,A,Y15-74,PC_ACT,T,SE,2018,6.5,b
ESTAT:TPS00203(1.0),14/12/23 23:00:00,A,Y15-74,PC_ACT,T,SE,2019,7,
ESTAT:TPS00203(1.0),14/12/23 23:00:00,A,Y15-74,PC_ACT,T,SE,2020,8.5,
ESTAT:TPS00203(1.0),14/12/23 23:00:00,A,Y15-74,PC_ACT,T,SE,2021,8.8,
ESTAT:TPS00203(1.0),14/12/23 23:00:00,A,Y15-74,PC_ACT,T,SE,2022,7.5,
ESTAT:TPS00203(1.0),14/12/23 23:00:00,A,Y15-74,PC_ACT,T,SI,2011,8.2,
ESTAT:TPS00203(1.0),14/12/23 23:00:00,A,Y15-74,PC_ACT,T,SI,2012,8.9,
ESTAT:TPS00203(1.0),14/12/23 23:00:00,A,Y15-74,PC_ACT,T,SI,2013,10.1,
ESTAT:TPS00203(1.0),14/12/23 23:00:00,A,Y15-74,PC_ACT,T,SI,2014,9.7,
ESTAT:TPS00203(1.0),14/12/23 23:00:00,A,Y15-74,PC_ACT,T,SI,2015,9,
ESTAT:TPS00203(1.0),14/12/23 23:00:00,A,Y15-74,PC_ACT,T,SI,2016,8,
ESTAT:TPS00203(1.0),14/12/23 23:00:00,A,Y15-74,PC_ACT,T,SI,2017,6.6,
ESTAT:TPS00203(1.0),14/12/23 23:00:00,A,Y15-74,PC_ACT,T,SI,2018,5.1,
ESTAT:TPS00203(1.0),14/12/23 23:00:00,A,Y15-74,PC_ACT,T,SI,2019,4.4,
ESTAT:TPS00203(1.0),14/12/23 23:00:00,A,Y15-74,PC_ACT,T,SI,2020,5,
ESTAT:TPS00203(1.0),14/12/23 23:00:00,A,Y15-74,PC_ACT,T,SI,2021,4.8,
ESTAT:TPS00203(1.0),14/12/23 23:00:00,A,Y15-74,PC_ACT,T,SI,2022,4,
ESTAT:TPS00203(1.0),14/12/23 23:00:00,A,Y15-74,PC_ACT,T,SK,2011,13.5,b
ESTAT:TPS00203(1.0),14/12/23 23:00:00,A,Y15-74,PC_ACT,T,SK,2012,13.9,
ESTAT:TPS00203(1.0),14/12/23 23:00:00,A,Y15-74,PC_ACT,T,SK,2013,14.1,
ESTAT:TPS00203(1.0),14/12/23 23:00:00,A,Y15-74,PC_ACT,T,SK,2014,13.1,
ESTAT:TPS00203(1.0),14/12/23 23:00:00,A,Y15-74,PC_ACT,T,SK,2015,11.5,
ESTAT:TPS00203(1.0),14/12/23 23:00:00,A,Y15-74,PC_ACT,T,SK,2016,9.6,
ESTAT:TPS00203(1.0),14/12/23 23:00:00,A,Y15-74,PC_ACT,T,SK,2017,8.1,
ESTAT:TPS00203(1.0),14/12/23 23:00:00,A,Y15-74,PC_ACT,T,SK,2018,6.5,
ESTAT:TPS00203(1.0),14/12/23 23:00:00,A,Y15-74,PC_ACT,T,SK,2019,5.7,
ESTAT:TPS00203(1.0),14/12/23 23:00:00,A,Y15-74,PC_ACT,T,SK,2020,6.7,
ESTAT:TPS00203(1.0),14/12/23 23:00:00,A,Y15-74,PC_ACT,T,SK,2021,6.8,
ESTAT:TPS00203(1.0),14/12/23 23:00:00,A,Y15-74,PC_ACT,T,SK,2022,6.1,
ESTAT:TPS00203(1.0),14/12/23 23:00:00,A,Y15-74,PC_ACT,T,TR,2011,8.8,
ESTAT:TPS00203(1.0),14/12/23 23:00:00,A,Y15-74,PC_ACT,T,TR,2012,8.2,
ESTAT:TPS00203(1.0),14/12/23 23:00:00,A,Y15-74,PC_ACT,T,TR,2013,8.8,
ESTAT:TPS00203(1.0),14/12/23 23:00:00,A,Y15-74,PC_ACT,T,TR,2014,9.9,b
ESTAT:TPS00203(1.0),14/12/23 23:00:00,A,Y15-74,PC_ACT,T,TR,2015,10.3,
ESTAT:TPS00203(1.0),14/12/23 23:00:00,A,Y15-74,PC_ACT,T,TR,2016,10.9,
ESTAT:TPS00203(1.0),14/12/23 23:00:00,A,Y15-74,PC_ACT,T,TR,2017,10.9,
ESTAT:TPS00203(1.0),14/12/23 23:00:00,A,Y15-74,PC_ACT,T,TR,2018,10.9,
ESTAT:TPS00203(1.0),14/12/23 23:00:00,A,Y15-74,PC_ACT,T,TR,2019,13.7,
ESTAT:TPS00203(1.0),14/12/23 23:00:00,A,Y15-74,PC_ACT,T,TR,2020,13.2,
ESTAT:TPS00203(1.0),14/12/23 23:00:00,A,Y15-74,PC_POP,T,AT,2011,3.3,
ESTAT:TPS00203(1.0),14/12/23 23:00:00,A,Y15-74,PC_POP,T,AT,2012,3.5,
ESTAT:TPS00203(1.0),14/12/23 23:00:00,A,Y15-74,PC_POP,T,AT,2013,3.8,
ESTAT:TPS00203(1.0),14/12/23 23:00:00,A,Y15-74,PC_POP,T,AT,2014,4,
ESTAT:TPS00203(1.0),14/12/23 23:00:00,A,Y15-74,PC_POP,T,AT,2015,4.1,
ESTAT:TPS00203(1.0),14/12/23 23:00:00,A,Y15-74,PC_POP,T,AT,2016,4.4,
ESTAT:TPS00203(1.0),14/12/23 23:00:00,A,Y15-74,PC_POP,T,AT,2017,4,
ESTAT:TPS00203(1.0),14/12/23 23:00:00,A,Y15-74,PC_POP,T,AT,2018,3.6,
ESTAT:TPS00203(1.0),14/12/23 23:00:00,A,Y15-74,PC_POP,T,AT,2019,3.3,
ESTAT:TPS00203(1.0),14/12/23 23:00:00,A,Y15-74,PC_POP,T,AT,2020,4.1,
ESTAT:TPS00203(1.0),14/12/23 23:00:00,A,Y15-74,PC_POP,T,AT,2021,4.2,
ESTAT:TPS00203(1.0),14/12/23 23:00:00,A,Y15-74,PC_POP,T,AT,2022,3.3,
ESTAT:TPS00203(1.0),14/12/23 23:00:00,A,Y15-74,PC_POP,T,BE,2011,4.3,
ESTAT:TPS00203(1.0),14/12/23 23:00:00,A,Y15-74,PC_POP,T,BE,2012,4.6,
ESTAT:TPS00203(1.0),14/12/23 23:00:00,A,Y15-74,PC_POP,T,BE,2013,5.1,
ESTAT:TPS00203(1.0),14/12/23 23:00:00,A,Y15-74,PC_POP,T,BE,2014,5.2,
ESTAT:TPS00203(1.0),14/12/23 23:00:00,A,Y15-74,PC_POP,T,BE,2015,5.2,
ESTAT:TPS00203(1.0),14/12/23 23:00:00,A,Y15-74,PC_POP,T,BE,2016,4.7,
ESTAT:TPS00203(1.0),14/12/23 23:00:00,A,Y15-74,PC_POP,T,BE,2017,4.3,b
ESTAT:TPS00203(1.0),14/12/23 23:00:00,A,Y15-74,PC_POP,T,BE,2018,3.6,
ESTAT:TPS00203(1.0),14/12/23 23:00:00,A,Y15-74,PC_POP,T,BE,2019,3.3,
ESTAT:TPS00203(1.0),14/12/23 23:00:00,A,Y15-74,PC_POP,T,BE,2020,3.4,
ESTAT:TPS00203(1.0),14/12/23 23:00:00,A,Y15-74,PC_POP,T,BE,2021,3.8,
ESTAT:TPS00203(1.0),14/12/23 23:00:00,A,Y15-74,PC_POP,T,BE,2022,3.4,
ESTAT:TPS00203(1.0),14/12/23 23:00:00,A,Y15-74,PC_POP,T,BG,2011,7.1,b
ESTAT:TPS00203(1.0),14/12/23 23:00:00,A,Y15-74,PC_POP,T,BG,2012,7.8,
ESTAT:TPS00203(1.0),14/12/23 23:00:00,A,Y15-74,PC_POP,T,BG,2013,8.3,
ESTAT:TPS00203(1.0),14/12/23 23:00:00,A,Y15-74,PC_POP,T,BG,2014,7.4,
ESTAT:TPS00203(1.0),14/12/23 23:00:00,A,Y15-74,PC_POP,T,BG,2015,6.1,
ESTAT:TPS00203(1.0),14/12/23 23:00:00,A,Y15-74,PC_POP,T,BG,2016,5.1,
ESTAT:TPS00203(1.0),14/12/23 23:00:00,A,Y15-74,PC_POP,T,BG,2017,4.4,
ESTAT:TPS00203(1.0),14/12/23 23:00:00,A,Y15-74,PC_POP,T,BG,2018,3.8,
ESTAT:TPS00203(1.0),14/12/23 23:00:00,A,Y15-74,PC_POP,T,BG,2019,3.3,
ESTAT:TPS00203(1.0),14/12/23 23:00:00,A,Y15-74,PC_POP,T,BG,2020,3.8,
ESTAT:TPS00203(1.0),14/12/23 23:00:00,A,Y15-74,PC_POP,T,BG,2021,3.3,
ESTAT:TPS00203(1.0),14/12/23 23:00:00,A,Y15-74,PC_POP,T,BG,2022,2.7,
ESTAT:TPS00203(1.0),14/12/23 23:00:00,A,Y15-74,PC_POP,T,CH,2011,3.3,
ESTAT:TPS00203(1.0),14/12/23 23:00:00,A,Y15-74,PC_POP,T,CH,2012,3.3,
ESTAT:TPS00203(1.0),14/12/23 23:00:00,A,Y15-74,PC_POP,T,CH,2013,3.5,
ESTAT:TPS00203(1.0),14/12/23 23:00:00,A,Y15-74,PC_POP,T,CH,2014,3.6,
ESTAT:TPS00203(1.0),14/12/23 23:00:00,A,Y15-74,PC_POP,T,CH,2015,3.6,
ESTAT:TPS00203(1.0),14/12/23 23:00:00,A,Y15-74,PC_POP,T,CH,2016,3.7,
ESTAT:TPS00203(1.0),14/12/23 23:00:00,A,Y15-74,PC_POP,T,CH,2017,3.7,
ESTAT:TPS00203(1.0),14/12/23 23:00:00,A,Y15-74,PC_POP,T,CH,2018,3.6,
ESTAT:TPS00203(1.0),14/12/23 23:00:00,A,Y15-74,PC_POP,T,CH,2019,3.4,
ESTAT:TPS00203(1.0),14/12/23 23:00:00,A,Y15-74,PC_POP,T,CH,2020,3.7,
ESTAT:TPS00203(1.0),14/12/23 23:00:00,A,Y15-74,PC_POP,T,CH,2021,3.9,
ESTAT:TPS00203(1.0),14/12/23 23:00:00,A,Y15-74,PC_POP,T,CH,2022,3.2,
ESTAT:TPS00203(1.0),14/12/23 23:00:00,A,Y15-74,PC_POP,T,CY,2011,5.3,
ESTAT:TPS00203(1.0),14/12/23 23:00:00,A,Y15-74,PC_POP,T,CY,2012,8,
ESTAT:TPS00203(1.0),14/12/23 23:00:00,A,Y15-74,PC_POP,T,CY,2013,10.7,
ESTAT:TPS00203(1.0),14/12/23 23:00:00,A,Y15-74,PC_POP,T,CY,2014,11,
ESTAT:TPS00203(1.0),14/12/23 23:00:00,A,Y15-74,PC_POP,T,CY,2015,10,
ESTAT:TPS00203(1.0),14/12/23 23:00:00,A,Y15-74,PC_POP,T,CY,2016,8.6,
ESTAT:TPS00203(1.0),14/12/23 23:00:00,A,Y15-74,PC_POP,T,CY,2017,7.4,
ESTAT:TPS00203(1.0),14/12/23 23:00:00,A,Y15-74,PC_POP,T,CY,2018,5.7,
ESTAT:TPS00203(1.0),14/12/23 23:00:00,A,Y15-74,PC_POP,T,CY,2019,4.9,
ESTAT:TPS00203(1.0),14/12/23 23:00:00,A,Y15-74,PC_POP,T,CY,2020,5.2,
ESTAT:TPS00203(1.0),14/12/23 23:00:00,A,Y15-74,PC_POP,T,CY,2021,5.2,
ESTAT:TPS00203(1.0),14/12/23 23:00:00,A,Y15-74,PC_POP,T,CY,2022,4.8,
ESTAT:TPS00203(1.0),14/12/23 23:00:00,A,Y15-74,PC_POP,T,CZ,2011,4.2,b
ESTAT:TPS00203(1.0),14/12/23 23:00:00,A,Y15-74,PC_POP,T,CZ,2012,4.4,
ESTAT:TPS00203(1.0),14/12/23 23:00:00,A,Y15-74,PC_POP,T,CZ,2013,4.5,
ESTAT:TPS00203(1.0),14/12/23 23:00:00,A,Y15-74,PC_POP,T,CZ,2014,3.9,
ESTAT:TPS00203(1.0),14/12/23 23:00:00,A,Y15-74,PC_POP,T,CZ,2015,3.3,
ESTAT:TPS00203(1.0),14/12/23 23:00:00,A,Y15-74,PC_POP,T,CZ,2016,2.6,
ESTAT:TPS00203(1.0),14/12/23 23:00:00,A,Y15-74,PC_POP,T,CZ,2017,1.9,
ESTAT:TPS00203(1.0),14/12/23 23:00:00,A,Y15-74,PC_POP,T,CZ,2018,1.5,
ESTAT:TPS00203(1.0),14/12/23 23:00:00,A,Y15-74,PC_POP,T,CZ,2019,1.3,
ESTAT:TPS00203(1.0),14/12/23 23:00:00,A,Y15-74,PC_POP,T,CZ,2020,1.7,
ESTAT:TPS00203(1.0),14/12/23 23:00:00,A,Y15-74,PC_POP,T,CZ,2021,1.9,
ESTAT:TPS00203(1.0),14/12/23 23:00:00,A,Y15-74,PC_POP,T,CZ,2022,1.5,
ESTAT:TPS00203(1.0),14/12/23 23:00:00,A,Y15-74,PC_POP,T,DE,2011,3.6,b
ESTAT:TPS00203(1.0),14/12/23 23:00:00,A,Y15-74,PC_POP,T,DE,2012,3.4,
ESTAT:TPS00203(1.0),14/12/23 23:00:00,A,Y15-74,PC_POP,T,DE,2013,3.3,
ESTAT:TPS00203(1.0),14/12/23 23:00:00,A,Y15-74,PC_POP,T,DE,2014,3.2,
ESTAT:TPS00203(1.0),14/12/23 23:00:00,A,Y15-74,PC_POP,T,DE,2015,2.9,
ESTAT:TPS00203(1.0),14/12/23 23:00:00,A,Y15-74,PC_POP,T,DE,2016,2.7,
ESTAT:TPS00203(1.0),14/12/23 23:00:00,A,Y15-74,PC_POP,T,DE,2017,2.4,
ESTAT:TPS00203(1.0),14/12/23 23:00:00,A,Y15-74,PC_POP,T,DE,2018,2.2,
ESTAT:TPS00203(1.0),14/12/23 23:00:00,A,Y15-74,PC_POP,T,DE,2019,2.1,
ESTAT:TPS00203(1.0),14/12/23 23:00:00,A,Y15-74,PC_POP,T,DE,2020,2.5,b
ESTAT:TPS00203(1.0),14/12/23 23:00:00,A,Y15-74,PC_POP,T,DE,2021,2.5,
ESTAT:TPS00203(1.0),14/12/23 23:00:00,A,Y15-74,PC_POP,T,DE,2022,2.2,
ESTAT:TPS00203(1.0),14/12/23 23:00:00,A,Y15-74,PC_POP,T,DK,2011,5.4,
ESTAT:TPS00203(1.0),14/12/23 23:00:00,A,Y15-74,PC_POP,T,DK,2012,5.3,
ESTAT:TPS00203(1.0),14/12/23 23:00:00,A,Y15-74,PC_POP,T,DK,2013,5,
ESTAT:TPS00203(1.0),14/12/23 23:00:00,A,Y15-74,PC_POP,T,DK,2014,4.7,
ESTAT:TPS00203(1.0),14/12/23 23:00:00,A,Y15-74,PC_POP,T,DK,2015,4.2,
ESTAT:TPS00203(1.0),14/12/23 23:00:00,A,Y15-74,PC_POP,T,DK,2016,4.1,b
ESTAT:TPS00203(1.0),14/12/23 23:00:00,A,Y15-74,PC_POP,T,DK,2017,4,b
ESTAT:TPS00203(1.0),14/12/23 23:00:00,A,Y15-74,PC_POP,T,DK,2018,3.5,
ESTAT:TPS00203(1.0),14/12/23 23:00:00,A,Y15-74,PC_POP,T,DK,2019,3.5,
ESTAT:TPS00203(1.0),14/12/23 23:00:00,A,Y15-74,PC_POP,T,DK,2020,3.9,
ESTAT:TPS00203(1.0),14/12/23 23:00:00,A,Y15-74,PC_POP,T,DK,2021,3.6,
ESTAT:TPS00203(1.0),14/12/23 23:00:00,A,Y15-74,PC_POP,T,DK,2022,3.2,
ESTAT:TPS00203(1.0),14/12/23 23:00:00,A,Y15-74,PC_POP,T,EA20,2011,6.5,
ESTAT:TPS00203(1.0),14/12/23 23:00:00,A,Y15-74,PC_POP,T,EA20,2012,7.3,
ESTAT:TPS00203(1.0),14/12/23 23:00:00,A,Y15-74,PC_POP,T,EA20,2013,7.7,
ESTAT:TPS00203(1.0),14/12/23 23:00:00,A,Y15-74,PC_POP,T,EA20,2014,7.5,
ESTAT:TPS00203(1.0),14/12/23 23:00:00,A,Y15-74,PC_POP,T,EA20,2015,7,
ESTAT:TPS00203(1.0),14/12/23 23:00:00,A,Y15-74,PC_POP,T,EA20,2016,6.5,
ESTAT:TPS00203(1.0),14/12/23 23:00:00,A,Y15-74,PC_POP,T,EA20,2017,5.9,
ESTAT:TPS00203(1.0),14/12/23 23:00:00,A,Y15-74,PC_POP,T,EA20,2018,5.3,
ESTAT:TPS00203(1.0),14/12/23 23:00:00,A,Y15-74,PC_POP,T,EA20,2019,4.9,
ESTAT:TPS00203(1.0),14/12/23 23:00:00,A,Y15-74,PC_POP,T,EA20,2020,5,
ESTAT:TPS00203(1.0),14/12/23 23:00:00,A,Y15-74,PC_POP,T,EA20,2021,5,
ESTAT:TPS00203(1.0),14/12/23 23:00:00,A,Y15-74,PC_POP,T,EA20,2022,4.4,
ESTAT:TPS00203(1.0),14/12/23 23:00:00,A,Y15-74,PC_POP,T,EE,2011,8.3,
ESTAT:TPS00203(1.0),14/12/23 23:00:00,A,Y15-74,PC_POP,T,EE,2012,6.8,
ESTAT:TPS00203(1.0),14/12/23 23:00:00,A,Y15-74,PC_POP,T,EE,2013,5.9,
ESTAT:TPS00203(1.0),14/12/23 23:00:00,A,Y15-74,PC_POP,T,EE,2014,5,
ESTAT:TPS00203(1.0),14/12/23 23:00:00,A,Y15-74,PC_POP,T,EE,2015,4.5,
ESTAT:TPS00203(1.0),14/12/23 23:00:00,A,Y15-74,PC_POP,T,EE,2016,4.9,
ESTAT:TPS00203(1.0),14/12/23 23:00:00,A,Y15-74,PC_POP,T,EE,2017,4.2,
ESTAT:TPS00203(1.0),14/12/23 23:00:00,A,Y15-74,PC_POP,T,EE,2018,3.9,
ESTAT:TPS00203(1.0),14/12/23 23:00:00,A,Y15-74,PC_POP,T,EE,2019,3.2,
ESTAT:TPS00203(1.0),14/12/23 23:00:00,A,Y15-74,PC_POP,T,EE,2020,5,
ESTAT:TPS00203(1.0),14/12/23 23:00:00,A,Y15-74,PC_POP,T,EE,2021,4.4,
ESTAT:TPS00203(1.0),14/12/23 23:00:00,A,Y15-74,PC_POP,T,EE,2022,4.1,
ESTAT:TPS00203(1.0),14/12/23 23:00:00,A,Y15-74,PC_POP,T,EL,2011,10.7,
ESTAT:TPS00203(1.0),14/12/23 23:00:00,A,Y15-74,PC_POP,T,EL,2012,14.6,
ESTAT:TPS00203(1.0),14/12/23 23:00:00,A,Y15-74,PC_POP,T,EL,2013,16.4,
ESTAT:TPS00203(1.0),14/12/23 23:00:00,A,Y15-74,PC_POP,T,EL,2014,15.7,
ESTAT:TPS00203(1.0),14/12/23 23:00:00,A,Y15-74,PC_POP,T,EL,2015,14.8,
ESTAT:TPS00203(1.0),14/12/23 23:00:00,A,Y15-74,PC_POP,T,EL,2016,14.2,
ESTAT:TPS00203(1.0),14/12/23 23:00:00,A,Y15-74,PC_POP,T,EL,2017,13,
ESTAT:TPS00203(1.0),14/12/23 23:00:00,A,Y15-74,PC_POP,T,EL,2018,11.7,
ESTAT:TPS00203(1.0),14/12/23 23:00:00,A,Y15-74,PC_POP,T,EL,2019,10.7,
ESTAT:TPS00203(1.0),14/12/23 23:00:00,A,Y15-74,PC_POP,T,EL,2020,10,
ESTAT:TPS00203(1.0),14/12/23 23:00:00,A,Y15-74,PC_POP,T,EL,2021,8.6,
ESTAT:TPS00203(1.0),14/12/23 23:00:00,A,Y15-74,PC_POP,T,EL,2022,7.5,
ESTAT:TPS00203(1.0),14/12/23 23:00:00,A,Y15-74,PC_POP,T,ES,2011,14.2,
ESTAT:TPS00203(1.0),14/12/23 23:00:00,A,Y15-74,PC_POP,T,ES,2012,16.5,
ESTAT:TPS00203(1.0),14/12/23 23:00:00,A,Y15-74,PC_POP,T,ES,2013,17.3,
ESTAT:TPS00203(1.0),14/12/23 23:00:00,A,Y15-74,PC_POP,T,ES,2014,16,
ESTAT:TPS00203(1.0),14/12/23 23:00:00,A,Y15-74,PC_POP,T,ES,2015,14.5,
ESTAT:TPS00203(1.0),14/12/23 23:00:00,A,Y15-74,PC_POP,T,ES,2016,12.8,
ESTAT:TPS00203(1.0),14/12/23 23:00:00,A,Y15-74,PC_POP,T,ES,2017,11.2,
ESTAT:TPS00203(1.0),14/12/23 23:00:00,A,Y15-74,PC_POP,T,ES,2018,9.9,
ESTAT:TPS00203(1.0),14/12/23 23:00:00,A,Y15-74,PC_POP,T,ES,2019,9.1,
ESTAT:TPS00203(1.0),14/12/23 23:00:00,A,Y15-74,PC_POP,T,ES,2020,9.9,
ESTAT:TPS00203(1.0),14/12/23 23:00:00,A,Y15-74,PC_POP,T,ES,2021,9.6,d
ESTAT:TPS00203(1.0),14/12/23 23:00:00,A,Y15-74,PC_POP,T,ES,2022,8.4,d
ESTAT:TPS00203(1.0),14/12/23 23:00:00,A,Y15-74,PC_POP,T,EU27_2020,2011,6.3,
ESTAT:TPS00203(1.0),14/12/23 23:00:00,A,Y15-74,PC_POP,T,EU27_2020,2012,6.9,
ESTAT:TPS00203(1.0),14/12/23 23:00:00,A,Y15-74,PC_POP,T,EU27_2020,2013,7.3,
ESTAT:TPS00203(1.0),14/12/23 23:00:00,A,Y15-74,PC_POP,T,EU27_2020,2014,6.9,
ESTAT:TPS00203(1.0),14/12/23 23:00:00,A,Y15-74,PC_POP,T,EU27_2020,2015,6.4,
ESTAT:TPS00203(1.0),14/12/23 23:00:00,A,Y15-74,PC_POP,T,EU27_2020,2016,5.9,
ESTAT:TPS00203(1.0),14/12/23 23:00:00,A,Y15-74,PC_POP,T,EU27_2020,2017,5.3,
ESTAT:TPS00203(1.0),14/12/23 23:00:00,A,Y15-74,PC_POP,T,EU27_2020,2018,4.7,
ESTAT:TPS00203(1.0),14/12/23 23:00:00,A,Y15-74,PC_POP,T,EU27_2020,2019,4.4,
ESTAT:TPS00203(1.0),14/12/23 23:00:00,A,Y15-74,PC_POP,T,EU27_2020,2020,4.6,
ESTAT:TPS00203(1.0),14/12/23 23:00:00,A,Y15-74,PC_POP,T,EU27_2020,2021,4.5,
ESTAT:TPS00203(1.0),14/12/23 23:00:00,A,Y15-74,PC_POP,T,EU27_2020,2022,4,
ESTAT:TPS00203(1.0),14/12/23 23:00:00,A,Y15-74,PC_POP,T,FI,2011,5.2,
ESTAT:TPS00203(1.0),14/12/23 23:00:00,A,Y15-74,PC_POP,T,FI,2012,5.2,
ESTAT:TPS00203(1.0),14/12/23 23:00:00,A,Y15-74,PC_POP,T,FI,2013,5.4,
ESTAT:TPS00203(1.0),14/12/23 23:00:00,A,Y15-74,PC_POP,T,FI,2014,5.7,
ESTAT:TPS00203(1.0),14/12/23 23:00:00,A,Y15-74,PC_POP,T,FI,2015,6.1,
ESTAT:TPS00203(1.0),14/12/23 23:00:00,A,Y15-74,PC_POP,T,FI,2016,5.8,
ESTAT:TPS00203(1.0),14/12/23 23:00:00,A,Y15-74,PC_POP,T,FI,2017,5.7,
ESTAT:TPS00203(1.0),14/12/23 23:00:00,A,Y15-74,PC_POP,T,FI,2018,4.9,
ESTAT:TPS00203(1.0),14/12/23 23:00:00,A,Y15-74,PC_POP,T,FI,2019,4.5,
ESTAT:TPS00203(1.0),14/12/23 23:00:00,A,Y15-74,PC_POP,T,FI,2020,5.1,
ESTAT:TPS00203(1.0),14/12/23 23:00:00,A,Y15-74,PC_POP,T,FI,2021,5.2,
ESTAT:TPS00203(1.0),14/12/23 23:00:00,A,Y15-74,PC_POP,T,FI,2022,4.6,
ESTAT:TPS00203(1.0),14/12/23 23:00:00,A,Y15-74,PC_POP,T,FR,2011,5.8,
ESTAT:TPS00203(1.0),14/12/23 23:00:00,A,Y15-74,PC_POP,T,FR,2012,6.2,
ESTAT:TPS00203(1.0),14/12/23 23:00:00,A,Y15-74,PC_POP,T,FR,2013,6.6,
ESTAT:TPS00203(1.0),14/12/23 23:00:00,A,Y15-74,PC_POP,T,FR,2014,6.5,
ESTAT:TPS00203(1.0),14/12/23 23:00:00,A,Y15-74,PC_POP,T,FR,2015,6.5,
ESTAT:TPS00203(1.0),14/12/23 23:00:00,A,Y15-74,PC_POP,T,FR,2016,6.3,
ESTAT:TPS00203(1.0),14/12/23 23:00:00,A,Y15-74,PC_POP,T,FR,2017,5.9,
ESTAT:TPS00203(1.0),14/12/23 23:00:00,A,Y15-74,PC_POP,T,FR,2018,5.7,
ESTAT:TPS00203(1.0),14/12/23 23:00:00,A,Y15-74,PC_POP,T,FR,2019,5.3,
ESTAT:TPS00203(1.0),14/12/23 23:00:00,A,Y15-74,PC_POP,T,FR,2020,5,
ESTAT:TPS00203(1.0),14/12/23 23:00:00,A,Y15-74,PC_POP,T,FR,2021,4.9,d
ESTAT:TPS00203(1.0),14/12/23 23:00:00,A,Y15-74,PC_POP,T,FR,2022,4.6,d
ESTAT:TPS00203(1.0),14/12/23 23:00:00,A,Y15-74,PC_POP,T,HR,2011,7.8,
ESTAT:TPS00203(1.0),14/12/23 23:00:00,A,Y15-74,PC_POP,T,HR,2012,9.1,
ESTAT:TPS00203(1.0),14/12/23 23:00:00,A,Y15-74,PC_POP,T,HR,2013,9.8,
ESTAT:TPS00203(1.0),14/12/23 23:00:00,A,Y15-74,PC_POP,T,HR,2014,10.1,
ESTAT:TPS00203(1.0),14/12/23 23:00:00,A,Y15-74,PC_POP,T,HR,2015,9.5,
ESTAT:TPS00203(1.0),14/12/23 23:00:00,A,Y15-74,PC_POP,T,HR,2016,7.5,
ESTAT:TPS00203(1.0),14/12/23 23:00:00,A,Y15-74,PC_POP,T,HR,2017,6.5,
ESTAT:TPS00203(1.0),14/12/23 23:00:00,A,Y15-74,PC_POP,T,HR,2018,4.9,
ESTAT:TPS00203(1.0),14/12/23 23:00:00,A,Y15-74,PC_POP,T,HR,2019,3.8,
ESTAT:TPS00203(1.0),14/12/23 23:00:00,A,Y15-74,PC_POP,T,HR,2020,4.3,
ESTAT:TPS00203(1.0),14/12/23 23:00:00,A,Y15-74,PC_POP,T,HR,2021,4.5,
ESTAT:TPS00203(1.0),14/12/23 23:00:00,A,Y15-74,PC_POP,T,HR,2022,4.1,
ESTAT:TPS00203(1.0),14/12/23 23:00:00,A,Y15-74,PC_POP,T,HU,2011,6.1,
ESTAT:TPS00203(1.0),14/12/23 23:00:00,A,Y15-74,PC_POP,T,HU,2012,6.2,
ESTAT:TPS00203(1.0),14/12/23 23:00:00,A,Y15-74,PC_POP,T,HU,2013,5.8,
ESTAT:TPS00203(1.0),14/12/23 23:00:00,A,Y15-74,PC_POP,T,HU,2014,4.5,
ESTAT:TPS00203(1.0),14/12/23 23:00:00,A,Y15-74,PC_POP,T,HU,2015,4.1,
ESTAT:TPS00203(1.0),14/12/23 23:00:00,A,Y15-74,PC_POP,T,HU,2016,3.1,
ESTAT:TPS00203(1.0),14/12/23 23:00:00,A,Y15-74,PC_POP,T,HU,2017,2.6,
ESTAT:TPS00203(1.0),14/12/23 23:00:00,A,Y15-74,PC_POP,T,HU,2018,2.3,
ESTAT:TPS00203(1.0),14/12/23 23:00:00,A,Y15-74,PC_POP,T,HU,2019,2.1,
ESTAT:TPS00203(1.0),14/12/23 23:00:00,A,Y15-74,PC_POP,T,HU,2020,2.7,
ESTAT:TPS00203(1.0),14/12/23 23:00:00,A,Y15-74,PC_POP,T,HU,2021,2.7,
ESTAT:TPS00203(1.0),14/12/23 23:00:00,A,Y15-74,PC_POP,T,HU,2022,2.4,
ESTAT:TPS00203(1.0),14/12/23 23:00:00,A,Y15-74,PC_POP,T,IE,2011,10.2,
ESTAT:TPS00203(1.0),14/12/23 23:00:00,A,Y15-74,PC_POP,T,IE,2012,10.2,
ESTAT:TPS00203(1.0),14/12/23 23:00:00,A,Y15-74,PC_POP,T,IE,2013,9.1,
ESTAT:TPS00203(1.0),14/12/23 23:00:00,A,Y15-74,PC_POP,T,IE,2014,7.8,
ESTAT:TPS00203(1.0),14/12/23 23:00:00,A,Y15-74,PC_POP,T,IE,2015,6.6,
ESTAT:TPS00203(1.0),14/12/23 23:00:00,A,Y15-74,PC_POP,T,IE,2016,5.6,
ESTAT:TPS00203(1.0),14/12/23 23:00:00,A,Y15-74,PC_POP,T,IE,2017,4.5,
ESTAT:TPS00203(1.0),14/12/23 23:00:00,A,Y15-74,PC_POP,T,IE,2018,3.9,
ESTAT:TPS00203(1.0),14/12/23 23:00:00,A,Y15-74,PC_POP,T,IE,2019,3.3,
ESTAT:TPS00203(1.0),14/12/23 23:00:00,A,Y15-74,PC_POP,T,IE,2020,3.8,
ESTAT:TPS00203(1.0),14/12/23 23:00:00,A,Y15-74,PC_POP,T,IE,2021,4.3,
ESTAT:TPS00203(1.0),14/12/23 23:00:00,A,Y15-74,PC_POP,T,IE,2022,3.2,
ESTAT:TPS00203(1.0),14/12/23 23:00:00,A,Y15-74,PC_POP,T,IS,2011,5.6,
ESTAT:TPS00203(1.0),14/12/23 23:00:00,A,Y15-74,PC_POP,T,IS,2012,4.8,
ESTAT:TPS00203(1.0),14/12/23 23:00:00,A,Y15-74,PC_POP,T,IS,2013,4.3,
ESTAT:TPS00203(1.0),14/12/23 23:00:00,A,Y15-74,PC_POP,T,IS,2014,4,
ESTAT:TPS00203(1.0),14/12/23 23:00:00,A,Y15-74,PC_POP,T,IS,2015,3.3,
ESTAT:TPS00203(1.0),14/12/23 23:00:00,A,Y15-74,PC_POP,T,IS,2016,2.5,
ESTAT:TPS00203(1.0),14/12/23 23:00:00,A,Y15-74,PC_POP,T,IS,2017,2.3,
ESTAT:TPS00203(1.0),14/12/23 23:00:00,A,Y15-74,PC_POP,T,IS,2018,2.2,
ESTAT:TPS00203(1.0),14/12/23 23:00:00,A,Y15-74,PC_POP,T,IS,2019,2.8,
ESTAT:TPS00203(1.0),14/12/23 23:00:00,A,Y15-74,PC_POP,T,IS,2020,4.3,b
ESTAT:TPS00203(1.0),14/12/23 23:00:00,A,Y15-74,PC_POP,T,IS,2021,4.8,
ESTAT:TPS00203(1.0),14/12/23 23:00:00,A,Y15-74,PC_POP,T,IS,2022,3,
ESTAT:TPS00203(1.0),14/12/23 23:00:00,A,Y15-74,PC_POP,T,IT,2011,4.6,
ESTAT:TPS00203(1.0),14/12/23 23:00:00,A,Y15-74,PC_POP,T,IT,2012,6,
ESTAT:TPS00203(1.0),14/12/23 23:00:00,A,Y15-74,PC_POP,T,IT,2013,6.8,
ESTAT:TPS00203(1.0),14/12/23 23:00:00,A,Y15-74,PC_POP,T,IT,2014,7.1,
ESTAT:TPS00203(1.0),14/12/23 23:00:00,A,Y15-74,PC_POP,T,IT,2015,6.7,
ESTAT:TPS00203(1.0),14/12/23 23:00:00,A,Y15-74,PC_POP,T,IT,2016,6.6,
ESTAT:TPS00203(1.0),14/12/23 23:00:00,A,Y15-74,PC_POP,T,IT,2017,6.4,
ESTAT:TPS00203(1.0),14/12/23 23:00:00,A,Y15-74,PC_POP,T,IT,2018,6.1,
ESTAT:TPS00203(1.0),14/12/23 23:00:00,A,Y15-74,PC_POP,T,IT,2019,5.7,
ESTAT:TPS00203(1.0),14/12/23 23:00:00,A,Y15-74,PC_POP,T,IT,2020,5.2,
ESTAT:TPS00203(1.0),14/12/23 23:00:00,A,Y15-74,PC_POP,T,IT,2021,5.3,
ESTAT:TPS00203(1.0),14/12/23 23:00:00,A,Y15-74,PC_POP,T,IT,2022,4.6,
ESTAT:TPS00203(1.0),14/12/23 23:00:00,A,Y15-74,PC_POP,T,LT,2011,9.8,
ESTAT:TPS00203(1.0),14/12/23 23:00:00,A,Y15-74,PC_POP,T,LT,2012,8.6,
ESTAT:TPS00203(1.0),14/12/23 23:00:00,A,Y15-74,PC_POP,T,LT,2013,7.6,
ESTAT:TPS00203(1.0),14/12/23 23:00:00,A,Y15-74,PC_POP,T,LT,2014,7.1,
ESTAT:TPS00203(1.0),14/12/23 23:00:00,A,Y15-74,PC_POP,T,LT,2015,6.1,
ESTAT:TPS00203(1.0),14/12/23 23:00:00,A,Y15-74,PC_POP,T,LT,2016,5.3,
ESTAT:TPS00203(1.0),14/12/23 23:00:00,A,Y15-74,PC_POP,T,LT,2017,4.8,
ESTAT:TPS00203(1.0),14/12/23 23:00:00,A,Y15-74,PC_POP,T,LT,2018,4.3,
ESTAT:TPS00203(1.0),14/12/23 23:00:00,A,Y15-74,PC_POP,T,LT,2019,4.4,
ESTAT:TPS00203(1.0),14/12/23 23:00:00,A,Y15-74,PC_POP,T,LT,2020,6,
ESTAT:TPS00203(1.0),14/12/23 23:00:00,A,Y15-74,PC_POP,T,LT,2021,5,
ESTAT:TPS00203(1.0),14/12/23 23:00:00,A,Y15-74,PC_POP,T,LT,2022,4.2,
ESTAT:TPS00203(1.0),14/12/23 23:00:00,A,Y15-74,PC_POP,T,LU,2011,3,
ESTAT:TPS00203(1.0),14/12/23 23:00:00,A,Y15-74,PC_POP,T,LU,2012,3.2,
ESTAT:TPS00203(1.0),14/12/23 23:00:00,A,Y15-74,PC_POP,T,LU,2013,3.7,
ESTAT:TPS00203(1.0),14/12/23 23:00:00,A,Y15-74,PC_POP,T,LU,2014,3.7,
ESTAT:TPS00203(1.0),14/12/23 23:00:00,A,Y15-74,PC_POP,T,LU,2015,4.3,b
ESTAT:TPS00203(1.0),14/12/23 23:00:00,A,Y15-74,PC_POP,T,LU,2016,4,
ESTAT:TPS00203(1.0),14/12/23 23:00:00,A,Y15-74,PC_POP,T,LU,2017,3.5,
ESTAT:TPS00203(1.0),14/12/23 23:00:00,A,Y15-74,PC_POP,T,LU,2018,3.6,
ESTAT:TPS00203(1.0),14/12/23 23:00:00,A,Y15-74,PC_POP,T,LU,2019,3.7,
ESTAT:TPS00203(1.0),14/12/23 23:00:00,A,Y15-74,PC_POP,T,LU,2020,4.4,
ESTAT:TPS00203(1.0),14/12/23 23:00:00,A,Y15-74,PC_POP,T,LU,2021,3.5,
ESTAT:TPS00203(1.0),14/12/23 23:00:00,A,Y15-74,PC_POP,T,LU,2022,3.1,
ESTAT:TPS00203(1.0),14/12/23 23:00:00,A,Y15-74,PC_POP,T,LV,2011,10.5,
ESTAT:TPS00203(1.0),14/12/23 23:00:00,A,Y15-74,PC_POP,T,LV,2012,10,
ESTAT:TPS00203(1.0),14/12/23 23:00:00,A,Y15-74,PC_POP,T,LV,2013,7.9,
ESTAT:TPS00203(1.0),14/12/23 23:00:00,A,Y15-74,PC_POP,T,LV,2014,7.2,
ESTAT:TPS00203(1.0),14/12/23 23:00:00,A,Y15-74,PC_POP,T,LV,2015,6.7,
ESTAT:TPS00203(1.0),14/12/23 23:00:00,A,Y15-74,PC_POP,T,LV,2016,6.6,
ESTAT:TPS00203(1.0),14/12/23 23:00:00,A,Y15-74,PC_POP,T,LV,2017,6,
ESTAT:TPS00203(1.0),14/12/23 23:00:00,A,Y15-74,PC_POP,T,LV,2018,5.2,
ESTAT:TPS00203(1.0),14/12/23 23:00:00,A,Y15-74,PC_POP,T,LV,2019,4.4,
ESTAT:TPS00203(1.0),14/12/23 23:00:00,A,Y15-74,PC_POP,T,LV,2020,5.7,
ESTAT:TPS00203(1.0),14/12/23 23:00:00,A,Y15-74,PC_POP,T,LV,2021,5.1,
ESTAT:TPS00203(1.0),14/12/23 23:00:00,A,Y15-74,PC_POP,T,LV,2022,4.7,
ESTAT:TPS00203(1.0),14/12/23 23:00:00,A,Y15-74,PC_POP,T,ME,2011,10.2,
ESTAT:TPS00203(1.0),14/12/23 23:00:00,A,Y15-74,PC_POP,T,ME,2012,10.7,
ESTAT:TPS00203(1.0),14/12/23 23:00:00,A,Y15-74,PC_POP,T,ME,2013,10.4,
ESTAT:TPS00203(1.0),14/12/23 23:00:00,A,Y15-74,PC_POP,T,ME,2014,10.1,
ESTAT:TPS00203(1.0),14/12/23 23:00:00,A,Y15-74,PC_POP,T,ME,2015,10.1,
ESTAT:TPS00203(1.0),14/12/23 23:00:00,A,Y15-74,PC_POP,T,ME,2016,10.3,
ESTAT:TPS00203(1.0),14/12/23 23:00:00,A,Y15-74,PC_POP,T,ME,2017,9.4,
ESTAT:TPS00203(1.0),14/12/23 23:00:00,A,Y15-74,PC_POP,T,ME,2018,9.1,
ESTAT:TPS00203(1.0),14/12/23 23:00:00,A,Y15-74,PC_POP,T,ME,2019,9.3,
ESTAT:TPS00203(1.0),14/12/23 23:00:00,A,Y15-74,PC_POP,T,ME,2020,10.2,
ESTAT:TPS00203(1.0),14/12/23 23:00:00,A,Y15-74,PC_POP,T,MK,2011,18.4,
ESTAT:TPS00203(1.0),14/12/23 23:00:00,A,Y15-74,PC_POP,T,MK,2012,18.1,
ESTAT:TPS00203(1.0),14/12/23 23:00:00,A,Y15-74,PC_POP,T,MK,2013,17.1,
ESTAT:TPS00203(1.0),14/12/23 23:00:00,A,Y15-74,PC_POP,T,MK,2014,16.6,
ESTAT:TPS00203(1.0),14/12/23 23:00:00,A,Y15-74,PC_POP,T,MK,2015,15.3,
ESTAT:TPS00203(1.0),14/12/23 23:00:00,A,Y15-74,PC_POP,T,MK,2016,13.8,
ESTAT:TPS00203(1.0),14/12/23 23:00:00,A,Y15-74,PC_POP,T,MK,2017,13.1,
ESTAT:TPS00203(1.0),14/12/23 23:00:00,A,Y15-74,PC_POP,T,MK,2018,12.2,
ESTAT:TPS00203(1.0),14/12/23 23:00:00,A,Y15-74,PC_POP,T,MK,2019,10.2,
ESTAT:TPS00203(1.0),14/12/23 23:00:00,A,Y15-74,PC_POP,T,MK,2020,9.6,
ESTAT:TPS00203(1.0),14/12/23 23:00:00,A,Y15-74,PC_POP,T,MT,2011,3.5,
ESTAT:TPS00203(1.0),14/12/23 23:00:00,A,Y15-74,PC_POP,T,MT,2012,3.5,
ESTAT:TPS00203(1.0),14/12/23 23:00:00,A,Y15-74,PC_POP,T,MT,2013,3.6,
ESTAT:TPS00203(1.0),14/12/23 23:00:00,A,Y15-74,PC_POP,T,MT,2014,3.4,
ESTAT:TPS00203(1.0),14/12/23 23:00:00,A,Y15-74,PC_POP,T,MT,2015,3.2,
ESTAT:TPS00203(1.0),14/12/23 23:00:00,A,Y15-74,PC_POP,T,MT,2016,2.9,
ESTAT:TPS00203(1.0),14/12/23 23:00:00,A,Y15-74,PC_POP,T,MT,2017,2.5,
ESTAT:TPS00203(1.0),14/12/23 23:00:00,A,Y15-74,PC_POP,T,MT,2018,2.4,
ESTAT:TPS00203(1.0),14/12/23 23:00:00,A,Y15-74,PC_POP,T,MT,2019,2.4,
ESTAT:TPS00203(1.0),14/12/23 23:00:00,A,Y15-74,PC_POP,T,MT,2020,2.9,
ESTAT:TPS00203(1.0),14/12/23 23:00:00,A,Y15-74,PC_POP,T,MT,2021,2.3,
ESTAT:TPS00203(1.0),14/12/23 23:00:00,A,Y15-74,PC_POP,T,MT,2022,2.1,
ESTAT:TPS00203(1.0),14/12/23 23:00:00,A,Y15-74,PC_POP,T,NL,2011,4.4,
ESTAT:TPS00203(1.0),14/12/23 23:00:00,A,Y15-74,PC_POP,T,NL,2012,5,
ESTAT:TPS00203(1.0),14/12/23 23:00:00,A,Y15-74,PC_POP,T,NL,2013,6,
ESTAT:TPS00203(1.0),14/12/23 23:00:00,A,Y15-74,PC_POP,T,NL,2014,6.1,
ESTAT:TPS00203(1.0),14/12/23 23:00:00,A,Y15-74,PC_POP,T,NL,2015,5.7,
ESTAT:TPS00203(1.0),14/12/23 23:00:00,A,Y15-74,PC_POP,T,NL,2016,5.1,
ESTAT:TPS00203(1.0),14/12/23 23:00:00,A,Y15-74,PC_POP,T,NL,2017,4.2,
ESTAT:TPS00203(1.0),14/12/23 23:00:00,A,Y15-74,PC_POP,T,NL,2018,3.6,
ESTAT:TPS00203(1.0),14/12/23 23:00:00,A,Y15-74,PC_POP,T,NL,2019,3.3,
ESTAT:TPS00203(1.0),14/12/23 23:00:00,A,Y15-74,PC_POP,T,NL,2020,3.6,
ESTAT:TPS00203(1.0),14/12/23 23:00:00,A,Y15-74,PC_POP,T,NL,2021,3.1,
ESTAT:TPS00203(1.0),14/12/23 23:00:00,A,Y15-74,PC_POP,T,NL,2022,2.6,
ESTAT:TPS00203(1.0),14/12/23 23:00:00,A,Y15-74,PC_POP,T,NO,2011,2.6,
ESTAT:TPS00203(1.0),14/12/23 23:00:00,A,Y15-74,PC_POP,T,NO,2012,2.5,
ESTAT:TPS00203(1.0),14/12/23 23:00:00,A,Y15-74,PC_POP,T,NO,2013,2.8,
ESTAT:TPS00203(1.0),14/12/23 23:00:00,A,Y15-74,PC_POP,T,NO,2014,2.7,
ESTAT:TPS00203(1.0),14/12/23 23:00:00,A,Y15-74,PC_POP,T,NO,2015,3.4,
ESTAT:TPS00203(1.0),14/12/23 23:00:00,A,Y15-74,PC_POP,T,NO,2016,3.5,
ESTAT:TPS00203(1.0),14/12/23 23:00:00,A,Y15-74,PC_POP,T,NO,2017,3.1,
ESTAT:TPS00203(1.0),14/12/23 23:00:00,A,Y15-74,PC_POP,T,NO,2018,2.8,
ESTAT:TPS00203(1.0),14/12/23 23:00:00,A,Y15-74,PC_POP,T,NO,2019,2.8,
ESTAT:TPS00203(1.0),14/12/23 23:00:00,A,Y15-74,PC_POP,T,NO,2020,3.4,
ESTAT:TPS00203(1.0),14/12/23 23:00:00,A,Y15-74,PC_POP,T,NO,2021,3.2,
ESTAT:TPS00203(1.0),14/12/23 23:00:00,A,Y15-74,PC_POP,T,NO,2022,2.4,
ESTAT:TPS00203(1.0),14/12/23 23:00:00,A,Y15-74,PC_POP,T,PL,2011,5.8,
ESTAT:TPS00203(1.0),14/12/23 23:00:00,A,Y15-74,PC_POP,T,PL,2012,6.1,
ESTAT:TPS00203(1.0),14/12/23 23:00:00,A,Y15-74,PC_POP,T,PL,2013,6.3,
ESTAT:TPS00203(1.0),14/12/23 23:00:00,A,Y15-74,PC_POP,T,PL,2014,5.5,
ESTAT:TPS00203(1.0),14/12/23 23:00:00,A,Y15-74,PC_POP,T,PL,2015,4.6,
ESTAT:TPS00203(1.0),14/12/23 23:00:00,A,Y15-74,PC_POP,T,PL,2016,3.8,
ESTAT:TPS00203(1.0),14/12/23 23:00:00,A,Y15-74,PC_POP,T,PL,2017,3,
ESTAT:TPS00203(1.0),14/12/23 23:00:00,A,Y15-74,PC_POP,T,PL,2018,2.4,
ESTAT:TPS00203(1.0),14/12/23 23:00:00,A,Y15-74,PC_POP,T,PL,2019,2,
ESTAT:TPS00203(1.0),14/12/23 23:00:00,A,Y15-74,PC_POP,T,PL,2020,1.9,
ESTAT:TPS00203(1.0),14/12/23 23:00:00,A,Y15-74,PC_POP,T,PL,2021,2.1,
ESTAT:TPS00203(1.0),14/12/23 23:00:00,A,Y15-74,PC_POP,T,PL,2022,1.8,
ESTAT:TPS00203(1.0),14/12/23 23:00:00,A,Y15-74,PC_POP,T,PT,2011,8.6,
ESTAT:TPS00203(1.0),14/12/23 23:00:00,A,Y15-74,PC_POP,T,PT,2012,10.5,
ESTAT:TPS00203(1.0),14/12/23 23:00:00,A,Y15-74,PC_POP,T,PT,2013,10.8,
ESTAT:TPS00203(1.0),14/12/23 23:00:00,A,Y15-74,PC_POP,T,PT,2014,9.2,
ESTAT:TPS00203(1.0),14/12/23 23:00:00,A,Y15-74,PC_POP,T,PT,2015,8.3,
ESTAT:TPS00203(1.0),14/12/23 23:00:00,A,Y15-74,PC_POP,T,PT,2016,7.3,
ESTAT:TPS00203(1.0),14/12/23 23:00:00,A,Y15-74,PC_POP,T,PT,2017,5.9,
ESTAT:TPS00203(1.0),14/12/23 23:00:00,A,Y15-74,PC_POP,T,PT,2018,4.7,
ESTAT:TPS00203(1.0),14/12/23 23:00:00,A,Y15-74,PC_POP,T,PT,2019,4.4,
ESTAT:TPS00203(1.0),14/12/23 23:00:00,A,Y15-74,PC_POP,T,PT,2020,4.5,
ESTAT:TPS00203(1.0),14/12/23 23:00:00,A,Y15-74,PC_POP,T,PT,2021,4.4,
ESTAT:TPS00203(1.0),14/12/23 23:00:00,A,Y15-74,PC_POP,T,PT,2022,4.1,
ESTAT:TPS00203(1.0),14/12/23 23:00:00,A,Y15-74,PC_POP,T,RO,2011,4.7,
ESTAT:TPS00203(1.0),14/12/23 23:00:00,A,Y15-74,PC_POP,T,RO,2012,4.5,
ESTAT:TPS00203(1.0),14/12/23 23:00:00,A,Y15-74,PC_POP,T,RO,2013,4.7,
ESTAT:TPS00203(1.0),14/12/23 23:00:00,A,Y15-74,PC_POP,T,RO,2014,4.5,
ESTAT:TPS00203(1.0),14/12/23 23:00:00,A,Y15-74,PC_POP,T,RO,2015,4.5,
ESTAT:TPS00203(1.0),14/12/23 23:00:00,A,Y15-74,PC_POP,T,RO,2016,3.8,
ESTAT:TPS00203(1.0),14/12/23 23:00:00,A,Y15-74,PC_POP,T,RO,2017,3.3,
ESTAT:TPS00203(1.0),14/12/23 23:00:00,A,Y15-74,PC_POP,T,RO,2018,2.9,
ESTAT:TPS00203(1.0),14/12/23 23:00:00,A,Y15-74,PC_POP,T,RO,2019,2.7,
ESTAT:TPS00203(1.0),14/12/23 23:00:00,A,Y15-74,PC_POP,T,RO,2020,3.4,
ESTAT:TPS00203(1.0),14/12/23 23:00:00,A,Y15-74,PC_POP,T,RO,2021,3.2,
ESTAT:TPS00203(1.0),14/12/23 23:00:00,A,Y15-74,PC_POP,T,RO,2022,3.2,
ESTAT:TPS00203(1.0),14/12/23 23:00:00,A,Y15-74,PC_POP,T,RS,2011,13.5,
ESTAT:TPS00203(1.0),14/12/23 23:00:00,A,Y15-74,PC_POP,T,RS,2012,14.3,
ESTAT:TPS00203(1.0),14/12/23 23:00:00,A,Y15-74,PC_POP,T,RS,2013,13.7,
ESTAT:TPS00203(1.0),14/12/23 23:00:00,A,Y15-74,PC_POP,T,RS,2014,11.5,
ESTAT:TPS00203(1.0),14/12/23 23:00:00,A,Y15-74,PC_POP,T,RS,2015,10.5,
ESTAT:TPS00203(1.0),14/12/23 23:00:00,A,Y15-74,PC_POP,T,RS,2016,9.4,
ESTAT:TPS00203(1.0),14/12/23 23:00:00,A,Y15-74,PC_POP,T,RS,2017,8.4,
ESTAT:TPS00203(1.0),14/12/23 23:00:00,A,Y15-74,PC_POP,T,RS,2018,8,
ESTAT:TPS00203(1.0),14/12/23 23:00:00,A,Y15-74,PC_POP,T,RS,2019,6.6,
ESTAT:TPS00203(1.0),14/12/23 23:00:00,A,Y15-74,PC_POP,T,RS,2020,5.6,
ESTAT:TPS00203(1.0),14/12/23 23:00:00,A,Y15-74,PC_POP,T,RS,2021,6.7,
ESTAT:TPS00203(1.0),14/12/23 23:00:00,A,Y15-74,PC_POP,T,RS,2022,5.8,
ESTAT:TPS00203(1.0),14/12/23 23:00:00,A,Y15-74,PC_POP,T,SE,2011,5.6,
ESTAT:TPS00203(1.0),14/12/23 23:00:00,A,Y15-74,PC_POP,T,SE,2012,5.8,
ESTAT:TPS00203(1.0),14/12/23 23:00:00,A,Y15-74,PC_POP,T,SE,2013,5.8,
ESTAT:TPS00203(1.0),14/12/23 23:00:00,A,Y15-74,PC_POP,T,SE,2014,5.8,
ESTAT:TPS00203(1.0),14/12/23 23:00:00,A,Y15-74,PC_POP,T,SE,2015,5.4,
ESTAT:TPS00203(1.0),14/12/23 23:00:00,A,Y15-74,PC_POP,T,SE,2016,5.1,
ESTAT:TPS00203(1.0),14/12/23 23:00:00,A,Y15-74,PC_POP,T,SE,2017,4.9,
ESTAT:TPS00203(1.0),14/12/23 23:00:00,A,Y15-74,PC_POP,T,SE,2018,4.7,b
ESTAT:TPS00203(1.0),14/12/23 23:00:00,A,Y15-74,PC_POP,T,SE,2019,5.1,
ESTAT:TPS00203(1.0),14/12/23 23:00:00,A,Y15-74,PC_POP,T,SE,2020,6.2,
ESTAT:TPS00203(1.0),14/12/23 23:00:00,A,Y15-74,PC_POP,T,SE,2021,6.5,
ESTAT:TPS00203(1.0),14/12/23 23:00:00,A,Y15-74,PC_POP,T,SE,2022,5.6,
ESTAT:TPS00203(1.0),14/12/23 23:00:00,A,Y15-74,PC_POP,T,SI,2011,5.1,
ESTAT:TPS00203(1.0),14/12/23 23:00:00,A,Y15-74,PC_POP,T,SI,2012,5.6,
ESTAT:TPS00203(1.0),14/12/23 23:00:00,A,Y15-74,PC_POP,T,SI,2013,6.3,
ESTAT:TPS00203(1.0),14/12/23 23:00:00,A,Y15-74,PC_POP,T,SI,2014,6.1,
ESTAT:TPS00203(1.0),14/12/23 23:00:00,A,Y15-74,PC_POP,T,SI,2015,5.7,
ESTAT:TPS00203(1.0),14/12/23 23:00:00,A,Y15-74,PC_POP,T,SI,2016,5,
ESTAT:TPS00203(1.0),14/12/23 23:00:00,A,Y15-74,PC_POP,T,SI,2017,4.2,
ESTAT:TPS00203(1.0),14/12/23 23:00:00,A,Y15-74,PC_POP,T,SI,2018,3.3,
ESTAT:TPS00203(1.0),14/12/23 23:00:00,A,Y15-74,PC_POP,T,SI,2019,2.9,
ESTAT:TPS00203(1.0),14/12/23 23:00:00,A,Y15-74,PC_POP,T,SI,2020,3.2,
ESTAT:TPS00203(1.0),14/12/23 23:00:00,A,Y15-74,PC_POP,T,SI,2021,3.1,
ESTAT:TPS00203(1.0),14/12/23 23:00:00,A,Y15-74,PC_POP,T,SI,2022,2.6,
ESTAT:TPS00203(1.0),14/12/23 23:00:00,A,Y15-74,PC_POP,T,SK,2011,8.7,b
ESTAT:TPS00203(1.0),14/12/23 23:00:00,A,Y15-74,PC_POP,T,SK,2012,9,
ESTAT:TPS00203(1.0),14/12/23 23:00:00,A,Y15-74,PC_POP,T,SK,2013,9.2,
ESTAT:TPS00203(1.0),14/12/23 23:00:00,A,Y15-74,PC_POP,T,SK,2014,8.5,
ESTAT:TPS00203(1.0),14/12/23 23:00:00,A,Y15-74,PC_POP,T,SK,2015,7.5,
ESTAT:TPS00203(1.0),14/12/23 23:00:00,A,Y15-74,PC_POP,T,SK,2016,6.4,
ESTAT:TPS00203(1.0),14/12/23 23:00:00,A,Y15-74,PC_POP,T,SK,2017,5.4,
ESTAT:TPS00203(1.0),14/12/23 23:00:00,A,Y15-74,PC_POP,T,SK,2018,4.3,
ESTAT:TPS00203(1.0),14/12/23 23:00:00,A,Y15-74,PC_POP,T,SK,2019,3.8,
ESTAT:TPS00203(1.0),14/12/23 23:00:00,A,Y15-74,PC_POP,T,SK,2020,4.4,
ESTAT:TPS00203(1.0),14/12/23 23:00:00,A,Y15-74,PC_POP,T,SK,2021,4.5,
ESTAT:TPS00203(1.0),14/12/23 23:00:00,A,Y15-74,PC_POP,T,SK,2022,4.1,
ESTAT:TPS00203(1.0),14/12/23 23:00:00,A,Y15-74,PC_POP,T,TR,2011,4.5,
ESTAT:TPS00203(1.0),14/12/23 23:00:00,A,Y15-74,PC_POP,T,TR,2012,4.2,
ESTAT:TPS00203(1.0),14/12/23 23:00:00,A,Y15-74,PC_POP,T,TR,2013,4.6,
ESTAT:TPS00203(1.0),14/12/23 23:00:00,A,Y15-74,PC_POP,T,TR,2014,5.2,b
ESTAT:TPS00203(1.0),14/12/23 23:00:00,A,Y15-74,PC_POP,T,TR,2015,5.5,
ESTAT:TPS00203(1.0),14/12/23 23:00:00,A,Y15-74,PC_POP,T,TR,2016,5.9,
ESTAT:TPS00203(1.0),14/12/23 23:00:00,A,Y15-74,PC_POP,T,TR,2017,6,
ESTAT:TPS00203(1.0),14/12/23 23:00:00,A,Y15-74,PC_POP,T,TR,2018,6.1,
ESTAT:TPS00203(1.0),14/12/23 23:00:00,A,Y15-74,PC_POP,T,TR,2019,7.6,
ESTAT:TPS00203(1.0),14/12/23 23:00:00,A,Y15-74,PC_POP,T,TR,2020,6.8,
ESTAT:TPS00203(1.0),14/12/23 23:00:00,A,Y15-74,THS_PER,T,AT,2011,209,
ESTAT:TPS00203(1.0),14/12/23 23:00:00,A,Y15-74,THS_PER,T,AT,2012,224,
ESTAT:TPS00203(1.0),14/12/23 23:00:00,A,Y15-74,THS_PER,T,AT,2013,249,
ESTAT:TPS00203(1.0),14/12/23 23:00:00,A,Y15-74,THS_PER,T,AT,2014,263,
ESTAT:TPS00203(1.0),14/12/23 23:00:00,A,Y15-74,THS_PER,T,AT,2015,271,
ESTAT:TPS00203(1.0),14/12/23 23:00:00,A,Y15-74,THS_PER,T,AT,2016,290,
ESTAT:TPS00203(1.0),14/12/23 23:00:00,A,Y15-74,THS_PER,T,AT,2017,267,
ESTAT:TPS00203(1.0),14/12/23 23:00:00,A,Y15-74,THS_PER,T,AT,2018,237,
ESTAT:TPS00203(1.0),14/12/23 23:00:00,A,Y15-74,THS_PER,T,AT,2019,220,
ESTAT:TPS00203(1.0),14/12/23 23:00:00,A,Y15-74,THS_PER,T,AT,2020,272,
ESTAT:TPS00203(1.0),14/12/23 23:00:00,A,Y15-74,THS_PER,T,AT,2021,284,
ESTAT:TPS00203(1.0),14/12/23 23:00:00,A,Y15-74,THS_PER,T,AT,2022,221,
ESTAT:TPS00203(1.0),14/12/23 23:00:00,A,Y15-74,THS_PER,T,BE,2011,350,
ESTAT:TPS00203(1.0),14/12/23 23:00:00,A,Y15-74,THS_PER,T,BE,2012,374,
ESTAT:TPS00203(1.0),14/12/23 23:00:00,A,Y15-74,THS_PER,T,BE,2013,423,
ESTAT:TPS00203(1.0),14/12/23 23:00:00,A,Y15-74,THS_PER,T,BE,2014,430,
ESTAT:TPS00203(1.0),14/12/23 23:00:00,A,Y15-74,THS_PER,T,BE,2015,430,
ESTAT:TPS00203(1.0),14/12/23 23:00:00,A,Y15-74,THS_PER,T,BE,2016,395,
ESTAT:TPS00203(1.0),14/12/23 23:00:00,A,Y15-74,THS_PER,T,BE,2017,357,b
ESTAT:TPS00203(1.0),14/12/23 23:00:00,A,Y15-74,THS_PER,T,BE,2018,305,
ESTAT:TPS00203(1.0),14/12/23 23:00:00,A,Y15-74,THS_PER,T,BE,2019,278,
ESTAT:TPS00203(1.0),14/12/23 23:00:00,A,Y15-74,THS_PER,T,BE,2020,291,
ESTAT:TPS00203(1.0),14/12/23 23:00:00,A,Y15-74,THS_PER,T,BE,2021,324,
ESTAT:TPS00203(1.0),14/12/23 23:00:00,A,Y15-74,THS_PER,T,BE,2022,294,
ESTAT:TPS00203(1.0),14/12/23 23:00:00,A,Y15-74,THS_PER,T,BG,2011,410,b
ESTAT:TPS00203(1.0),14/12/23 23:00:00,A,Y15-74,THS_PER,T,BG,2012,444,
ESTAT:TPS00203(1.0),14/12/23 23:00:00,A,Y15-74,THS_PER,T,BG,2013,469,
ESTAT:TPS00203(1.0),14/12/23 23:00:00,A,Y15-74,THS_PER,T,BG,2014,417,
ESTAT:TPS00203(1.0),14/12/23 23:00:00,A,Y15-74,THS_PER,T,BG,2015,337,
ESTAT:TPS00203(1.0),14/12/23 23:00:00,A,Y15-74,THS_PER,T,BG,2016,280,
ESTAT:TPS00203(1.0),14/12/23 23:00:00,A,Y15-74,THS_PER,T,BG,2017,240,
ESTAT:TPS00203(1.0),14/12/23 23:00:00,A,Y15-74,THS_PER,T,BG,2018,206,
ESTAT:TPS00203(1.0),14/12/23 23:00:00,A,Y15-74,THS_PER,T,BG,2019,176,
ESTAT:TPS00203(1.0),14/12/23 23:00:00,A,Y15-74,THS_PER,T,BG,2020,201,
ESTAT:TPS00203(1.0),14/12/23 23:00:00,A,Y15-74,THS_PER,T,BG,2021,171,
ESTAT:TPS00203(1.0),14/12/23 23:00:00,A,Y15-74,THS_PER,T,BG,2022,140,
ESTAT:TPS00203(1.0),14/12/23 23:00:00,A,Y15-74,THS_PER,T,CH,2011,198,
ESTAT:TPS00203(1.0),14/12/23 23:00:00,A,Y15-74,THS_PER,T,CH,2012,204,
ESTAT:TPS00203(1.0),14/12/23 23:00:00,A,Y15-74,THS_PER,T,CH,2013,219,
ESTAT:TPS00203(1.0),14/12/23 23:00:00,A,Y15-74,THS_PER,T,CH,2014,227,
ESTAT:TPS00203(1.0),14/12/23 23:00:00,A,Y15-74,THS_PER,T,CH,2015,229,
ESTAT:TPS00203(1.0),14/12/23 23:00:00,A,Y15-74,THS_PER,T,CH,2016,238,
ESTAT:TPS00203(1.0),14/12/23 23:00:00,A,Y15-74,THS_PER,T,CH,2017,234,
ESTAT:TPS00203(1.0),14/12/23 23:00:00,A,Y15-74,THS_PER,T,CH,2018,231,
ESTAT:TPS00203(1.0),14/12/23 23:00:00,A,Y15-74,THS_PER,T,CH,2019,216,
ESTAT:TPS00203(1.0),14/12/23 23:00:00,A,Y15-74,THS_PER,T,CH,2020,238,
ESTAT:TPS00203(1.0),14/12/23 23:00:00,A,Y15-74,THS_PER,T,CH,2021,252,
ESTAT:TPS00203(1.0),14/12/23 23:00:00,A,Y15-74,THS_PER,T,CH,2022,212,
ESTAT:TPS00203(1.0),14/12/23 23:00:00,A,Y15-74,THS_PER,T,CY,2011,34,
ESTAT:TPS00203(1.0),14/12/23 23:00:00,A,Y15-74,THS_PER,T,CY,2012,52,
ESTAT:TPS00203(1.0),14/12/23 23:00:00,A,Y15-74,THS_PER,T,CY,2013,69,
ESTAT:TPS00203(1.0),14/12/23 23:00:00,A,Y15-74,THS_PER,T,CY,2014,70,
ESTAT:TPS00203(1.0),14/12/23 23:00:00,A,Y15-74,THS_PER,T,CY,2015,63,
ESTAT:TPS00203(1.0),14/12/23 23:00:00,A,Y15-74,THS_PER,T,CY,2016,54,
ESTAT:TPS00203(1.0),14/12/23 23:00:00,A,Y15-74,THS_PER,T,CY,2017,47,
ESTAT:TPS00203(1.0),14/12/23 23:00:00,A,Y15-74,THS_PER,T,CY,2018,37,
ESTAT:TPS00203(1.0),14/12/23 23:00:00,A,Y15-74,THS_PER,T,CY,2019,32,
ESTAT:TPS00203(1.0),14/12/23 23:00:00,A,Y15-74,THS_PER,T,CY,2020,34,
ESTAT:TPS00203(1.0),14/12/23 23:00:00,A,Y15-74,THS_PER,T,CY,2021,35,
ESTAT:TPS00203(1.0),14/12/23 23:00:00,A,Y15-74,THS_PER,T,CY,2022,33,
ESTAT:TPS00203(1.0),14/12/23 23:00:00,A,Y15-74,THS_PER,T,CZ,2011,351,b
ESTAT:TPS00203(1.0),14/12/23 23:00:00,A,Y15-74,THS_PER,T,CZ,2012,367,
ESTAT:TPS00203(1.0),14/12/23 23:00:00,A,Y15-74,THS_PER,T,CZ,2013,369,
ESTAT:TPS00203(1.0),14/12/23 23:00:00,A,Y15-74,THS_PER,T,CZ,2014,324,
ESTAT:TPS00203(1.0),14/12/23 23:00:00,A,Y15-74,THS_PER,T,CZ,2015,268,
ESTAT:TPS00203(1.0),14/12/23 23:00:00,A,Y15-74,THS_PER,T,CZ,2016,211,
ESTAT:TPS00203(1.0),14/12/23 23:00:00,A,Y15-74,THS_PER,T,CZ,2017,155,
ESTAT:TPS00203(1.0),14/12/23 23:00:00,A,Y15-74,THS_PER,T,CZ,2018,121,
ESTAT:TPS00203(1.0),14/12/23 23:00:00,A,Y15-74,THS_PER,T,CZ,2019,109,
ESTAT:TPS00203(1.0),14/12/23 23:00:00,A,Y15-74,THS_PER,T,CZ,2020,137,
ESTAT:TPS00203(1.0),14/12/23 23:00:00,A,Y15-74,THS_PER,T,CZ,2021,150,
ESTAT:TPS00203(1.0),14/12/23 23:00:00,A,Y15-74,THS_PER,T,CZ,2022,118,
ESTAT:TPS00203(1.0),14/12/23 23:00:00,A,Y15-74,THS_PER,T,DE,2011,2230,b
ESTAT:TPS00203(1.0),14/12/23 23:00:00,A,Y15-74,THS_PER,T,DE,2012,2066,
ESTAT:TPS00203(1.0),14/12/23 23:00:00,A,Y15-74,THS_PER,T,DE,2013,2026,
ESTAT:TPS00203(1.0),14/12/23 23:00:00,A,Y15-74,THS_PER,T,DE,2014,1941,
ESTAT:TPS00203(1.0),14/12/23 23:00:00,A,Y15-74,THS_PER,T,DE,2015,1809,
ESTAT:TPS00203(1.0),14/12/23 23:00:00,A,Y15-74,THS_PER,T,DE,2016,1650,
ESTAT:TPS00203(1.0),14/12/23 23:00:00,A,Y15-74,THS_PER,T,DE,2017,1510,
ESTAT:TPS00203(1.0),14/12/23 23:00:00,A,Y15-74,THS_PER,T,DE,2018,1368,
ESTAT:TPS00203(1.0),14/12/23 23:00:00,A,Y15-74,THS_PER,T,DE,2019,1280,
ESTAT:TPS00203(1.0),14/12/23 23:00:00,A,Y15-74,THS_PER,T,DE,2020,1555,b
ESTAT:TPS00203(1.0),14/12/23 23:00:00,A,Y15-74,THS_PER,T,DE,2021,1563,
ESTAT:TPS00203(1.0),14/12/23 23:00:00,A,Y15-74,THS_PER,T,DE,2022,1376,
ESTAT:TPS00203(1.0),14/12/23 23:00:00,A,Y15-74,THS_PER,T,DK,2011,224,
ESTAT:TPS00203(1.0),14/12/23 23:00:00,A,Y15-74,THS_PER,T,DK,2012,224,
ESTAT:TPS00203(1.0),14/12/23 23:00:00,A,Y15-74,THS_PER,T,DK,2013,210,
ESTAT:TPS00203(1.0),14/12/23 23:00:00,A,Y15-74,THS_PER,T,DK,2014,198,
ESTAT:TPS00203(1.0),14/12/23 23:00:00,A,Y15-74,THS_PER,T,DK,2015,181,
ESTAT:TPS00203(1.0),14/12/23 23:00:00,A,Y15-74,THS_PER,T,DK,2016,176,b
ESTAT:TPS00203(1.0),14/12/23 23:00:00,A,Y15-74,THS_PER,T,DK,2017,173,b
ESTAT:TPS00203(1.0),14/12/23 23:00:00,A,Y15-74,THS_PER,T,DK,2018,153,
ESTAT:TPS00203(1.0),14/12/23 23:00:00,A,Y15-74,THS_PER,T,DK,2019,152,
ESTAT:TPS00203(1.0),14/12/23 23:00:00,A,Y15-74,THS_PER,T,DK,2020,170,
ESTAT:TPS00203(1.0),14/12/23 23:00:00,A,Y15-74,THS_PER,T,DK,2021,154,
ESTAT:TPS00203(1.0),14/12/23 23:00:00,A,Y15-74,THS_PER,T,DK,2022,139,
ESTAT:TPS00203(1.0),14/12/23 23:00:00,A,Y15-74,THS_PER,T,EA20,2011,16500,
ESTAT:TPS00203(1.0),14/12/23 23:00:00,A,Y15-74,THS_PER,T,EA20,2012,18559,
ESTAT:TPS00203(1.0),14/12/23 23:00:00,A,Y15-74,THS_PER,T,EA20,2013,19619,
ESTAT:TPS00203(1.0),14/12/23 23:00:00,A,Y15-74,THS_PER,T,EA20,2014,18982,
ESTAT:TPS00203(1.0),14/12/23 23:00:00,A,Y15-74,THS_PER,T,EA20,2015,17777,
ESTAT:TPS00203(1.0),14/12/23 23:00:00,A,Y15-74,THS_PER,T,EA20,2016,16517,
ESTAT:TPS00203(1.0),14/12/23 23:00:00,A,Y15-74,THS_PER,T,EA20,2017,14976,
ESTAT:TPS00203(1.0),14/12/23 23:00:00,A,Y15-74,THS_PER,T,EA20,2018,13551,
ESTAT:TPS00203(1.0),14/12/23 23:00:00,A,Y15-74,THS_PER,T,EA20,2019,12568,
ESTAT:TPS00203(1.0),14/12/23 23:00:00,A,Y15-74,THS_PER,T,EA20,2020,12976,
ESTAT:TPS00203(1.0),14/12/23 23:00:00,A,Y15-74,THS_PER,T,EA20,2021,12785,
ESTAT:TPS00203(1.0),14/12/23 23:00:00,A,Y15-74,THS_PER,T,EA20,2022,11336,
ESTAT:TPS00203(1.0),14/12/23 23:00:00,A,Y15-74,THS_PER,T,EE,2011,85,
ESTAT:TPS00203(1.0),14/12/23 23:00:00,A,Y15-74,THS_PER,T,EE,2012,68,
ESTAT:TPS00203(1.0),14/12/23 23:00:00,A,Y15-74,THS_PER,T,EE,2013,59,
ESTAT:TPS00203(1.0),14/12/23 23:00:00,A,Y15-74,THS_PER,T,EE,2014,50,
ESTAT:TPS00203(1.0),14/12/23 23:00:00,A,Y15-74,THS_PER,T,EE,2015,43,
ESTAT:TPS00203(1.0),14/12/23 23:00:00,A,Y15-74,THS_PER,T,EE,2016,47,
ESTAT:TPS00203(1.0),14/12/23 23:00:00,A,Y15-74,THS_PER,T,EE,2017,40,
ESTAT:TPS00203(1.0),14/12/23 23:00:00,A,Y15-74,THS_PER,T,EE,2018,38,
ESTAT:TPS00203(1.0),14/12/23 23:00:00,A,Y15-74,THS_PER,T,EE,2019,31,
ESTAT:TPS00203(1.0),14/12/23 23:00:00,A,Y15-74,THS_PER,T,EE,2020,48,
ESTAT:TPS00203(1.0),14/12/23 23:00:00,A,Y15-74,THS_PER,T,EE,2021,43,
ESTAT:TPS00203(1.0),14/12/23 23:00:00,A,Y15-74,THS_PER,T,EE,2022,40,
ESTAT:TPS00203(1.0),14/12/23 23:00:00,A,Y15-74,THS_PER,T,EL,2011,890,
ESTAT:TPS00203(1.0),14/12/23 23:00:00,A,Y15-74,THS_PER,T,EL,2012,1208,
ESTAT:TPS00203(1.0),14/12/23 23:00:00,A,Y15-74,THS_PER,T,EL,2013,1344,
ESTAT:TPS00203(1.0),14/12/23 23:00:00,A,Y15-74,THS_PER,T,EL,2014,1277,
ESTAT:TPS00203(1.0),14/12/23 23:00:00,A,Y15-74,THS_PER,T,EL,2015,1198,
ESTAT:TPS00203(1.0),14/12/23 23:00:00,A,Y15-74,THS_PER,T,EL,2016,1146,
ESTAT:TPS00203(1.0),14/12/23 23:00:00,A,Y15-74,THS_PER,T,EL,2017,1043,
ESTAT:TPS00203(1.0),14/12/23 23:00:00,A,Y15-74,THS_PER,T,EL,2018,935,
ESTAT:TPS00203(1.0),14/12/23 23:00:00,A,Y15-74,THS_PER,T,EL,2019,847,
ESTAT:TPS00203(1.0),14/12/23 23:00:00,A,Y15-74,THS_PER,T,EL,2020,791,
ESTAT:TPS00203(1.0),14/12/23 23:00:00,A,Y15-74,THS_PER,T,EL,2021,678,
ESTAT:TPS00203(1.0),14/12/23 23:00:00,A,Y15-74,THS_PER,T,EL,2022,588,
ESTAT:TPS00203(1.0),14/12/23 23:00:00,A,Y15-74,THS_PER,T,ES,2011,5013,
ESTAT:TPS00203(1.0),14/12/23 23:00:00,A,Y15-74,THS_PER,T,ES,2012,5811,
ESTAT:TPS00203(1.0),14/12/23 23:00:00,A,Y15-74,THS_PER,T,ES,2013,6051,
ESTAT:TPS00203(1.0),14/12/23 23:00:00,A,Y15-74,THS_PER,T,ES,2014,5610,
ESTAT:TPS00203(1.0),14/12/23 23:00:00,A,Y15-74,THS_PER,T,ES,2015,5056,
ESTAT:TPS00203(1.0),14/12/23 23:00:00,A,Y15-74,THS_PER,T,ES,2016,4481,
ESTAT:TPS00203(1.0),14/12/23 23:00:00,A,Y15-74,THS_PER,T,ES,2017,3917,
ESTAT:TPS00203(1.0),14/12/23 23:00:00,A,Y15-74,THS_PER,T,ES,2018,3479,
ESTAT:TPS00203(1.0),14/12/23 23:00:00,A,Y15-74,THS_PER,T,ES,2019,3248,
ESTAT:TPS00203(1.0),14/12/23 23:00:00,A,Y15-74,THS_PER,T,ES,2020,3531,
ESTAT:TPS00203(1.0),14/12/23 23:00:00,A,Y15-74,THS_PER,T,ES,2021,3430,d
ESTAT:TPS00203(1.0),14/12/23 23:00:00,A,Y15-74,THS_PER,T,ES,2022,3025,d
ESTAT:TPS00203(1.0),14/12/23 23:00:00,A,Y15-74,THS_PER,T,EU27_2020,2011,20727,
ESTAT:TPS00203(1.0),14/12/23 23:00:00,A,Y15-74,THS_PER,T,EU27_2020,2012,22918,
ESTAT:TPS00203(1.0),14/12/23 23:00:00,A,Y15-74,THS_PER,T,EU27_2020,2013,24034,
ESTAT:TPS00203(1.0),14/12/23 23:00:00,A,Y15-74,THS_PER,T,EU27_2020,2014,22939,
ESTAT:TPS00203(1.0),14/12/23 23:00:00,A,Y15-74,THS_PER,T,EU27_2020,2015,21252,
ESTAT:TPS00203(1.0),14/12/23 23:00:00,A,Y15-74,THS_PER,T,EU27_2020,2016,19436,
ESTAT:TPS00203(1.0),14/12/23 23:00:00,A,Y15-74,THS_PER,T,EU27_2020,2017,17444,
ESTAT:TPS00203(1.0),14/12/23 23:00:00,A,Y15-74,THS_PER,T,EU27_2020,2018,15643,
ESTAT:TPS00203(1.0),14/12/23 23:00:00,A,Y15-74,THS_PER,T,EU27_2020,2019,14503,
ESTAT:TPS00203(1.0),14/12/23 23:00:00,A,Y15-74,THS_PER,T,EU27_2020,2020,15182,
ESTAT:TPS00203(1.0),14/12/23 23:00:00,A,Y15-74,THS_PER,T,EU27_2020,2021,14984,
ESTAT:TPS00203(1.0),14/12/23 23:00:00,A,Y15-74,THS_PER,T,EU27_2020,2022,13291,
ESTAT:TPS00203(1.0),14/12/23 23:00:00,A,Y15-74,THS_PER,T,FI,2011,212,
ESTAT:TPS00203(1.0),14/12/23 23:00:00,A,Y15-74,THS_PER,T,FI,2012,209,
ESTAT:TPS00203(1.0),14/12/23 23:00:00,A,Y15-74,THS_PER,T,FI,2013,221,
ESTAT:TPS00203(1.0),14/12/23 23:00:00,A,Y15-74,THS_PER,T,FI,2014,232,
ESTAT:TPS00203(1.0),14/12/23 23:00:00,A,Y15-74,THS_PER,T,FI,2015,250,
ESTAT:TPS00203(1.0),14/12/23 23:00:00,A,Y15-74,THS_PER,T,FI,2016,236,
ESTAT:TPS00203(1.0),14/12/23 23:00:00,A,Y15-74,THS_PER,T,FI,2017,233,
ESTAT:TPS00203(1.0),14/12/23 23:00:00,A,Y15-74,THS_PER,T,FI,2018,202,
ESTAT:TPS00203(1.0),14/12/23 23:00:00,A,Y15-74,THS_PER,T,FI,2019,184,
ESTAT:TPS00203(1.0),14/12/23 23:00:00,A,Y15-74,THS_PER,T,FI,2020,209,
ESTAT:TPS00203(1.0),14/12/23 23:00:00,A,Y15-74,THS_PER,T,FI,2021,212,
ESTAT:TPS00203(1.0),14/12/23 23:00:00,A,Y15-74,THS_PER,T,FI,2022,190,
ESTAT:TPS00203(1.0),14/12/23 23:00:00,A,Y15-74,THS_PER,T,FR,2011,2687,
ESTAT:TPS00203(1.0),14/12/23 23:00:00,A,Y15-74,THS_PER,T,FR,2012,2877,
ESTAT:TPS00203(1.0),14/12/23 23:00:00,A,Y15-74,THS_PER,T,FR,2013,3048,
ESTAT:TPS00203(1.0),14/12/23 23:00:00,A,Y15-74,THS_PER,T,FR,2014,3042,
ESTAT:TPS00203(1.0),14/12/23 23:00:00,A,Y15-74,THS_PER,T,FR,2015,3073,
ESTAT:TPS00203(1.0),14/12/23 23:00:00,A,Y15-74,THS_PER,T,FR,2016,2992,
ESTAT:TPS00203(1.0),14/12/23 23:00:00,A,Y15-74,THS_PER,T,FR,2017,2807,
ESTAT:TPS00203(1.0),14/12/23 23:00:00,A,Y15-74,THS_PER,T,FR,2018,2701,
ESTAT:TPS00203(1.0),14/12/23 23:00:00,A,Y15-74,THS_PER,T,FR,2019,2519,
ESTAT:TPS00203(1.0),14/12/23 23:00:00,A,Y15-74,THS_PER,T,FR,2020,2381,
ESTAT:TPS00203(1.0),14/12/23 23:00:00,A,Y15-74,THS_PER,T,FR,2021,2365,d
ESTAT:TPS00203(1.0),14/12/23 23:00:00,A,Y15-74,THS_PER,T,FR,2022,2234,d
ESTAT:TPS00203(1.0),14/12/23 23:00:00,A,Y15-74,THS_PER,T,HR,2011,257,
ESTAT:TPS00203(1.0),14/12/23 23:00:00,A,Y15-74,THS_PER,T,HR,2012,297,
ESTAT:TPS00203(1.0),14/12/23 23:00:00,A,Y15-74,THS_PER,T,HR,2013,318,
ESTAT:TPS00203(1.0),14/12/23 23:00:00,A,Y15-74,THS_PER,T,HR,2014,327,
ESTAT:TPS00203(1.0),14/12/23 23:00:00,A,Y15-74,THS_PER,T,HR,2015,306,
ESTAT:TPS00203(1.0),14/12/23 23:00:00,A,Y15-74,THS_PER,T,HR,2016,240,
ESTAT:TPS00203(1.0),14/12/23 23:00:00,A,Y15-74,THS_PER,T,HR,2017,205,
ESTAT:TPS00203(1.0),14/12/23 23:00:00,A,Y15-74,THS_PER,T,HR,2018,152,
ESTAT:TPS00203(1.0),14/12/23 23:00:00,A,Y15-74,THS_PER,T,HR,2019,119,
ESTAT:TPS00203(1.0),14/12/23 23:00:00,A,Y15-74,THS_PER,T,HR,2020,135,
ESTAT:TPS00203(1.0),14/12/23 23:00:00,A,Y15-74,THS_PER,T,HR,2021,138,
ESTAT:TPS00203(1.0),14/12/23 23:00:00,A,Y15-74,THS_PER,T,HR,2022,128,
ESTAT:TPS00203(1.0),14/12/23 23:00:00,A,Y15-74,THS_PER,T,HU,2011,465,
ESTAT:TPS00203(1.0),14/12/23 23:00:00,A,Y15-74,THS_PER,T,HU,2012,473,
ESTAT:TPS00203(1.0),14/12/23 23:00:00,A,Y15-74,THS_PER,T,HU,2013,440,
ESTAT:TPS00203(1.0),14/12/23 23:00:00,A,Y15-74,THS_PER,T,HU,2014,343,
ESTAT:TPS00203(1.0),14/12/23 23:00:00,A,Y15-74,THS_PER,T,HU,2015,308,
ESTAT:TPS00203(1.0),14/12/23 23:00:00,A,Y15-74,THS_PER,T,HU,2016,234,
ESTAT:TPS00203(1.0),14/12/23 23:00:00,A,Y15-74,THS_PER,T,HU,2017,192,
ESTAT:TPS00203(1.0),14/12/23 23:00:00,A,Y15-74,THS_PER,T,HU,2018,172,
ESTAT:TPS00203(1.0),14/12/23 23:00:00,A,Y15-74,THS_PER,T,HU,2019,159,
ESTAT:TPS00203(1.0),14/12/23 23:00:00,A,Y15-74,THS_PER,T,HU,2020,198,
ESTAT:TPS00203(1.0),14/12/23 23:00:00,A,Y15-74,THS_PER,T,HU,2021,196,
ESTAT:TPS00203(1.0),14/12/23 23:00:00,A,Y15-74,THS_PER,T,HU,2022,176,
ESTAT:TPS00203(1.0),14/12/23 23:00:00,A,Y15-74,THS_PER,T,IE,2011,343,
ESTAT:TPS00203(1.0),14/12/23 23:00:00,A,Y15-74,THS_PER,T,IE,2012,343,
ESTAT:TPS00203(1.0),14/12/23 23:00:00,A,Y15-74,THS_PER,T,IE,2013,308,
ESTAT:TPS00203(1.0),14/12/23 23:00:00,A,Y15-74,THS_PER,T,IE,2014,267,
ESTAT:TPS00203(1.0),14/12/23 23:00:00,A,Y15-74,THS_PER,T,IE,2015,225,
ESTAT:TPS00203(1.0),14/12/23 23:00:00,A,Y15-74,THS_PER,T,IE,2016,195,
ESTAT:TPS00203(1.0),14/12/23 23:00:00,A,Y15-74,THS_PER,T,IE,2017,158,
ESTAT:TPS00203(1.0),14/12/23 23:00:00,A,Y15-74,THS_PER,T,IE,2018,138,
ESTAT:TPS00203(1.0),14/12/23 23:00:00,A,Y15-74,THS_PER,T,IE,2019,121,
ESTAT:TPS00203(1.0),14/12/23 23:00:00,A,Y15-74,THS_PER,T,IE,2020,139,
ESTAT:TPS00203(1.0),14/12/23 23:00:00,A,Y15-74,THS_PER,T,IE,2021,158,
ESTAT:TPS00203(1.0),14/12/23 23:00:00,A,Y15-74,THS_PER,T,IE,2022,119,
ESTAT:TPS00203(1.0),14/12/23 23:00:00,A,Y15-74,THS_PER,T,IS,2011,13,
ESTAT:TPS00203(1.0),14/12/23 23:00:00,A,Y15-74,THS_PER,T,IS,2012,11,
ESTAT:TPS00203(1.0),14/12/23 23:00:00,A,Y15-74,THS_PER,T,IS,2013,10,
ESTAT:TPS00203(1.0),14/12/23 23:00:00,A,Y15-74,THS_PER,T,IS,2014,9,
ESTAT:TPS00203(1.0),14/12/23 23:00:00,A,Y15-74,THS_PER,T,IS,2015,8,
ESTAT:TPS00203(1.0),14/12/23 23:00:00,A,Y15-74,THS_PER,T,IS,2016,6,
ESTAT:TPS00203(1.0),14/12/23 23:00:00,A,Y15-74,THS_PER,T,IS,2017,5,
ESTAT:TPS00203(1.0),14/12/23 23:00:00,A,Y15-74,THS_PER,T,IS,2018,6,
ESTAT:TPS00203(1.0),14/12/23 23:00:00,A,Y15-74,THS_PER,T,IS,2019,7,
ESTAT:TPS00203(1.0),14/12/23 23:00:00,A,Y15-74,THS_PER,T,IS,2020,11,b
ESTAT:TPS00203(1.0),14/12/23 23:00:00,A,Y15-74,THS_PER,T,IS,2021,13,
ESTAT:TPS00203(1.0),14/12/23 23:00:00,A,Y15-74,THS_PER,T,IS,2022,8,
ESTAT:TPS00203(1.0),14/12/23 23:00:00,A,Y15-74,THS_PER,T,IT,2011,2086,
ESTAT:TPS00203(1.0),14/12/23 23:00:00,A,Y15-74,THS_PER,T,IT,2012,2719,
ESTAT:TPS00203(1.0),14/12/23 23:00:00,A,Y15-74,THS_PER,T,IT,2013,3078,
ESTAT:TPS00203(1.0),14/12/23 23:00:00,A,Y15-74,THS_PER,T,IT,2014,3223,
ESTAT:TPS00203(1.0),14/12/23 23:00:00,A,Y15-74,THS_PER,T,IT,2015,3009,
ESTAT:TPS00203(1.0),14/12/23 23:00:00,A,Y15-74,THS_PER,T,IT,2016,2978,
ESTAT:TPS00203(1.0),14/12/23 23:00:00,A,Y15-74,THS_PER,T,IT,2017,2873,
ESTAT:TPS00203(1.0),14/12/23 23:00:00,A,Y15-74,THS_PER,T,IT,2018,2709,
ESTAT:TPS00203(1.0),14/12/23 23:00:00,A,Y15-74,THS_PER,T,IT,2019,2540,
ESTAT:TPS00203(1.0),14/12/23 23:00:00,A,Y15-74,THS_PER,T,IT,2020,2301,
ESTAT:TPS00203(1.0),14/12/23 23:00:00,A,Y15-74,THS_PER,T,IT,2021,2367,
ESTAT:TPS00203(1.0),14/12/23 23:00:00,A,Y15-74,THS_PER,T,IT,2022,2027,
ESTAT:TPS00203(1.0),14/12/23 23:00:00,A,Y15-74,THS_PER,T,LT,2011,228,
ESTAT:TPS00203(1.0),14/12/23 23:00:00,A,Y15-74,THS_PER,T,LT,2012,197,
ESTAT:TPS00203(1.0),14/12/23 23:00:00,A,Y15-74,THS_PER,T,LT,2013,172,
ESTAT:TPS00203(1.0),14/12/23 23:00:00,A,Y15-74,THS_PER,T,LT,2014,158,
ESTAT:TPS00203(1.0),14/12/23 23:00:00,A,Y15-74,THS_PER,T,LT,2015,134,
ESTAT:TPS00203(1.0),14/12/23 23:00:00,A,Y15-74,THS_PER,T,LT,2016,116,
ESTAT:TPS00203(1.0),14/12/23 23:00:00,A,Y15-74,THS_PER,T,LT,2017,103,
ESTAT:TPS00203(1.0),14/12/23 23:00:00,A,Y15-74,THS_PER,T,LT,2018,90,
ESTAT:TPS00203(1.0),14/12/23 23:00:00,A,Y15-74,THS_PER,T,LT,2019,92,
ESTAT:TPS00203(1.0),14/12/23 23:00:00,A,Y15-74,THS_PER,T,LT,2020,126,
ESTAT:TPS00203(1.0),14/12/23 23:00:00,A,Y15-74,THS_PER,T,LT,2021,105,
ESTAT:TPS00203(1.0),14/12/23 23:00:00,A,Y15-74,THS_PER,T,LT,2022,90,
ESTAT:TPS00203(1.0),14/12/23 23:00:00,A,Y15-74,THS_PER,T,LU,2011,12,
ESTAT:TPS00203(1.0),14/12/23 23:00:00,A,Y15-74,THS_PER,T,LU,2012,13,
ESTAT:TPS00203(1.0),14/12/23 23:00:00,A,Y15-74,THS_PER,T,LU,2013,15,
ESTAT:TPS00203(1.0),14/12/23 23:00:00,A,Y15-74,THS_PER,T,LU,2014,15,
ESTAT:TPS00203(1.0),14/12/23 23:00:00,A,Y15-74,THS_PER,T,LU,2015,18,b
ESTAT:TPS00203(1.0),14/12/23 23:00:00,A,Y15-74,THS_PER,T,LU,2016,17,
ESTAT:TPS00203(1.0),14/12/23 23:00:00,A,Y15-74,THS_PER,T,LU,2017,16,
ESTAT:TPS00203(1.0),14/12/23 23:00:00,A,Y15-74,THS_PER,T,LU,2018,17,
ESTAT:TPS00203(1.0),14/12/23 23:00:00,A,Y15-74,THS_PER,T,LU,2019,17,
ESTAT:TPS00203(1.0),14/12/23 23:00:00,A,Y15-74,THS_PER,T,LU,2020,21,
ESTAT:TPS00203(1.0),14/12/23 23:00:00,A,Y15-74,THS_PER,T,LU,2021,17,
ESTAT:TPS00203(1.0),14/12/23 23:00:00,A,Y15-74,THS_PER,T,LU,2022,15,
ESTAT:TPS00203(1.0),14/12/23 23:00:00,A,Y15-74,THS_PER,T,LV,2011,167,
ESTAT:TPS00203(1.0),14/12/23 23:00:00,A,Y15-74,THS_PER,T,LV,2012,156,
ESTAT:TPS00203(1.0),14/12/23 23:00:00,A,Y15-74,THS_PER,T,LV,2013,121,
ESTAT:TPS00203(1.0),14/12/23 23:00:00,A,Y15-74,THS_PER,T,LV,2014,108,
ESTAT:TPS00203(1.0),14/12/23 23:00:00,A,Y15-74,THS_PER,T,LV,2015,98,
ESTAT:TPS00203(1.0),14/12/23 23:00:00,A,Y15-74,THS_PER,T,LV,2016,96,
ESTAT:TPS00203(1.0),14/12/23 23:00:00,A,Y15-74,THS_PER,T,LV,2017,86,
ESTAT:TPS00203(1.0),14/12/23 23:00:00,A,Y15-74,THS_PER,T,LV,2018,73,
ESTAT:TPS00203(1.0),14/12/23 23:00:00,A,Y15-74,THS_PER,T,LV,2019,62,
ESTAT:TPS00203(1.0),14/12/23 23:00:00,A,Y15-74,THS_PER,T,LV,2020,79,
ESTAT:TPS00203(1.0),14/12/23 23:00:00,A,Y15-74,THS_PER,T,LV,2021,71,
ESTAT:TPS00203(1.0),14/12/23 23:00:00,A,Y15-74,THS_PER,T,LV,2022,65,
ESTAT:TPS00203(1.0),14/12/23 23:00:00,A,Y15-74,THS_PER,T,ME,2011,48,
ESTAT:TPS00203(1.0),14/12/23 23:00:00,A,Y15-74,THS_PER,T,ME,2012,50,
ESTAT:TPS00203(1.0),14/12/23 23:00:00,A,Y15-74,THS_PER,T,ME,2013,49,
ESTAT:TPS00203(1.0),14/12/23 23:00:00,A,Y15-74,THS_PER,T,ME,2014,47,
ESTAT:TPS00203(1.0),14/12/23 23:00:00,A,Y15-74,THS_PER,T,ME,2015,47,
ESTAT:TPS00203(1.0),14/12/23 23:00:00,A,Y15-74,THS_PER,T,ME,2016,48,
ESTAT:TPS00203(1.0),14/12/23 23:00:00,A,Y15-74,THS_PER,T,ME,2017,44,
ESTAT:TPS00203(1.0),14/12/23 23:00:00,A,Y15-74,THS_PER,T,ME,2018,42,
ESTAT:TPS00203(1.0),14/12/23 23:00:00,A,Y15-74,THS_PER,T,ME,2019,43,
ESTAT:TPS00203(1.0),14/12/23 23:00:00,A,Y15-74,THS_PER,T,ME,2020,48,
ESTAT:TPS00203(1.0),14/12/23 23:00:00,A,Y15-74,THS_PER,T,MK,2011,295,
ESTAT:TPS00203(1.0),14/12/23 23:00:00,A,Y15-74,THS_PER,T,MK,2012,292,
ESTAT:TPS00203(1.0),14/12/23 23:00:00,A,Y15-74,THS_PER,T,MK,2013,277,
ESTAT:TPS00203(1.0),14/12/23 23:00:00,A,Y15-74,THS_PER,T,MK,2014,269,
ESTAT:TPS00203(1.0),14/12/23 23:00:00,A,Y15-74,THS_PER,T,MK,2015,249,
ESTAT:TPS00203(1.0),14/12/23 23:00:00,A,Y15-74,THS_PER,T,MK,2016,225,
ESTAT:TPS00203(1.0),14/12/23 23:00:00,A,Y15-74,THS_PER,T,MK,2017,214,
ESTAT:TPS00203(1.0),14/12/23 23:00:00,A,Y15-74,THS_PER,T,MK,2018,199,
ESTAT:TPS00203(1.0),14/12/23 23:00:00,A,Y15-74,THS_PER,T,MK,2019,166,
ESTAT:TPS00203(1.0),14/12/23 23:00:00,A,Y15-74,THS_PER,T,MK,2020,156,
ESTAT:TPS00203(1.0),14/12/23 23:00:00,A,Y15-74,THS_PER,T,MT,2011,11,
ESTAT:TPS00203(1.0),14/12/23 23:00:00,A,Y15-74,THS_PER,T,MT,2012,11,
ESTAT:TPS00203(1.0),14/12/23 23:00:00,A,Y15-74,THS_PER,T,MT,2013,12,
ESTAT:TPS00203(1.0),14/12/23 23:00:00,A,Y15-74,THS_PER,T,MT,2014,12,
ESTAT:TPS00203(1.0),14/12/23 23:00:00,A,Y15-74,THS_PER,T,MT,2015,11,
ESTAT:TPS00203(1.0),14/12/23 23:00:00,A,Y15-74,THS_PER,T,MT,2016,10,
ESTAT:TPS00203(1.0),14/12/23 23:00:00,A,Y15-74,THS_PER,T,MT,2017,9,
ESTAT:TPS00203(1.0),14/12/23 23:00:00,A,Y15-74,THS_PER,T,MT,2018,9,
ESTAT:TPS00203(1.0),14/12/23 23:00:00,A,Y15-74,THS_PER,T,MT,2019,10,
ESTAT:TPS00203(1.0),14/12/23 23:00:00,A,Y15-74,THS_PER,T,MT,2020,12,
ESTAT:TPS00203(1.0),14/12/23 23:00:00,A,Y15-74,THS_PER,T,MT,2021,9,
ESTAT:TPS00203(1.0),14/12/23 23:00:00,A,Y15-74,THS_PER,T,MT,2022,9,
ESTAT:TPS00203(1.0),14/12/23 23:00:00,A,Y15-74,THS_PER,T,NL,2011,543,
ESTAT:TPS00203(1.0),14/12/23 23:00:00,A,Y15-74,THS_PER,T,NL,2012,625,
ESTAT:TPS00203(1.0),14/12/23 23:00:00,A,Y15-74,THS_PER,T,NL,2013,756,
ESTAT:TPS00203(1.0),14/12/23 23:00:00,A,Y15-74,THS_PER,T,NL,2014,769,
ESTAT:TPS00203(1.0),14/12/23 23:00:00,A,Y15-74,THS_PER,T,NL,2015,723,
ESTAT:TPS00203(1.0),14/12/23 23:00:00,A,Y15-74,THS_PER,T,NL,2016,647,
ESTAT:TPS00203(1.0),14/12/23 23:00:00,A,Y15-74,THS_PER,T,NL,2017,547,
ESTAT:TPS00203(1.0),14/12/23 23:00:00,A,Y15-74,THS_PER,T,NL,2018,459,
ESTAT:TPS00203(1.0),14/12/23 23:00:00,A,Y15-74,THS_PER,T,NL,2019,423,
ESTAT:TPS00203(1.0),14/12/23 23:00:00,A,Y15-74,THS_PER,T,NL,2020,466,
ESTAT:TPS00203(1.0),14/12/23 23:00:00,A,Y15-74,THS_PER,T,NL,2021,408,
ESTAT:TPS00203(1.0),14/12/23 23:00:00,A,Y15-74,THS_PER,T,NL,2022,350,
ESTAT:TPS00203(1.0),14/12/23 23:00:00,A,Y15-74,THS_PER,T,NO,2011,95,
ESTAT:TPS00203(1.0),14/12/23 23:00:00,A,Y15-74,THS_PER,T,NO,2012,94,
ESTAT:TPS00203(1.0),14/12/23 23:00:00,A,Y15-74,THS_PER,T,NO,2013,107,
ESTAT:TPS00203(1.0),14/12/23 23:00:00,A,Y15-74,THS_PER,T,NO,2014,104,
ESTAT:TPS00203(1.0),14/12/23 23:00:00,A,Y15-74,THS_PER,T,NO,2015,131,
ESTAT:TPS00203(1.0),14/12/23 23:00:00,A,Y15-74,THS_PER,T,NO,2016,137,
ESTAT:TPS00203(1.0),14/12/23 23:00:00,A,Y15-74,THS_PER,T,NO,2017,122,
ESTAT:TPS00203(1.0),14/12/23 23:00:00,A,Y15-74,THS_PER,T,NO,2018,113,
ESTAT:TPS00203(1.0),14/12/23 23:00:00,A,Y15-74,THS_PER,T,NO,2019,111,
ESTAT:TPS00203(1.0),14/12/23 23:00:00,A,Y15-74,THS_PER,T,NO,2020,136,
ESTAT:TPS00203(1.0),14/12/23 23:00:00,A,Y15-74,THS_PER,T,NO,2021,128,
ESTAT:TPS00203(1.0),14/12/23 23:00:00,A,Y15-74,THS_PER,T,NO,2022,96,
ESTAT:TPS00203(1.0),14/12/23 23:00:00,A,Y15-74,THS_PER,T,PL,2011,1657,
ESTAT:TPS00203(1.0),14/12/23 23:00:00,A,Y15-74,THS_PER,T,PL,2012,1749,
ESTAT:TPS00203(1.0),14/12/23 23:00:00,A,Y15-74,THS_PER,T,PL,2013,1792,
ESTAT:TPS00203(1.0),14/12/23 23:00:00,A,Y15-74,THS_PER,T,PL,2014,1566,
ESTAT:TPS00203(1.0),14/12/23 23:00:00,A,Y15-74,THS_PER,T,PL,2015,1304,
ESTAT:TPS00203(1.0),14/12/23 23:00:00,A,Y15-74,THS_PER,T,PL,2016,1063,
ESTAT:TPS00203(1.0),14/12/23 23:00:00,A,Y15-74,THS_PER,T,PL,2017,843,
ESTAT:TPS00203(1.0),14/12/23 23:00:00,A,Y15-74,THS_PER,T,PL,2018,659,
ESTAT:TPS00203(1.0),14/12/23 23:00:00,A,Y15-74,THS_PER,T,PL,2019,558,
ESTAT:TPS00203(1.0),14/12/23 23:00:00,A,Y15-74,THS_PER,T,PL,2020,537,
ESTAT:TPS00203(1.0),14/12/23 23:00:00,A,Y15-74,THS_PER,T,PL,2021,580,
ESTAT:TPS00203(1.0),14/12/23 23:00:00,A,Y15-74,THS_PER,T,PL,2022,498,
ESTAT:TPS00203(1.0),14/12/23 23:00:00,A,Y15-74,THS_PER,T,PT,2011,688,
ESTAT:TPS00203(1.0),14/12/23 23:00:00,A,Y15-74,THS_PER,T,PT,2012,836,
ESTAT:TPS00203(1.0),14/12/23 23:00:00,A,Y15-74,THS_PER,T,PT,2013,855,
ESTAT:TPS00203(1.0),14/12/23 23:00:00,A,Y15-74,THS_PER,T,PT,2014,726,
ESTAT:TPS00203(1.0),14/12/23 23:00:00,A,Y15-74,THS_PER,T,PT,2015,646,
ESTAT:TPS00203(1.0),14/12/23 23:00:00,A,Y15-74,THS_PER,T,PT,2016,573,
ESTAT:TPS00203(1.0),14/12/23 23:00:00,A,Y15-74,THS_PER,T,PT,2017,462,
ESTAT:TPS00203(1.0),14/12/23 23:00:00,A,Y15-74,THS_PER,T,PT,2018,366,
ESTAT:TPS00203(1.0),14/12/23 23:00:00,A,Y15-74,THS_PER,T,PT,2019,339,
ESTAT:TPS00203(1.0),14/12/23 23:00:00,A,Y15-74,THS_PER,T,PT,2020,351,
ESTAT:TPS00203(1.0),14/12/23 23:00:00,A,Y15-74,THS_PER,T,PT,2021,343,
ESTAT:TPS00203(1.0),14/12/23 23:00:00,A,Y15-74,THS_PER,T,PT,2022,319,
ESTAT:TPS00203(1.0),14/12/23 23:00:00,A,Y15-74,THS_PER,T,RO,2011,725,
ESTAT:TPS00203(1.0),14/12/23 23:00:00,A,Y15-74,THS_PER,T,RO,2012,695,
ESTAT:TPS00203(1.0),14/12/23 23:00:00,A,Y15-74,THS_PER,T,RO,2013,719,
ESTAT:TPS00203(1.0),14/12/23 23:00:00,A,Y15-74,THS_PER,T,RO,2014,693,
ESTAT:TPS00203(1.0),14/12/23 23:00:00,A,Y15-74,THS_PER,T,RO,2015,683,
ESTAT:TPS00203(1.0),14/12/23 23:00:00,A,Y15-74,THS_PER,T,RO,2016,581,
ESTAT:TPS00203(1.0),14/12/23 23:00:00,A,Y15-74,THS_PER,T,RO,2017,500,
ESTAT:TPS00203(1.0),14/12/23 23:00:00,A,Y15-74,THS_PER,T,RO,2018,429,
ESTAT:TPS00203(1.0),14/12/23 23:00:00,A,Y15-74,THS_PER,T,RO,2019,400,
ESTAT:TPS00203(1.0),14/12/23 23:00:00,A,Y15-74,THS_PER,T,RO,2020,497,
ESTAT:TPS00203(1.0),14/12/23 23:00:00,A,Y15-74,THS_PER,T,RO,2021,459,
ESTAT:TPS00203(1.0),14/12/23 23:00:00,A,Y15-74,THS_PER,T,RO,2022,465,
ESTAT:TPS00203(1.0),14/12/23 23:00:00,A,Y15-74,THS_PER,T,RS,2011,757,
ESTAT:TPS00203(1.0),14/12/23 23:00:00,A,Y15-74,THS_PER,T,RS,2012,791,
ESTAT:TPS00203(1.0),14/12/23 23:00:00,A,Y15-74,THS_PER,T,RS,2013,740,
ESTAT:TPS00203(1.0),14/12/23 23:00:00,A,Y15-74,THS_PER,T,RS,2014,635,
ESTAT:TPS00203(1.0),14/12/23 23:00:00,A,Y15-74,THS_PER,T,RS,2015,576,
ESTAT:TPS00203(1.0),14/12/23 23:00:00,A,Y15-74,THS_PER,T,RS,2016,511,
ESTAT:TPS00203(1.0),14/12/23 23:00:00,A,Y15-74,THS_PER,T,RS,2017,454,
ESTAT:TPS00203(1.0),14/12/23 23:00:00,A,Y15-74,THS_PER,T,RS,2018,430,
ESTAT:TPS00203(1.0),14/12/23 23:00:00,A,Y15-74,THS_PER,T,RS,2019,351,
ESTAT:TPS00203(1.0),14/12/23 23:00:00,A,Y15-74,THS_PER,T,RS,2020,299,
ESTAT:TPS00203(1.0),14/12/23 23:00:00,A,Y15-74,THS_PER,T,RS,2021,352,
ESTAT:TPS00203(1.0),14/12/23 23:00:00,A,Y15-74,THS_PER,T,RS,2022,302,
ESTAT:TPS00203(1.0),14/12/23 23:00:00,A,Y15-74,THS_PER,T,SE,2011,395,
ESTAT:TPS00203(1.0),14/12/23 23:00:00,A,Y15-74,THS_PER,T,SE,2012,408,
ESTAT:TPS00203(1.0),14/12/23 23:00:00,A,Y15-74,THS_PER,T,SE,2013,416,
ESTAT:TPS00203(1.0),14/12/23 23:00:00,A,Y15-74,THS_PER,T,SE,2014,417,
ESTAT:TPS00203(1.0),14/12/23 23:00:00,A,Y15-74,THS_PER,T,SE,2015,393,
ESTAT:TPS00203(1.0),14/12/23 23:00:00,A,Y15-74,THS_PER,T,SE,2016,373,
ESTAT:TPS00203(1.0),14/12/23 23:00:00,A,Y15-74,THS_PER,T,SE,2017,365,
ESTAT:TPS00203(1.0),14/12/23 23:00:00,A,Y15-74,THS_PER,T,SE,2018,351,b
ESTAT:TPS00203(1.0),14/12/23 23:00:00,A,Y15-74,THS_PER,T,SE,2019,380,
ESTAT:TPS00203(1.0),14/12/23 23:00:00,A,Y15-74,THS_PER,T,SE,2020,467,
ESTAT:TPS00203(1.0),14/12/23 23:00:00,A,Y15-74,THS_PER,T,SE,2021,489,
ESTAT:TPS00203(1.0),14/12/23 23:00:00,A,Y15-74,THS_PER,T,SE,2022,419,
ESTAT:TPS00203(1.0),14/12/23 23:00:00,A,Y15-74,THS_PER,T,SI,2011,83,
ESTAT:TPS00203(1.0),14/12/23 23:00:00,A,Y15-74,THS_PER,T,SI,2012,89,
ESTAT:TPS00203(1.0),14/12/23 23:00:00,A,Y15-74,THS_PER,T,SI,2013,101,
ESTAT:TPS00203(1.0),14/12/23 23:00:00,A,Y15-74,THS_PER,T,SI,2014,98,
ESTAT:TPS00203(1.0),14/12/23 23:00:00,A,Y15-74,THS_PER,T,SI,2015,90,
ESTAT:TPS00203(1.0),14/12/23 23:00:00,A,Y15-74,THS_PER,T,SI,2016,79,
ESTAT:TPS00203(1.0),14/12/23 23:00:00,A,Y15-74,THS_PER,T,SI,2017,67,
ESTAT:TPS00203(1.0),14/12/23 23:00:00,A,Y15-74,THS_PER,T,SI,2018,52,
ESTAT:TPS00203(1.0),14/12/23 23:00:00,A,Y15-74,THS_PER,T,SI,2019,45,
ESTAT:TPS00203(1.0),14/12/23 23:00:00,A,Y15-74,THS_PER,T,SI,2020,51,
ESTAT:TPS00203(1.0),14/12/23 23:00:00,A,Y15-74,THS_PER,T,SI,2021,48,
ESTAT:TPS00203(1.0),14/12/23 23:00:00,A,Y15-74,THS_PER,T,SI,2022,41,
ESTAT:TPS00203(1.0),14/12/23 23:00:00,A,Y15-74,THS_PER,T,SK,2011,373,b
ESTAT:TPS00203(1.0),14/12/23 23:00:00,A,Y15-74,THS_PER,T,SK,2012,386,
ESTAT:TPS00203(1.0),14/12/23 23:00:00,A,Y15-74,THS_PER,T,SK,2013,394,
ESTAT:TPS00203(1.0),14/12/23 23:00:00,A,Y15-74,THS_PER,T,SK,2014,366,
ESTAT:TPS00203(1.0),14/12/23 23:00:00,A,Y15-74,THS_PER,T,SK,2015,323,
ESTAT:TPS00203(1.0),14/12/23 23:00:00,A,Y15-74,THS_PER,T,SK,2016,274,
ESTAT:TPS00203(1.0),14/12/23 23:00:00,A,Y15-74,THS_PER,T,SK,2017,229,
ESTAT:TPS00203(1.0),14/12/23 23:00:00,A,Y15-74,THS_PER,T,SK,2018,184,
ESTAT:TPS00203(1.0),14/12/23 23:00:00,A,Y15-74,THS_PER,T,SK,2019,161,
ESTAT:TPS00203(1.0),14/12/23 23:00:00,A,Y15-74,THS_PER,T,SK,2020,186,
ESTAT:TPS00203(1.0),14/12/23 23:00:00,A,Y15-74,THS_PER,T,SK,2021,188,
ESTAT:TPS00203(1.0),14/12/23 23:00:00,A,Y15-74,THS_PER,T,SK,2022,170,
ESTAT:TPS00203(1.0),14/12/23 23:00:00,A,Y15-74,THS_PER,T,TR,2011,2324,
ESTAT:TPS00203(1.0),14/12/23 23:00:00,A,Y15-74,THS_PER,T,TR,2012,2202,
ESTAT:TPS00203(1.0),14/12/23 23:00:00,A,Y15-74,THS_PER,T,TR,2013,2442,
ESTAT:TPS00203(1.0),14/12/23 23:00:00,A,Y15-74,THS_PER,T,TR,2014,2843,b
ESTAT:TPS00203(1.0),14/12/23 23:00:00,A,Y15-74,THS_PER,T,TR,2015,3035,
ESTAT:TPS00203(1.0),14/12/23 23:00:00,A,Y15-74,THS_PER,T,TR,2016,3308,
ESTAT:TPS00203(1.0),14/12/23 23:00:00,A,Y15-74,THS_PER,T,TR,2017,3421,
ESTAT:TPS00203(1.0),14/12/23 23:00:00,A,Y15-74,THS_PER,T,TR,2018,3512,
ESTAT:TPS00203(1.0),14/12/23 23:00:00,A,Y15-74,THS_PER,T,TR,2019,4445,
ESTAT:TPS00203(1.0),14/12/23 23:00:00,A,Y15-74,THS_PER,T,TR,2020,4045,
